run_id,scored_at,churn_probability,risk_level,Tenure,SatisfactionScore,Complain
run_20260625_112527,2026-06-25 11:25:27.354880+00:00,0.0068224845,LOW,15.0,3,0
run_20260625_112527,2026-06-25 11:25:27.354880+00:00,0.01705246,LOW,7.0,1,0
run_20260625_112527,2026-06-25 11:25:27.354880+00:00,0.0013340558,LOW,27.0,1,0
run_20260625_112527,2026-06-25 11:25:27.354880+00:00,0.14716104,LOW,20.0,3,0
run_20260625_112527,2026-06-25 11:25:27.354880+00:00,0.006062548,LOW,30.0,4,0
run_20260625_112527,2026-06-25 11:25:27.354880+00:00,0.04719294,LOW,7.0,2,0
run_20260625_112527,2026-06-25 11:25:27.354880+00:00,0.5757859,MEDIUM,1.0,5,0
run_20260625_112527,2026-06-25 11:25:27.354880+00:00,0.9254859,HIGH,1.0,5,0
run_20260625_112527,2026-06-25 11:25:27.354880+00:00,0.01770481,LOW,11.0,3,0
run_20260625_112527,2026-06-25 11:25:27.354880+00:00,0.0140447235,LOW,17.0,1,1
run_20260625_112527,2026-06-25 11:25:27.354880+00:00,0.12300612,LOW,6.0,3,0
run_20260625_112527,2026-06-25 11:25:27.354880+00:00,0.031796813,LOW,16.0,5,0
run_20260625_112527,2026-06-25 11:25:27.354880+00:00,0.9467159,HIGH,1.0,3,0
run_20260625_112527,2026-06-25 11:25:27.354880+00:00,0.99404234,HIGH,1.0,3,0
run_20260625_112527,2026-06-25 11:25:27.354880+00:00,0.018144274,LOW,6.0,5,0
run_20260625_112527,2026-06-25 11:25:27.354880+00:00,0.034323853,LOW,10.0,3,0
run_20260625_112527,2026-06-25 11:25:27.354880+00:00,0.06206829,LOW,,1,1
run_20260625_112527,2026-06-25 11:25:27.354880+00:00,0.93568397,HIGH,8.0,2,0
run_20260625_112527,2026-06-25 11:25:27.354880+00:00,0.015032615,LOW,19.0,1,1
run_20260625_112527,2026-06-25 11:25:27.354880+00:00,0.98801696,HIGH,0.0,4,0
run_20260625_112527,2026-06-25 11:25:27.354880+00:00,0.99421716,HIGH,1.0,5,0
run_20260625_112527,2026-06-25 11:25:27.354880+00:00,0.12984073,LOW,3.0,3,0
run_20260625_112527,2026-06-25 11:25:27.354880+00:00,0.0050423606,LOW,30.0,5,1
run_20260625_112527,2026-06-25 11:25:27.354880+00:00,0.23658219,LOW,5.0,1,0
run_20260625_112527,2026-06-25 11:25:27.354880+00:00,0.021888888,LOW,9.0,4,0
run_20260625_112527,2026-06-25 11:25:27.354880+00:00,0.10273049,LOW,18.0,3,0
run_20260625_112527,2026-06-25 11:25:27.354880+00:00,0.2334218,LOW,16.0,3,0
run_20260625_112527,2026-06-25 11:25:27.354880+00:00,0.9894099,HIGH,0.0,3,1
run_20260625_112527,2026-06-25 11:25:27.354880+00:00,0.9660591,HIGH,7.0,5,0
run_20260625_112527,2026-06-25 11:25:27.354880+00:00,0.98067874,HIGH,1.0,5,0
run_20260625_112527,2026-06-25 11:25:27.354880+00:00,0.04992933,LOW,12.0,1,0
run_20260625_112527,2026-06-25 11:25:27.354880+00:00,0.0005600829,LOW,30.0,4,1
run_20260625_112527,2026-06-25 11:25:27.354880+00:00,0.09206068,LOW,11.0,1,1
run_20260625_112527,2026-06-25 11:25:27.354880+00:00,0.9802249,HIGH,0.0,4,0
run_20260625_112527,2026-06-25 11:25:27.354880+00:00,0.98702776,HIGH,0.0,1,0
run_20260625_112527,2026-06-25 11:25:27.354880+00:00,0.95385087,HIGH,0.0,5,0
run_20260625_112527,2026-06-25 11:25:27.354880+00:00,0.0029854479,LOW,24.0,3,1
run_20260625_112527,2026-06-25 11:25:27.354880+00:00,0.07180022,LOW,,5,0
run_20260625_112527,2026-06-25 11:25:27.354880+00:00,0.17504482,LOW,0.0,5,1
run_20260625_112527,2026-06-25 11:25:27.354880+00:00,0.969329,HIGH,1.0,1,1
run_20260625_112527,2026-06-25 11:25:27.354880+00:00,0.083388366,LOW,4.0,1,1
run_20260625_112527,2026-06-25 11:25:27.354880+00:00,0.15135626,LOW,18.0,3,0
run_20260625_112527,2026-06-25 11:25:27.354880+00:00,0.0024806526,LOW,15.0,5,0
run_20260625_112527,2026-06-25 11:25:27.354880+00:00,0.0030550677,LOW,17.0,5,0
run_20260625_112527,2026-06-25 11:25:27.354880+00:00,0.19895354,LOW,,3,0
run_20260625_112527,2026-06-25 11:25:27.354880+00:00,0.29702052,LOW,4.0,3,0
run_20260625_112527,2026-06-25 11:25:27.354880+00:00,0.07365883,LOW,5.0,1,1
run_20260625_112527,2026-06-25 11:25:27.354880+00:00,0.012050429,LOW,11.0,1,0
run_20260625_112527,2026-06-25 11:25:27.354880+00:00,6.878898e-05,LOW,24.0,5,0
run_20260625_112527,2026-06-25 11:25:27.354880+00:00,0.3667981,LOW,0.0,3,0
run_20260625_112527,2026-06-25 11:25:27.354880+00:00,0.009292095,LOW,3.0,1,0
run_20260625_112527,2026-06-25 11:25:27.354880+00:00,5.0478222e-05,LOW,61.0,1,1
run_20260625_112527,2026-06-25 11:25:27.354880+00:00,0.101474896,LOW,16.0,1,1
run_20260625_112527,2026-06-25 11:25:27.354880+00:00,0.0020999308,LOW,25.0,2,0
run_20260625_112527,2026-06-25 11:25:27.354880+00:00,0.023343159,LOW,9.0,5,0
run_20260625_112527,2026-06-25 11:25:27.354880+00:00,0.014689424,LOW,8.0,1,0
run_20260625_112527,2026-06-25 11:25:27.354880+00:00,0.07093664,LOW,8.0,3,0
run_20260625_112527,2026-06-25 11:25:27.354880+00:00,0.8823918,HIGH,0.0,4,0
run_20260625_112527,2026-06-25 11:25:27.354880+00:00,0.027411014,LOW,17.0,4,0
run_20260625_112527,2026-06-25 11:25:27.354880+00:00,0.011069759,LOW,8.0,1,0
run_20260625_112527,2026-06-25 11:25:27.354880+00:00,0.0064174794,LOW,3.0,1,0
run_20260625_112527,2026-06-25 11:25:27.354880+00:00,0.7109292,HIGH,0.0,3,1
run_20260625_112527,2026-06-25 11:25:27.354880+00:00,0.09370088,LOW,4.0,3,0
run_20260625_112527,2026-06-25 11:25:27.354880+00:00,0.9720968,HIGH,1.0,5,0
run_20260625_112527,2026-06-25 11:25:27.354880+00:00,0.8254377,HIGH,1.0,1,0
run_20260625_112527,2026-06-25 11:25:27.354880+00:00,0.99678123,HIGH,1.0,1,1
run_20260625_112527,2026-06-25 11:25:27.354880+00:00,0.5869593,MEDIUM,0.0,2,0
run_20260625_112527,2026-06-25 11:25:27.354880+00:00,0.5993559,MEDIUM,1.0,3,0
run_20260625_112527,2026-06-25 11:25:27.354880+00:00,0.07898768,LOW,13.0,3,0
run_20260625_112527,2026-06-25 11:25:27.354880+00:00,0.101735786,LOW,5.0,3,0
run_20260625_112527,2026-06-25 11:25:27.354880+00:00,0.9254859,HIGH,1.0,5,0
run_20260625_112527,2026-06-25 11:25:27.354880+00:00,0.52762246,MEDIUM,0.0,3,0
run_20260625_112527,2026-06-25 11:25:27.354880+00:00,0.17589752,LOW,15.0,3,0
run_20260625_112527,2026-06-25 11:25:27.354880+00:00,0.0042555043,LOW,24.0,4,0
run_20260625_112527,2026-06-25 11:25:27.354880+00:00,0.17043583,LOW,8.0,4,0
run_20260625_112527,2026-06-25 11:25:27.354880+00:00,0.053642873,LOW,14.0,4,0
run_20260625_112527,2026-06-25 11:25:27.354880+00:00,0.0019085512,LOW,5.0,1,0
run_20260625_112527,2026-06-25 11:25:27.354880+00:00,0.10786145,LOW,9.0,3,1
run_20260625_112527,2026-06-25 11:25:27.354880+00:00,0.47841275,MEDIUM,1.0,2,0
run_20260625_112527,2026-06-25 11:25:27.354880+00:00,0.12888859,LOW,0.0,4,1
run_20260625_112527,2026-06-25 11:25:27.354880+00:00,0.021639654,LOW,7.0,5,1
run_20260625_112527,2026-06-25 11:25:27.354880+00:00,0.01863211,LOW,6.0,4,0
run_20260625_112527,2026-06-25 11:25:27.354880+00:00,0.96509457,HIGH,1.0,1,1
run_20260625_112527,2026-06-25 11:25:27.354880+00:00,0.12435671,LOW,9.0,2,0
run_20260625_112527,2026-06-25 11:25:27.354880+00:00,0.043842338,LOW,8.0,1,1
run_20260625_112527,2026-06-25 11:25:27.354880+00:00,0.038662523,LOW,,1,0
run_20260625_112527,2026-06-25 11:25:27.354880+00:00,0.015223123,LOW,11.0,4,0
run_20260625_112527,2026-06-25 11:25:27.354880+00:00,0.28899795,LOW,4.0,1,0
run_20260625_112527,2026-06-25 11:25:27.354880+00:00,8.5190055e-05,LOW,25.0,4,0
run_20260625_112527,2026-06-25 11:25:27.354880+00:00,0.15435097,LOW,2.0,4,1
run_20260625_112527,2026-06-25 11:25:27.354880+00:00,0.0002808443,LOW,30.0,2,1
run_20260625_112527,2026-06-25 11:25:27.354880+00:00,0.2988504,LOW,18.0,3,0
run_20260625_112527,2026-06-25 11:25:27.354880+00:00,0.043479063,LOW,19.0,4,0
run_20260625_112527,2026-06-25 11:25:27.354880+00:00,0.10482319,LOW,,1,0
run_20260625_112527,2026-06-25 11:25:27.354880+00:00,0.043613207,LOW,8.0,5,1
run_20260625_112527,2026-06-25 11:25:27.354880+00:00,0.9912578,HIGH,0.0,5,0
run_20260625_112527,2026-06-25 11:25:27.354880+00:00,0.20026067,LOW,8.0,1,1
run_20260625_112527,2026-06-25 11:25:27.354880+00:00,0.031396832,LOW,4.0,5,1
run_20260625_112527,2026-06-25 11:25:27.354880+00:00,0.9646132,HIGH,0.0,3,0
run_20260625_112527,2026-06-25 11:25:27.354880+00:00,0.12528019,LOW,2.0,5,0
run_20260625_112527,2026-06-25 11:25:27.354880+00:00,0.9657408,HIGH,4.0,1,1
run_20260625_112527,2026-06-25 11:25:27.354880+00:00,0.03755549,LOW,19.0,4,0
run_20260625_112527,2026-06-25 11:25:27.354880+00:00,0.95926344,HIGH,19.0,3,0
run_20260625_112527,2026-06-25 11:25:27.354880+00:00,0.03946003,LOW,14.0,1,1
run_20260625_112527,2026-06-25 11:25:27.354880+00:00,0.052342147,LOW,15.0,5,0
run_20260625_112527,2026-06-25 11:25:27.354880+00:00,0.058609836,LOW,5.0,4,0
run_20260625_112527,2026-06-25 11:25:27.354880+00:00,0.20864049,LOW,1.0,5,0
run_20260625_112527,2026-06-25 11:25:27.354880+00:00,0.6958123,MEDIUM,8.0,3,0
run_20260625_112527,2026-06-25 11:25:27.354880+00:00,0.0866988,LOW,21.0,3,0
run_20260625_112527,2026-06-25 11:25:27.354880+00:00,0.99241453,HIGH,1.0,3,1
run_20260625_112527,2026-06-25 11:25:27.354880+00:00,0.0008787045,LOW,24.0,3,0
run_20260625_112527,2026-06-25 11:25:27.354880+00:00,0.021778056,LOW,14.0,1,0
run_20260625_112527,2026-06-25 11:25:27.354880+00:00,0.5105563,MEDIUM,13.0,1,0
run_20260625_112527,2026-06-25 11:25:27.354880+00:00,0.31406704,LOW,0.0,3,1
run_20260625_112527,2026-06-25 11:25:27.354880+00:00,0.046067405,LOW,21.0,3,1
run_20260625_112527,2026-06-25 11:25:27.354880+00:00,0.026843982,LOW,29.0,1,0
run_20260625_112527,2026-06-25 11:25:27.354880+00:00,0.119894505,LOW,7.0,5,0
run_20260625_112527,2026-06-25 11:25:27.354880+00:00,0.05045553,LOW,14.0,5,1
run_20260625_112527,2026-06-25 11:25:27.354880+00:00,0.96083397,HIGH,5.0,1,1
run_20260625_112527,2026-06-25 11:25:27.354880+00:00,0.3079605,LOW,5.0,3,0
run_20260625_112527,2026-06-25 11:25:27.354880+00:00,0.12737697,LOW,2.0,2,0
run_20260625_112527,2026-06-25 11:25:27.354880+00:00,0.02369916,LOW,3.0,2,0
run_20260625_112527,2026-06-25 11:25:27.354880+00:00,0.18488573,LOW,0.0,1,1
run_20260625_112527,2026-06-25 11:25:27.354880+00:00,0.07863784,LOW,11.0,4,0
run_20260625_112527,2026-06-25 11:25:27.354880+00:00,0.095787935,LOW,6.0,3,0
run_20260625_112527,2026-06-25 11:25:27.354880+00:00,0.070719734,LOW,2.0,1,0
run_20260625_112527,2026-06-25 11:25:27.354880+00:00,0.95565027,HIGH,1.0,4,0
run_20260625_112527,2026-06-25 11:25:27.354880+00:00,0.627266,MEDIUM,14.0,3,1
run_20260625_112527,2026-06-25 11:25:27.354880+00:00,0.96509457,HIGH,1.0,1,1
run_20260625_112527,2026-06-25 11:25:27.354880+00:00,0.043751597,LOW,3.0,2,0
run_20260625_112527,2026-06-25 11:25:27.354880+00:00,0.009850117,LOW,26.0,2,0
run_20260625_112527,2026-06-25 11:25:27.354880+00:00,0.9816939,HIGH,1.0,5,1
run_20260625_112527,2026-06-25 11:25:27.354880+00:00,0.09155295,LOW,5.0,1,0
run_20260625_112527,2026-06-25 11:25:27.354880+00:00,0.11213913,LOW,13.0,5,1
run_20260625_112527,2026-06-25 11:25:27.354880+00:00,0.11841516,LOW,4.0,2,1
run_20260625_112527,2026-06-25 11:25:27.354880+00:00,0.9134512,HIGH,0.0,2,0
run_20260625_112527,2026-06-25 11:25:27.354880+00:00,0.99840254,HIGH,1.0,4,1
run_20260625_112527,2026-06-25 11:25:27.354880+00:00,0.0014655621,LOW,30.0,5,0
run_20260625_112527,2026-06-25 11:25:27.354880+00:00,0.99225205,HIGH,0.0,3,1
run_20260625_112527,2026-06-25 11:25:27.354880+00:00,0.99206406,HIGH,,3,1
run_20260625_112527,2026-06-25 11:25:27.354880+00:00,0.5965843,MEDIUM,17.0,2,0
run_20260625_112527,2026-06-25 11:25:27.354880+00:00,0.0012144095,LOW,26.0,5,0
run_20260625_112527,2026-06-25 11:25:27.354880+00:00,0.964299,HIGH,5.0,3,1
run_20260625_112527,2026-06-25 11:25:27.354880+00:00,0.76851803,HIGH,0.0,3,0
run_20260625_112527,2026-06-25 11:25:27.354880+00:00,0.007967568,LOW,19.0,5,0
run_20260625_112527,2026-06-25 11:25:27.354880+00:00,0.084999524,LOW,8.0,5,0
run_20260625_112527,2026-06-25 11:25:27.354880+00:00,0.27865818,LOW,,3,1
run_20260625_112527,2026-06-25 11:25:27.354880+00:00,0.33014256,LOW,,1,0
run_20260625_112527,2026-06-25 11:25:27.354880+00:00,0.99782205,HIGH,1.0,5,1
run_20260625_112527,2026-06-25 11:25:27.354880+00:00,0.16333607,LOW,9.0,2,0
run_20260625_112527,2026-06-25 11:25:27.354880+00:00,0.9170323,HIGH,1.0,3,0
run_20260625_112527,2026-06-25 11:25:27.354880+00:00,0.08280899,LOW,8.0,3,0
run_20260625_112527,2026-06-25 11:25:27.354880+00:00,0.0007883918,LOW,26.0,3,1
run_20260625_112527,2026-06-25 11:25:27.354880+00:00,0.58301973,MEDIUM,2.0,3,0
run_20260625_112527,2026-06-25 11:25:27.354880+00:00,0.11860692,LOW,,3,0
run_20260625_112527,2026-06-25 11:25:27.354880+00:00,0.006376875,LOW,4.0,3,0
run_20260625_112527,2026-06-25 11:25:27.354880+00:00,0.0023211795,LOW,16.0,2,0
run_20260625_112527,2026-06-25 11:25:27.354880+00:00,0.9350119,HIGH,1.0,4,1
run_20260625_112527,2026-06-25 11:25:27.354880+00:00,0.17307635,LOW,9.0,3,1
run_20260625_112527,2026-06-25 11:25:27.354880+00:00,0.003534833,LOW,2.0,1,0
run_20260625_112527,2026-06-25 11:25:27.354880+00:00,0.0104798805,LOW,10.0,4,0
run_20260625_112527,2026-06-25 11:25:27.354880+00:00,0.8075302,HIGH,1.0,3,0
run_20260625_112527,2026-06-25 11:25:27.354880+00:00,0.18341757,LOW,23.0,1,0
run_20260625_112527,2026-06-25 11:25:27.354880+00:00,0.0024763024,LOW,21.0,4,0
run_20260625_112527,2026-06-25 11:25:27.354880+00:00,0.0012935275,LOW,26.0,1,1
run_20260625_112527,2026-06-25 11:25:27.354880+00:00,0.035058845,LOW,11.0,3,0
run_20260625_112527,2026-06-25 11:25:27.354880+00:00,0.019436462,LOW,31.0,1,0
run_20260625_112527,2026-06-25 11:25:27.354880+00:00,0.249874,LOW,14.0,5,1
run_20260625_112527,2026-06-25 11:25:27.354880+00:00,0.0743745,LOW,4.0,5,0
run_20260625_112527,2026-06-25 11:25:27.354880+00:00,0.0047629736,LOW,17.0,5,0
run_20260625_112527,2026-06-25 11:25:27.354880+00:00,0.045241125,LOW,7.0,3,0
run_20260625_112527,2026-06-25 11:25:27.354880+00:00,0.93944436,HIGH,20.0,4,1
run_20260625_112527,2026-06-25 11:25:27.354880+00:00,0.030818596,LOW,8.0,1,1
run_20260625_112527,2026-06-25 11:25:27.354880+00:00,0.9430443,HIGH,1.0,4,0
run_20260625_112527,2026-06-25 11:25:27.354880+00:00,0.9406108,HIGH,17.0,5,1
run_20260625_112527,2026-06-25 11:25:27.354880+00:00,0.00154103,LOW,27.0,3,1
run_20260625_112527,2026-06-25 11:25:27.354880+00:00,0.22937271,LOW,16.0,2,1
run_20260625_112527,2026-06-25 11:25:27.354880+00:00,0.10641428,LOW,16.0,1,0
run_20260625_112527,2026-06-25 11:25:27.354880+00:00,0.3357106,LOW,,3,0
run_20260625_112527,2026-06-25 11:25:27.354880+00:00,0.078826435,LOW,10.0,3,0
run_20260625_112527,2026-06-25 11:25:27.354880+00:00,0.09964976,LOW,10.0,1,0
run_20260625_112527,2026-06-25 11:25:27.354880+00:00,0.030012947,LOW,3.0,5,0
run_20260625_112527,2026-06-25 11:25:27.354880+00:00,0.23898144,LOW,0.0,3,0
run_20260625_112527,2026-06-25 11:25:27.354880+00:00,0.011842213,LOW,12.0,5,0
run_20260625_112527,2026-06-25 11:25:27.354880+00:00,0.030887762,LOW,6.0,1,0
run_20260625_112527,2026-06-25 11:25:27.354880+00:00,0.017507663,LOW,11.0,5,0
run_20260625_112527,2026-06-25 11:25:27.354880+00:00,0.028131189,LOW,6.0,4,0
run_20260625_112527,2026-06-25 11:25:27.354880+00:00,0.010926001,LOW,4.0,5,0
run_20260625_112527,2026-06-25 11:25:27.354880+00:00,0.08656301,LOW,17.0,1,0
run_20260625_112527,2026-06-25 11:25:27.354880+00:00,0.93456,HIGH,7.0,2,0
run_20260625_112527,2026-06-25 11:25:27.354880+00:00,0.05899544,LOW,8.0,5,0
run_20260625_112527,2026-06-25 11:25:27.354880+00:00,0.030094344,LOW,15.0,3,1
run_20260625_112527,2026-06-25 11:25:27.354880+00:00,0.0010616356,LOW,31.0,2,1
run_20260625_112527,2026-06-25 11:25:27.354880+00:00,0.07438122,LOW,16.0,4,0
run_20260625_112527,2026-06-25 11:25:27.354880+00:00,0.10273049,LOW,18.0,3,0
run_20260625_112527,2026-06-25 11:25:27.354880+00:00,0.7191459,HIGH,3.0,1,0
run_20260625_112527,2026-06-25 11:25:27.354880+00:00,0.01534411,LOW,11.0,5,0
run_20260625_112527,2026-06-25 11:25:27.354880+00:00,0.6538654,MEDIUM,0.0,3,0
run_20260625_112527,2026-06-25 11:25:27.354880+00:00,0.15839306,LOW,20.0,1,0
run_20260625_112527,2026-06-25 11:25:27.354880+00:00,0.31015372,LOW,11.0,3,1
run_20260625_112527,2026-06-25 11:25:27.354880+00:00,0.9961153,HIGH,0.0,5,1
run_20260625_112527,2026-06-25 11:25:27.354880+00:00,0.017042546,LOW,10.0,1,0
run_20260625_112527,2026-06-25 11:25:27.354880+00:00,0.93398327,HIGH,1.0,3,0
run_20260625_112527,2026-06-25 11:25:27.354880+00:00,0.11011942,LOW,9.0,5,1
run_20260625_112527,2026-06-25 11:25:27.354880+00:00,0.29240853,LOW,1.0,1,1
run_20260625_112527,2026-06-25 11:25:27.354880+00:00,0.00799719,LOW,9.0,1,0
run_20260625_112527,2026-06-25 11:25:27.354880+00:00,0.29956403,LOW,2.0,4,0
run_20260625_112527,2026-06-25 11:25:27.354880+00:00,0.0020908446,LOW,30.0,5,1
run_20260625_112527,2026-06-25 11:25:27.354880+00:00,0.08224984,LOW,12.0,4,0
run_20260625_112527,2026-06-25 11:25:27.354880+00:00,0.16216163,LOW,8.0,3,1
run_20260625_112527,2026-06-25 11:25:27.354880+00:00,9.145457e-05,LOW,22.0,5,0
run_20260625_112527,2026-06-25 11:25:27.354880+00:00,0.0652203,LOW,8.0,3,0
run_20260625_112527,2026-06-25 11:25:27.354880+00:00,0.004629984,LOW,20.0,3,0
run_20260625_112527,2026-06-25 11:25:27.354880+00:00,0.062612295,LOW,,3,0
run_20260625_112527,2026-06-25 11:25:27.354880+00:00,0.050930344,LOW,20.0,4,0
run_20260625_112527,2026-06-25 11:25:27.354880+00:00,0.60427094,MEDIUM,0.0,2,1
run_20260625_112527,2026-06-25 11:25:27.354880+00:00,0.0027098337,LOW,28.0,3,0
run_20260625_112527,2026-06-25 11:25:27.354880+00:00,3.3879376e-05,LOW,22.0,1,0
run_20260625_112527,2026-06-25 11:25:27.354880+00:00,0.009921864,LOW,16.0,3,0
run_20260625_112527,2026-06-25 11:25:27.354880+00:00,0.022904636,LOW,7.0,1,0
run_20260625_112527,2026-06-25 11:25:27.354880+00:00,0.9927366,HIGH,1.0,3,0
run_20260625_112527,2026-06-25 11:25:27.354880+00:00,0.9228956,HIGH,,3,1
run_20260625_112527,2026-06-25 11:25:27.354880+00:00,0.27019817,LOW,,4,1
run_20260625_112527,2026-06-25 11:25:27.354880+00:00,0.04325028,LOW,4.0,5,0
run_20260625_112527,2026-06-25 11:25:27.354880+00:00,0.0014852309,LOW,25.0,3,0
run_20260625_112527,2026-06-25 11:25:27.354880+00:00,0.049649995,LOW,14.0,5,0
run_20260625_112527,2026-06-25 11:25:27.354880+00:00,0.2761355,LOW,4.0,4,0
run_20260625_112527,2026-06-25 11:25:27.354880+00:00,0.0012845999,LOW,18.0,3,0
run_20260625_112527,2026-06-25 11:25:27.354880+00:00,0.33358982,LOW,10.0,1,0
run_20260625_112527,2026-06-25 11:25:27.354880+00:00,0.031627543,LOW,18.0,4,0
run_20260625_112527,2026-06-25 11:25:27.354880+00:00,0.10227548,LOW,11.0,4,1
run_20260625_112527,2026-06-25 11:25:27.354880+00:00,0.039512966,LOW,8.0,4,0
run_20260625_112527,2026-06-25 11:25:27.354880+00:00,0.006134887,LOW,22.0,5,1
run_20260625_112527,2026-06-25 11:25:27.354880+00:00,0.09720081,LOW,4.0,5,0
run_20260625_112527,2026-06-25 11:25:27.354880+00:00,0.43911952,MEDIUM,0.0,2,1
run_20260625_112527,2026-06-25 11:25:27.354880+00:00,0.0010269153,LOW,18.0,5,0
run_20260625_112527,2026-06-25 11:25:27.354880+00:00,0.024426278,LOW,13.0,3,0
run_20260625_112527,2026-06-25 11:25:27.354880+00:00,0.00018506475,LOW,31.0,3,1
run_20260625_112527,2026-06-25 11:25:27.354880+00:00,0.7910876,HIGH,0.0,3,0
run_20260625_112527,2026-06-25 11:25:27.354880+00:00,0.9541743,HIGH,1.0,5,0
run_20260625_112527,2026-06-25 11:25:27.354880+00:00,0.99511504,HIGH,1.0,4,1
run_20260625_112527,2026-06-25 11:25:27.354880+00:00,0.26598918,LOW,20.0,4,0
run_20260625_112527,2026-06-25 11:25:27.354880+00:00,0.011110732,LOW,4.0,1,1
run_20260625_112527,2026-06-25 11:25:27.354880+00:00,0.24939036,LOW,1.0,5,0
run_20260625_112527,2026-06-25 11:25:27.354880+00:00,0.029170303,LOW,8.0,4,1
run_20260625_112527,2026-06-25 11:25:27.354880+00:00,0.025697276,LOW,13.0,3,0
run_20260625_112527,2026-06-25 11:25:27.354880+00:00,0.4926262,MEDIUM,1.0,4,0
run_20260625_112527,2026-06-25 11:25:27.354880+00:00,0.00075142947,LOW,25.0,3,0
run_20260625_112527,2026-06-25 11:25:27.354880+00:00,0.11768437,LOW,19.0,3,0
run_20260625_112527,2026-06-25 11:25:27.354880+00:00,0.008481898,LOW,24.0,1,0
run_20260625_112527,2026-06-25 11:25:27.354880+00:00,0.9817618,HIGH,0.0,5,1
run_20260625_112527,2026-06-25 11:25:27.354880+00:00,0.020613642,LOW,15.0,4,0
run_20260625_112527,2026-06-25 11:25:27.354880+00:00,0.017024087,LOW,7.0,3,1
run_20260625_112527,2026-06-25 11:25:27.354880+00:00,0.007967568,LOW,19.0,5,0
run_20260625_112527,2026-06-25 11:25:27.354880+00:00,0.022294702,LOW,11.0,5,0
run_20260625_112527,2026-06-25 11:25:27.354880+00:00,4.2669355e-05,LOW,24.0,3,0
run_20260625_112527,2026-06-25 11:25:27.354880+00:00,0.00088253524,LOW,29.0,4,0
run_20260625_112527,2026-06-25 11:25:27.354880+00:00,0.14909762,LOW,15.0,5,0
run_20260625_112527,2026-06-25 11:25:27.354880+00:00,0.13716362,LOW,15.0,3,1
run_20260625_112527,2026-06-25 11:25:27.354880+00:00,0.0029198856,LOW,4.0,1,0
run_20260625_112527,2026-06-25 11:25:27.354880+00:00,0.15194589,LOW,,3,0
run_20260625_112527,2026-06-25 11:25:27.354880+00:00,0.9878043,HIGH,0.0,1,0
run_20260625_112527,2026-06-25 11:25:27.354880+00:00,0.0066408454,LOW,7.0,1,0
run_20260625_112527,2026-06-25 11:25:27.354880+00:00,0.0777892,LOW,2.0,3,0
run_20260625_112527,2026-06-25 11:25:27.354880+00:00,0.19696678,LOW,9.0,5,0
run_20260625_112527,2026-06-25 11:25:27.354880+00:00,0.05133616,LOW,4.0,3,0
run_20260625_112527,2026-06-25 11:25:27.354880+00:00,0.027994525,LOW,10.0,1,0
run_20260625_112527,2026-06-25 11:25:27.354880+00:00,0.5666799,MEDIUM,,3,0
run_20260625_112527,2026-06-25 11:25:27.354880+00:00,0.1690311,LOW,7.0,3,0
run_20260625_112527,2026-06-25 11:25:27.354880+00:00,0.99863005,HIGH,1.0,4,1
run_20260625_112527,2026-06-25 11:25:27.354880+00:00,0.9703264,HIGH,0.0,1,1
run_20260625_112527,2026-06-25 11:25:27.354880+00:00,0.006344402,LOW,19.0,4,0
run_20260625_112527,2026-06-25 11:25:27.354880+00:00,0.0020952069,LOW,16.0,1,1
run_20260625_112527,2026-06-25 11:25:27.354880+00:00,0.02142725,LOW,4.0,5,0
run_20260625_112527,2026-06-25 11:25:27.354880+00:00,0.040324785,LOW,16.0,3,0
run_20260625_112527,2026-06-25 11:25:27.354880+00:00,0.88453704,HIGH,0.0,5,0
run_20260625_112527,2026-06-25 11:25:27.354880+00:00,0.008874383,LOW,31.0,5,0
run_20260625_112527,2026-06-25 11:25:27.354880+00:00,3.3904456e-05,LOW,30.0,1,1
run_20260625_112527,2026-06-25 11:25:27.354880+00:00,0.0006936011,LOW,15.0,5,0
run_20260625_112527,2026-06-25 11:25:27.354880+00:00,0.0454983,LOW,6.0,3,1
run_20260625_112527,2026-06-25 11:25:27.354880+00:00,0.12482349,LOW,6.0,2,0
run_20260625_112527,2026-06-25 11:25:27.354880+00:00,0.0006340116,LOW,30.0,5,0
run_20260625_112527,2026-06-25 11:25:27.354880+00:00,0.030786114,LOW,6.0,3,0
run_20260625_112527,2026-06-25 11:25:27.354880+00:00,0.32590818,LOW,5.0,3,0
run_20260625_112527,2026-06-25 11:25:27.354880+00:00,0.23526414,LOW,1.0,2,0
run_20260625_112527,2026-06-25 11:25:27.354880+00:00,0.05613538,LOW,7.0,1,0
run_20260625_112527,2026-06-25 11:25:27.354880+00:00,0.9914432,HIGH,,3,1
run_20260625_112527,2026-06-25 11:25:27.354880+00:00,0.29584017,LOW,1.0,1,1
run_20260625_112527,2026-06-25 11:25:27.354880+00:00,0.041640066,LOW,2.0,5,0
run_20260625_112527,2026-06-25 11:25:27.354880+00:00,0.040324785,LOW,16.0,3,0
run_20260625_112527,2026-06-25 11:25:27.354880+00:00,0.2296399,LOW,16.0,4,0
run_20260625_112527,2026-06-25 11:25:27.354880+00:00,0.0010813536,LOW,19.0,5,0
run_20260625_112527,2026-06-25 11:25:27.354880+00:00,0.17294629,LOW,16.0,4,1
run_20260625_112527,2026-06-25 11:25:27.354880+00:00,0.030241713,LOW,11.0,2,1
run_20260625_112527,2026-06-25 11:25:27.354880+00:00,0.00562659,LOW,10.0,1,1
run_20260625_112527,2026-06-25 11:25:27.354880+00:00,0.17068061,LOW,15.0,3,0
run_20260625_112527,2026-06-25 11:25:27.354880+00:00,0.17407878,LOW,14.0,4,0
run_20260625_112527,2026-06-25 11:25:27.354880+00:00,0.9926058,HIGH,1.0,5,0
run_20260625_112527,2026-06-25 11:25:27.354880+00:00,0.000390156,LOW,23.0,3,0
run_20260625_112527,2026-06-25 11:25:27.354880+00:00,0.0048096385,LOW,13.0,4,0
run_20260625_112527,2026-06-25 11:25:27.354880+00:00,0.9776029,HIGH,0.0,4,1
run_20260625_112527,2026-06-25 11:25:27.354880+00:00,0.14062272,LOW,19.0,3,0
run_20260625_112527,2026-06-25 11:25:27.354880+00:00,0.06689233,LOW,8.0,1,0
run_20260625_112527,2026-06-25 11:25:27.354880+00:00,0.0010371524,LOW,25.0,5,0
run_20260625_112527,2026-06-25 11:25:27.354880+00:00,0.2903463,LOW,10.0,2,0
run_20260625_112527,2026-06-25 11:25:27.354880+00:00,0.9845414,HIGH,1.0,4,0
run_20260625_112527,2026-06-25 11:25:27.354880+00:00,0.267895,LOW,19.0,3,0
run_20260625_112527,2026-06-25 11:25:27.354880+00:00,0.25064442,LOW,6.0,3,0
run_20260625_112527,2026-06-25 11:25:27.354880+00:00,0.13817215,LOW,1.0,5,0
run_20260625_112527,2026-06-25 11:25:27.354880+00:00,0.24993749,LOW,16.0,3,0
run_20260625_112527,2026-06-25 11:25:27.354880+00:00,0.2965207,LOW,9.0,3,1
run_20260625_112527,2026-06-25 11:25:27.354880+00:00,0.9935741,HIGH,1.0,2,1
run_20260625_112527,2026-06-25 11:25:27.354880+00:00,0.074920356,LOW,7.0,2,0
run_20260625_112527,2026-06-25 11:25:27.354880+00:00,0.16779064,LOW,1.0,3,0
run_20260625_112527,2026-06-25 11:25:27.354880+00:00,0.2910331,LOW,8.0,3,1
run_20260625_112527,2026-06-25 11:25:27.354880+00:00,0.16447788,LOW,,1,0
run_20260625_112527,2026-06-25 11:25:27.354880+00:00,0.9034421,HIGH,17.0,1,0
run_20260625_112527,2026-06-25 11:25:27.354880+00:00,0.25206804,LOW,,3,0
run_20260625_112527,2026-06-25 11:25:27.354880+00:00,0.07340976,LOW,7.0,1,0
run_20260625_112527,2026-06-25 11:25:27.354880+00:00,0.021187995,LOW,16.0,1,0
run_20260625_112527,2026-06-25 11:25:27.354880+00:00,0.04350377,LOW,3.0,3,0
run_20260625_112527,2026-06-25 11:25:27.354880+00:00,0.02386207,LOW,11.0,1,1
run_20260625_112527,2026-06-25 11:25:27.354880+00:00,0.39821276,LOW,11.0,5,0
run_20260625_112527,2026-06-25 11:25:27.354880+00:00,0.017950332,LOW,13.0,5,1
run_20260625_112527,2026-06-25 11:25:27.354880+00:00,0.0056181634,LOW,17.0,3,0
run_20260625_112527,2026-06-25 11:25:27.354880+00:00,0.014730192,LOW,11.0,1,1
run_20260625_112527,2026-06-25 11:25:27.354880+00:00,0.33763707,LOW,7.0,3,1
run_20260625_112527,2026-06-25 11:25:27.354880+00:00,0.0814738,LOW,6.0,4,0
run_20260625_112527,2026-06-25 11:25:27.354880+00:00,0.049680546,LOW,11.0,3,0
run_20260625_112527,2026-06-25 11:25:27.354880+00:00,0.13215694,LOW,15.0,5,1
run_20260625_112527,2026-06-25 11:25:27.354880+00:00,0.8158028,HIGH,13.0,5,0
run_20260625_112527,2026-06-25 11:25:27.354880+00:00,0.03277528,LOW,6.0,4,0
run_20260625_112527,2026-06-25 11:25:27.354880+00:00,0.01234858,LOW,7.0,1,0
run_20260625_112527,2026-06-25 11:25:27.354880+00:00,0.9858884,HIGH,0.0,3,1
run_20260625_112527,2026-06-25 11:25:27.354880+00:00,0.09757835,LOW,16.0,2,0
run_20260625_112527,2026-06-25 11:25:27.354880+00:00,0.041369643,LOW,5.0,1,1
run_20260625_112527,2026-06-25 11:25:27.354880+00:00,0.028921384,LOW,19.0,1,1
run_20260625_112527,2026-06-25 11:25:27.354880+00:00,0.11860692,LOW,,3,0
run_20260625_112527,2026-06-25 11:25:27.354880+00:00,0.6329167,MEDIUM,0.0,5,0
run_20260625_112527,2026-06-25 11:25:27.354880+00:00,0.9487619,HIGH,20.0,1,0
run_20260625_112527,2026-06-25 11:25:27.354880+00:00,0.016801512,LOW,8.0,4,0
run_20260625_112527,2026-06-25 11:25:27.354880+00:00,0.047580708,LOW,12.0,1,0
run_20260625_112527,2026-06-25 11:25:27.354880+00:00,0.49468377,MEDIUM,1.0,3,0
run_20260625_112527,2026-06-25 11:25:27.354880+00:00,0.036625046,LOW,4.0,5,0
run_20260625_112527,2026-06-25 11:25:27.354880+00:00,0.06568385,LOW,9.0,5,0
run_20260625_112527,2026-06-25 11:25:27.354880+00:00,0.13091317,LOW,12.0,4,0
run_20260625_112527,2026-06-25 11:25:27.354880+00:00,0.017263936,LOW,25.0,2,0
run_20260625_112527,2026-06-25 11:25:27.354880+00:00,0.101237945,LOW,6.0,1,0
run_20260625_112527,2026-06-25 11:25:27.354880+00:00,0.00047104276,LOW,21.0,1,1
run_20260625_112527,2026-06-25 11:25:27.354880+00:00,0.012635796,LOW,7.0,1,1
run_20260625_112527,2026-06-25 11:25:27.354880+00:00,0.82392883,HIGH,,3,0
run_20260625_112527,2026-06-25 11:25:27.354880+00:00,0.012449325,LOW,7.0,3,0
run_20260625_112527,2026-06-25 11:25:27.354880+00:00,0.12612695,LOW,3.0,3,0
run_20260625_112527,2026-06-25 11:25:27.354880+00:00,0.9389006,HIGH,0.0,5,0
run_20260625_112527,2026-06-25 11:25:27.354880+00:00,0.97070044,HIGH,1.0,5,1
run_20260625_112527,2026-06-25 11:25:27.354880+00:00,0.0030661034,LOW,13.0,4,0
run_20260625_112527,2026-06-25 11:25:27.354880+00:00,0.33209965,LOW,0.0,4,0
run_20260625_112527,2026-06-25 11:25:27.354880+00:00,0.6340649,MEDIUM,,4,0
run_20260625_112527,2026-06-25 11:25:27.354880+00:00,0.09414569,LOW,17.0,3,0
run_20260625_112527,2026-06-25 11:25:27.354880+00:00,0.084999524,LOW,8.0,5,0
run_20260625_112527,2026-06-25 11:25:27.354880+00:00,0.98976105,HIGH,0.0,3,0
run_20260625_112527,2026-06-25 11:25:27.354880+00:00,0.033235993,LOW,14.0,1,1
run_20260625_112527,2026-06-25 11:25:27.354880+00:00,0.9925889,HIGH,1.0,3,0
run_20260625_112527,2026-06-25 11:25:27.354880+00:00,0.9710079,HIGH,9.0,4,1
run_20260625_112527,2026-06-25 11:25:27.354880+00:00,0.98708653,HIGH,0.0,5,0
run_20260625_112527,2026-06-25 11:25:27.354880+00:00,0.10116771,LOW,20.0,4,0
run_20260625_112527,2026-06-25 11:25:27.354880+00:00,0.013557162,LOW,17.0,1,1
run_20260625_112527,2026-06-25 11:25:27.354880+00:00,0.09539532,LOW,17.0,3,0
run_20260625_112527,2026-06-25 11:25:27.354880+00:00,0.9975795,HIGH,1.0,3,0
run_20260625_112527,2026-06-25 11:25:27.354880+00:00,0.94445133,HIGH,16.0,4,1
run_20260625_112527,2026-06-25 11:25:27.354880+00:00,0.9885824,HIGH,0.0,2,0
run_20260625_112527,2026-06-25 11:25:27.354880+00:00,0.94306475,HIGH,1.0,3,0
run_20260625_112527,2026-06-25 11:25:27.354880+00:00,0.3615287,LOW,0.0,4,0
run_20260625_112527,2026-06-25 11:25:27.354880+00:00,0.13157453,LOW,20.0,2,0
run_20260625_112527,2026-06-25 11:25:27.354880+00:00,0.002759506,LOW,21.0,5,0
run_20260625_112527,2026-06-25 11:25:27.354880+00:00,0.00028563637,LOW,29.0,3,1
run_20260625_112527,2026-06-25 11:25:27.354880+00:00,0.00058935286,LOW,23.0,5,0
run_20260625_112527,2026-06-25 11:25:27.354880+00:00,0.047119502,LOW,13.0,3,0
run_20260625_112527,2026-06-25 11:25:27.354880+00:00,0.14293095,LOW,6.0,3,0
run_20260625_112527,2026-06-25 11:25:27.354880+00:00,0.9385483,HIGH,4.0,5,1
run_20260625_112527,2026-06-25 11:25:27.354880+00:00,0.49042776,MEDIUM,,4,0
run_20260625_112527,2026-06-25 11:25:27.354880+00:00,0.07171105,LOW,5.0,5,0
run_20260625_112527,2026-06-25 11:25:27.354880+00:00,0.5982619,MEDIUM,6.0,3,0
run_20260625_112527,2026-06-25 11:25:27.354880+00:00,0.06533557,LOW,3.0,4,1
run_20260625_112527,2026-06-25 11:25:27.354880+00:00,0.040818505,LOW,5.0,3,0
run_20260625_112527,2026-06-25 11:25:27.354880+00:00,0.56480354,MEDIUM,1.0,3,0
run_20260625_112527,2026-06-25 11:25:27.354880+00:00,0.058644023,LOW,11.0,5,1
run_20260625_112527,2026-06-25 11:25:27.354880+00:00,0.19499347,LOW,10.0,4,1
run_20260625_112527,2026-06-25 11:25:27.354880+00:00,0.0014081736,LOW,27.0,1,0
run_20260625_112527,2026-06-25 11:25:27.354880+00:00,0.103868954,LOW,11.0,4,0
run_20260625_112527,2026-06-25 11:25:27.354880+00:00,0.9101725,HIGH,1.0,5,0
run_20260625_112527,2026-06-25 11:25:27.354880+00:00,0.0024396647,LOW,27.0,1,0
run_20260625_112527,2026-06-25 11:25:27.354880+00:00,0.0048982953,LOW,5.0,1,0
run_20260625_112527,2026-06-25 11:25:27.354880+00:00,0.03346056,LOW,17.0,3,0
run_20260625_112527,2026-06-25 11:25:27.354880+00:00,0.00020977885,LOW,28.0,4,1
run_20260625_112527,2026-06-25 11:25:27.354880+00:00,0.018065833,LOW,6.0,1,0
run_20260625_112527,2026-06-25 11:25:27.354880+00:00,0.8969912,HIGH,1.0,4,0
run_20260625_112527,2026-06-25 11:25:27.354880+00:00,0.06282821,LOW,3.0,5,0
run_20260625_112527,2026-06-25 11:25:27.354880+00:00,0.16603193,LOW,,3,0
run_20260625_112527,2026-06-25 11:25:27.354880+00:00,0.0008962132,LOW,16.0,2,1
run_20260625_112527,2026-06-25 11:25:27.354880+00:00,0.21381418,LOW,14.0,3,0
run_20260625_112527,2026-06-25 11:25:27.354880+00:00,0.022640806,LOW,13.0,5,0
run_20260625_112527,2026-06-25 11:25:27.354880+00:00,0.03172097,LOW,9.0,3,0
run_20260625_112527,2026-06-25 11:25:27.354880+00:00,0.21746987,LOW,17.0,3,1
run_20260625_112527,2026-06-25 11:25:27.354880+00:00,0.00056027353,LOW,16.0,1,1
run_20260625_112527,2026-06-25 11:25:27.354880+00:00,0.017238019,LOW,19.0,3,0
run_20260625_112527,2026-06-25 11:25:27.354880+00:00,0.06433412,LOW,16.0,2,0
run_20260625_112527,2026-06-25 11:25:27.354880+00:00,0.264397,LOW,6.0,3,0
run_20260625_112527,2026-06-25 11:25:27.354880+00:00,0.09276837,LOW,14.0,4,1
run_20260625_112527,2026-06-25 11:25:27.354880+00:00,0.13610822,LOW,8.0,1,0
run_20260625_112527,2026-06-25 11:25:27.354880+00:00,0.80269814,HIGH,9.0,1,0
run_20260625_112527,2026-06-25 11:25:27.354880+00:00,0.010308919,LOW,18.0,5,0
run_20260625_112527,2026-06-25 11:25:27.354880+00:00,0.04153296,LOW,0.0,1,0
run_20260625_112527,2026-06-25 11:25:27.354880+00:00,0.020864392,LOW,,3,0
run_20260625_112527,2026-06-25 11:25:27.354880+00:00,0.43414024,MEDIUM,,1,0
run_20260625_112527,2026-06-25 11:25:27.354880+00:00,0.40040928,MEDIUM,3.0,4,0
run_20260625_112527,2026-06-25 11:25:27.354880+00:00,0.16930875,LOW,4.0,3,0
run_20260625_112527,2026-06-25 11:25:27.354880+00:00,0.0027079554,LOW,11.0,3,0
run_20260625_112527,2026-06-25 11:25:27.354880+00:00,0.99222916,HIGH,1.0,3,1
run_20260625_112527,2026-06-25 11:25:27.354880+00:00,0.9506322,HIGH,16.0,5,1
run_20260625_112527,2026-06-25 11:25:27.354880+00:00,0.0019652038,LOW,7.0,1,0
run_20260625_112527,2026-06-25 11:25:27.354880+00:00,0.10941182,LOW,5.0,1,1
run_20260625_112527,2026-06-25 11:25:27.354880+00:00,0.94469905,HIGH,1.0,3,1
run_20260625_112527,2026-06-25 11:25:27.354880+00:00,0.21857543,LOW,4.0,3,0
run_20260625_112527,2026-06-25 11:25:27.354880+00:00,0.14909762,LOW,15.0,5,0
run_20260625_112527,2026-06-25 11:25:27.354880+00:00,0.86955047,HIGH,,4,0
run_20260625_112527,2026-06-25 11:25:27.354880+00:00,0.11553273,LOW,8.0,3,1
run_20260625_112527,2026-06-25 11:25:27.354880+00:00,0.9963348,HIGH,0.0,5,1
run_20260625_112527,2026-06-25 11:25:27.354880+00:00,0.12528019,LOW,2.0,5,0
run_20260625_112527,2026-06-25 11:25:27.354880+00:00,0.022441844,LOW,5.0,3,0
run_20260625_112527,2026-06-25 11:25:27.354880+00:00,0.98032707,HIGH,0.0,3,0
run_20260625_112527,2026-06-25 11:25:27.354880+00:00,0.9539449,HIGH,1.0,5,0
run_20260625_112527,2026-06-25 11:25:27.354880+00:00,0.47118974,MEDIUM,11.0,4,0
run_20260625_112527,2026-06-25 11:25:27.354880+00:00,0.03204118,LOW,2.0,3,0
run_20260625_112527,2026-06-25 11:25:27.354880+00:00,0.06974487,LOW,11.0,3,1
run_20260625_112527,2026-06-25 11:25:27.354880+00:00,0.0089599285,LOW,11.0,1,1
run_20260625_112527,2026-06-25 11:25:27.354880+00:00,0.13618557,LOW,15.0,3,1
run_20260625_112527,2026-06-25 11:25:27.354880+00:00,0.030568847,LOW,4.0,2,0
run_20260625_112527,2026-06-25 11:25:27.354880+00:00,0.004569869,LOW,19.0,4,0
run_20260625_112527,2026-06-25 11:25:27.354880+00:00,0.93088406,HIGH,0.0,3,0
run_20260625_112527,2026-06-25 11:25:27.354880+00:00,0.009261772,LOW,10.0,3,0
run_20260625_112527,2026-06-25 11:25:27.354880+00:00,0.08260641,LOW,3.0,3,0
run_20260625_112527,2026-06-25 11:25:27.354880+00:00,0.13683107,LOW,7.0,1,1
run_20260625_112527,2026-06-25 11:25:27.354880+00:00,0.026986886,LOW,21.0,3,0
run_20260625_112527,2026-06-25 11:25:27.354880+00:00,0.0029467216,LOW,19.0,3,0
run_20260625_112527,2026-06-25 11:25:27.354880+00:00,0.0031074393,LOW,4.0,1,0
run_20260625_112527,2026-06-25 11:25:27.354880+00:00,0.07681348,LOW,21.0,4,0
run_20260625_112527,2026-06-25 11:25:27.354880+00:00,0.973381,HIGH,1.0,5,0
run_20260625_112527,2026-06-25 11:25:27.354880+00:00,0.010078867,LOW,19.0,3,0
run_20260625_112527,2026-06-25 11:25:27.354880+00:00,0.00013803963,LOW,51.0,3,0
run_20260625_112527,2026-06-25 11:25:27.354880+00:00,0.0012072329,LOW,13.0,4,0
run_20260625_112527,2026-06-25 11:25:27.354880+00:00,0.036604468,LOW,8.0,2,0
run_20260625_112527,2026-06-25 11:25:27.354880+00:00,0.025379566,LOW,12.0,1,0
run_20260625_112527,2026-06-25 11:25:27.354880+00:00,0.12996091,LOW,15.0,4,0
run_20260625_112527,2026-06-25 11:25:27.354880+00:00,0.9586358,HIGH,1.0,3,0
run_20260625_112527,2026-06-25 11:25:27.354880+00:00,0.8263134,HIGH,0.0,1,0
run_20260625_112527,2026-06-25 11:25:27.354880+00:00,0.1087125,LOW,8.0,4,0
run_20260625_112527,2026-06-25 11:25:27.354880+00:00,0.0008134864,LOW,22.0,4,0
run_20260625_112527,2026-06-25 11:25:27.354880+00:00,0.5993559,MEDIUM,1.0,3,0
run_20260625_112527,2026-06-25 11:25:27.354880+00:00,0.009988205,LOW,9.0,3,0
run_20260625_112527,2026-06-25 11:25:27.354880+00:00,0.08481295,LOW,3.0,1,0
run_20260625_112527,2026-06-25 11:25:27.354880+00:00,0.9478641,HIGH,12.0,2,0
run_20260625_112527,2026-06-25 11:25:27.354880+00:00,0.6448106,MEDIUM,19.0,3,1
run_20260625_112527,2026-06-25 11:25:27.354880+00:00,0.03212641,LOW,19.0,3,0
run_20260625_112527,2026-06-25 11:25:27.354880+00:00,0.00010356179,LOW,26.0,3,0
run_20260625_112527,2026-06-25 11:25:27.354880+00:00,0.1295366,LOW,20.0,4,1
run_20260625_112527,2026-06-25 11:25:27.354880+00:00,0.2976931,LOW,9.0,3,0
run_20260625_112527,2026-06-25 11:25:27.354880+00:00,0.025697276,LOW,13.0,3,0
run_20260625_112527,2026-06-25 11:25:27.354880+00:00,0.045287028,LOW,17.0,3,0
run_20260625_112527,2026-06-25 11:25:27.354880+00:00,0.88768554,HIGH,8.0,3,1
run_20260625_112527,2026-06-25 11:25:27.354880+00:00,0.9733829,HIGH,7.0,4,1
run_20260625_112527,2026-06-25 11:25:27.354880+00:00,0.7600322,HIGH,1.0,1,0
run_20260625_112527,2026-06-25 11:25:27.354880+00:00,0.0045880587,LOW,12.0,3,0
run_20260625_112527,2026-06-25 11:25:27.354880+00:00,0.19080217,LOW,9.0,4,0
run_20260625_112527,2026-06-25 11:25:27.354880+00:00,0.3963843,LOW,2.0,3,0
run_20260625_112527,2026-06-25 11:25:27.354880+00:00,0.25817063,LOW,4.0,4,0
run_20260625_112527,2026-06-25 11:25:27.354880+00:00,8.821262e-05,LOW,29.0,1,0
run_20260625_112527,2026-06-25 11:25:27.354880+00:00,0.96505797,HIGH,1.0,3,1
run_20260625_112527,2026-06-25 11:25:27.354880+00:00,0.06824887,LOW,20.0,4,0
run_20260625_112527,2026-06-25 11:25:27.354880+00:00,0.9926058,HIGH,1.0,5,0
run_20260625_112527,2026-06-25 11:25:27.354880+00:00,0.0012889109,LOW,10.0,1,0
run_20260625_112527,2026-06-25 11:25:27.354880+00:00,0.38771856,LOW,1.0,4,1
run_20260625_112527,2026-06-25 11:25:27.354880+00:00,0.22816718,LOW,9.0,4,0
run_20260625_112527,2026-06-25 11:25:27.354880+00:00,0.06795315,LOW,4.0,5,0
run_20260625_112527,2026-06-25 11:25:27.354880+00:00,0.04380759,LOW,4.0,3,0
run_20260625_112527,2026-06-25 11:25:27.354880+00:00,0.0033542775,LOW,10.0,3,0
run_20260625_112527,2026-06-25 11:25:27.354880+00:00,0.0011835605,LOW,13.0,5,0
run_20260625_112527,2026-06-25 11:25:27.354880+00:00,0.9988992,HIGH,1.0,5,1
run_20260625_112527,2026-06-25 11:25:27.354880+00:00,0.06569738,LOW,8.0,4,0
run_20260625_112527,2026-06-25 11:25:27.354880+00:00,0.030336935,LOW,11.0,3,0
run_20260625_112527,2026-06-25 11:25:27.354880+00:00,0.676558,MEDIUM,1.0,2,0
run_20260625_112527,2026-06-25 11:25:27.354880+00:00,0.015314765,LOW,15.0,1,0
run_20260625_112527,2026-06-25 11:25:27.354880+00:00,0.0012072881,LOW,24.0,3,0
run_20260625_112527,2026-06-25 11:25:27.354880+00:00,0.0037941204,LOW,30.0,5,0
run_20260625_112527,2026-06-25 11:25:27.354880+00:00,0.17210546,LOW,1.0,3,0
run_20260625_112527,2026-06-25 11:25:27.354880+00:00,0.78910893,HIGH,1.0,5,0
run_20260625_112527,2026-06-25 11:25:27.354880+00:00,0.015084,LOW,20.0,3,0
run_20260625_112527,2026-06-25 11:25:27.354880+00:00,0.9899011,HIGH,0.0,1,1
run_20260625_112527,2026-06-25 11:25:27.354880+00:00,0.9912232,HIGH,1.0,4,1
run_20260625_112527,2026-06-25 11:25:27.354880+00:00,0.03257944,LOW,6.0,1,1
run_20260625_112527,2026-06-25 11:25:27.354880+00:00,0.013058549,LOW,17.0,3,1
run_20260625_112527,2026-06-25 11:25:27.354880+00:00,0.04274862,LOW,7.0,1,0
run_20260625_112527,2026-06-25 11:25:27.354880+00:00,0.0056181634,LOW,17.0,3,0
run_20260625_112527,2026-06-25 11:25:27.354880+00:00,0.02351998,LOW,13.0,1,0
run_20260625_112527,2026-06-25 11:25:27.354880+00:00,0.30185023,LOW,5.0,5,0
run_20260625_112527,2026-06-25 11:25:27.354880+00:00,0.97554135,HIGH,0.0,1,0
run_20260625_112527,2026-06-25 11:25:27.354880+00:00,0.11410792,LOW,16.0,5,0
run_20260625_112527,2026-06-25 11:25:27.354880+00:00,0.973381,HIGH,1.0,5,0
run_20260625_112527,2026-06-25 11:25:27.354880+00:00,0.022671867,LOW,17.0,3,0
run_20260625_112527,2026-06-25 11:25:27.354880+00:00,0.007387651,LOW,9.0,1,0
run_20260625_112527,2026-06-25 11:25:27.354880+00:00,0.24724023,LOW,14.0,4,1
run_20260625_112527,2026-06-25 11:25:27.354880+00:00,0.02142725,LOW,4.0,5,0
run_20260625_112527,2026-06-25 11:25:27.354880+00:00,0.058298115,LOW,9.0,4,0
run_20260625_112527,2026-06-25 11:25:27.354880+00:00,0.03682522,LOW,8.0,3,0
run_20260625_112527,2026-06-25 11:25:27.354880+00:00,0.03456328,LOW,7.0,1,0
run_20260625_112527,2026-06-25 11:25:27.354880+00:00,0.952698,HIGH,1.0,5,0
run_20260625_112527,2026-06-25 11:25:27.354880+00:00,0.026142206,LOW,19.0,5,0
run_20260625_112527,2026-06-25 11:25:27.354880+00:00,0.97449195,HIGH,1.0,1,1
run_20260625_112527,2026-06-25 11:25:27.354880+00:00,0.8580991,HIGH,8.0,5,0
run_20260625_112527,2026-06-25 11:25:27.354880+00:00,0.09544345,LOW,6.0,4,0
run_20260625_112527,2026-06-25 11:25:27.354880+00:00,0.03880823,LOW,13.0,3,0
run_20260625_112527,2026-06-25 11:25:27.354880+00:00,0.0012427577,LOW,13.0,3,0
run_20260625_112527,2026-06-25 11:25:27.354880+00:00,0.17058326,LOW,12.0,3,0
run_20260625_112527,2026-06-25 11:25:27.354880+00:00,0.053670168,LOW,10.0,4,0
run_20260625_112527,2026-06-25 11:25:27.354880+00:00,0.6510605,MEDIUM,1.0,3,0
run_20260625_112527,2026-06-25 11:25:27.354880+00:00,0.3653213,LOW,4.0,3,0
run_20260625_112527,2026-06-25 11:25:27.354880+00:00,0.17807917,LOW,8.0,4,0
run_20260625_112527,2026-06-25 11:25:27.354880+00:00,0.104088955,LOW,6.0,4,0
run_20260625_112527,2026-06-25 11:25:27.354880+00:00,0.12181439,LOW,5.0,5,0
run_20260625_112527,2026-06-25 11:25:27.354880+00:00,0.036081463,LOW,17.0,1,0
run_20260625_112527,2026-06-25 11:25:27.354880+00:00,0.0018981763,LOW,22.0,3,0
run_20260625_112527,2026-06-25 11:25:27.354880+00:00,0.017459245,LOW,8.0,2,0
run_20260625_112527,2026-06-25 11:25:27.354880+00:00,0.8371636,HIGH,7.0,3,1
run_20260625_112527,2026-06-25 11:25:27.354880+00:00,0.10267699,LOW,21.0,1,0
run_20260625_112527,2026-06-25 11:25:27.354880+00:00,0.9756056,HIGH,0.0,5,0
run_20260625_112527,2026-06-25 11:25:27.354880+00:00,0.32197323,LOW,0.0,3,0
run_20260625_112527,2026-06-25 11:25:27.354880+00:00,0.49409077,MEDIUM,0.0,3,0
run_20260625_112527,2026-06-25 11:25:27.354880+00:00,0.009737875,LOW,16.0,3,0
run_20260625_112527,2026-06-25 11:25:27.354880+00:00,0.19457732,LOW,13.0,3,0
run_20260625_112527,2026-06-25 11:25:27.354880+00:00,0.9703488,HIGH,,5,1
run_20260625_112527,2026-06-25 11:25:27.354880+00:00,0.0048428765,LOW,19.0,4,0
run_20260625_112527,2026-06-25 11:25:27.354880+00:00,0.05049869,LOW,12.0,2,0
run_20260625_112527,2026-06-25 11:25:27.354880+00:00,0.12350143,LOW,1.0,2,0
run_20260625_112527,2026-06-25 11:25:27.354880+00:00,0.007768843,LOW,24.0,4,1
run_20260625_112527,2026-06-25 11:25:27.354880+00:00,0.031627543,LOW,18.0,4,0
run_20260625_112527,2026-06-25 11:25:27.354880+00:00,0.043376204,LOW,18.0,2,1
run_20260625_112527,2026-06-25 11:25:27.354880+00:00,0.99342805,HIGH,,3,1
run_20260625_112527,2026-06-25 11:25:27.354880+00:00,0.09167517,LOW,16.0,2,0
run_20260625_112527,2026-06-25 11:25:27.354880+00:00,0.1347524,LOW,5.0,1,0
run_20260625_112527,2026-06-25 11:25:27.354880+00:00,0.011782977,LOW,9.0,1,0
run_20260625_112527,2026-06-25 11:25:27.354880+00:00,0.08465715,LOW,10.0,4,1
run_20260625_112527,2026-06-25 11:25:27.354880+00:00,0.8750572,HIGH,0.0,3,0
run_20260625_112527,2026-06-25 11:25:27.354880+00:00,0.19452316,LOW,20.0,3,0
run_20260625_112527,2026-06-25 11:25:27.354880+00:00,0.13329923,LOW,3.0,4,0
run_20260625_112527,2026-06-25 11:25:27.354880+00:00,0.13267216,LOW,3.0,3,0
run_20260625_112527,2026-06-25 11:25:27.354880+00:00,0.14708897,LOW,16.0,3,0
run_20260625_112527,2026-06-25 11:25:27.354880+00:00,0.18742108,LOW,9.0,4,0
run_20260625_112527,2026-06-25 11:25:27.354880+00:00,0.9742066,HIGH,11.0,4,1
run_20260625_112527,2026-06-25 11:25:27.354880+00:00,0.011305068,LOW,16.0,5,0
run_20260625_112527,2026-06-25 11:25:27.354880+00:00,0.8638119,HIGH,1.0,4,0
run_20260625_112527,2026-06-25 11:25:27.354880+00:00,0.5134571,MEDIUM,1.0,5,0
run_20260625_112527,2026-06-25 11:25:27.354880+00:00,0.08147112,LOW,15.0,3,1
run_20260625_112527,2026-06-25 11:25:27.354880+00:00,0.077373,LOW,5.0,4,0
run_20260625_112527,2026-06-25 11:25:27.354880+00:00,0.0008134864,LOW,22.0,4,0
run_20260625_112527,2026-06-25 11:25:27.354880+00:00,0.73210156,HIGH,1.0,3,1
run_20260625_112527,2026-06-25 11:25:27.354880+00:00,0.020456435,LOW,8.0,5,0
run_20260625_112527,2026-06-25 11:25:27.354880+00:00,0.3321582,LOW,1.0,1,0
run_20260625_112527,2026-06-25 11:25:27.354880+00:00,0.97500235,HIGH,1.0,4,0
run_20260625_112527,2026-06-25 11:25:27.354880+00:00,0.9932807,HIGH,1.0,3,1
run_20260625_112527,2026-06-25 11:25:27.354880+00:00,0.0011507664,LOW,22.0,5,0
run_20260625_112527,2026-06-25 11:25:27.354880+00:00,0.41760147,MEDIUM,1.0,3,0
run_20260625_112527,2026-06-25 11:25:27.354880+00:00,0.43522835,MEDIUM,11.0,4,0
run_20260625_112527,2026-06-25 11:25:27.354880+00:00,0.99511504,HIGH,1.0,4,1
run_20260625_112527,2026-06-25 11:25:27.354880+00:00,0.025010852,LOW,9.0,2,0
run_20260625_112527,2026-06-25 11:25:27.354880+00:00,0.117854185,LOW,10.0,3,1
run_20260625_112527,2026-06-25 11:25:27.354880+00:00,0.9776029,HIGH,0.0,4,1
run_20260625_112527,2026-06-25 11:25:27.354880+00:00,0.9874206,HIGH,0.0,4,0
run_20260625_112527,2026-06-25 11:25:27.354880+00:00,0.06402304,LOW,5.0,5,0
run_20260625_112527,2026-06-25 11:25:27.354880+00:00,0.99400324,HIGH,1.0,5,0
run_20260625_112527,2026-06-25 11:25:27.354880+00:00,0.0041609854,LOW,10.0,1,0
run_20260625_112527,2026-06-25 11:25:27.354880+00:00,0.24322079,LOW,,5,0
run_20260625_112527,2026-06-25 11:25:27.354880+00:00,0.2483387,LOW,13.0,3,0
run_20260625_112527,2026-06-25 11:25:27.354880+00:00,0.32255527,LOW,5.0,1,1
run_20260625_112527,2026-06-25 11:25:27.354880+00:00,0.005219195,LOW,31.0,5,1
run_20260625_112527,2026-06-25 11:25:27.354880+00:00,0.015050014,LOW,13.0,3,0
run_20260625_112527,2026-06-25 11:25:27.354880+00:00,0.9738176,HIGH,1.0,3,0
run_20260625_112527,2026-06-25 11:25:27.354880+00:00,0.99614054,HIGH,0.0,1,1
run_20260625_112527,2026-06-25 11:25:27.354880+00:00,0.69015193,MEDIUM,8.0,3,0
run_20260625_112527,2026-06-25 11:25:27.354880+00:00,0.9951815,HIGH,1.0,3,1
run_20260625_112527,2026-06-25 11:25:27.354880+00:00,0.10533549,LOW,15.0,4,0
run_20260625_112527,2026-06-25 11:25:27.354880+00:00,0.02492731,LOW,18.0,5,1
run_20260625_112527,2026-06-25 11:25:27.354880+00:00,0.013195884,LOW,13.0,3,0
run_20260625_112527,2026-06-25 11:25:27.354880+00:00,0.00077971374,LOW,23.0,2,0
run_20260625_112527,2026-06-25 11:25:27.354880+00:00,0.0060300715,LOW,6.0,4,1
run_20260625_112527,2026-06-25 11:25:27.354880+00:00,0.0167798,LOW,16.0,1,0
run_20260625_112527,2026-06-25 11:25:27.354880+00:00,0.08808508,LOW,5.0,3,0
run_20260625_112527,2026-06-25 11:25:27.354880+00:00,0.9764959,HIGH,1.0,5,0
run_20260625_112527,2026-06-25 11:25:27.354880+00:00,0.00274166,LOW,11.0,5,1
run_20260625_112527,2026-06-25 11:25:27.354880+00:00,0.0034087724,LOW,23.0,3,0
run_20260625_112527,2026-06-25 11:25:27.354880+00:00,0.758657,HIGH,1.0,3,0
run_20260625_112527,2026-06-25 11:25:27.354880+00:00,0.072514586,LOW,4.0,1,0
run_20260625_112527,2026-06-25 11:25:27.354880+00:00,0.25081232,LOW,,4,0
run_20260625_112527,2026-06-25 11:25:27.354880+00:00,0.007614412,LOW,26.0,1,0
run_20260625_112527,2026-06-25 11:25:27.354880+00:00,0.3306325,LOW,10.0,1,0
run_20260625_112527,2026-06-25 11:25:27.354880+00:00,0.08273662,LOW,3.0,3,0
run_20260625_112527,2026-06-25 11:25:27.354880+00:00,0.000162735,LOW,30.0,3,1
run_20260625_112527,2026-06-25 11:25:27.354880+00:00,0.9433408,HIGH,0.0,4,0
run_20260625_112527,2026-06-25 11:25:27.354880+00:00,0.026420888,LOW,16.0,1,0
run_20260625_112527,2026-06-25 11:25:27.354880+00:00,0.016632587,LOW,6.0,2,0
run_20260625_112527,2026-06-25 11:25:27.354880+00:00,0.18232574,LOW,13.0,4,1
run_20260625_112527,2026-06-25 11:25:27.354880+00:00,0.029989654,LOW,,1,0
run_20260625_112527,2026-06-25 11:25:27.354880+00:00,0.009505536,LOW,31.0,2,0
run_20260625_112527,2026-06-25 11:25:27.354880+00:00,0.6840893,MEDIUM,1.0,5,0
run_20260625_112527,2026-06-25 11:25:27.354880+00:00,0.22847937,LOW,11.0,2,0
run_20260625_112527,2026-06-25 11:25:27.354880+00:00,0.044583954,LOW,16.0,4,0
run_20260625_112527,2026-06-25 11:25:27.354880+00:00,0.00015611762,LOW,25.0,5,0
run_20260625_112527,2026-06-25 11:25:27.354880+00:00,0.07652817,LOW,8.0,1,0
run_20260625_112527,2026-06-25 11:25:27.354880+00:00,0.14062452,LOW,4.0,2,0
run_20260625_112527,2026-06-25 11:25:27.354880+00:00,0.014666286,LOW,2.0,1,0
run_20260625_112527,2026-06-25 11:25:27.354880+00:00,0.013714281,LOW,24.0,2,0
run_20260625_112527,2026-06-25 11:25:27.354880+00:00,0.8864607,HIGH,8.0,3,1
run_20260625_112527,2026-06-25 11:25:27.354880+00:00,0.03258518,LOW,14.0,2,0
run_20260625_112527,2026-06-25 11:25:27.354880+00:00,0.0044890153,LOW,22.0,4,0
run_20260625_112527,2026-06-25 11:25:27.354880+00:00,0.114099525,LOW,12.0,4,0
run_20260625_112527,2026-06-25 11:25:27.354880+00:00,0.01173373,LOW,10.0,1,0
run_20260625_112527,2026-06-25 11:25:27.354880+00:00,0.11683233,LOW,4.0,2,0
run_20260625_112527,2026-06-25 11:25:27.354880+00:00,0.07679273,LOW,10.0,3,0
run_20260625_112527,2026-06-25 11:25:27.354880+00:00,0.6302067,MEDIUM,10.0,1,1
run_20260625_112527,2026-06-25 11:25:27.354880+00:00,0.94517696,HIGH,0.0,5,0
run_20260625_112527,2026-06-25 11:25:27.354880+00:00,0.039640855,LOW,2.0,5,0
run_20260625_112527,2026-06-25 11:25:27.354880+00:00,0.06647463,LOW,11.0,1,0
run_20260625_112527,2026-06-25 11:25:27.354880+00:00,0.027905067,LOW,21.0,3,0
run_20260625_112527,2026-06-25 11:25:27.354880+00:00,0.25781184,LOW,3.0,3,1
run_20260625_112527,2026-06-25 11:25:27.354880+00:00,0.00015430024,LOW,22.0,3,1
run_20260625_112527,2026-06-25 11:25:27.354880+00:00,0.92860067,HIGH,1.0,5,0
run_20260625_112527,2026-06-25 11:25:27.354880+00:00,0.1659102,LOW,11.0,2,0
run_20260625_112527,2026-06-25 11:25:27.354880+00:00,0.7788089,HIGH,0.0,3,0
run_20260625_112527,2026-06-25 11:25:27.354880+00:00,0.14926708,LOW,8.0,2,0
run_20260625_112527,2026-06-25 11:25:27.354880+00:00,0.0014852309,LOW,25.0,3,0
run_20260625_112527,2026-06-25 11:25:27.354880+00:00,0.0063614873,LOW,15.0,3,0
run_20260625_112527,2026-06-25 11:25:27.354880+00:00,0.91376257,HIGH,0.0,3,1
run_20260625_112527,2026-06-25 11:25:27.354880+00:00,0.0010432821,LOW,18.0,3,0
run_20260625_112527,2026-06-25 11:25:27.354880+00:00,0.011396055,LOW,13.0,1,0
run_20260625_112527,2026-06-25 11:25:27.354880+00:00,0.00014951499,LOW,24.0,3,0
run_20260625_112527,2026-06-25 11:25:27.354880+00:00,0.1038672,LOW,9.0,4,1
run_20260625_112527,2026-06-25 11:25:27.354880+00:00,0.07925367,LOW,12.0,2,0
run_20260625_112527,2026-06-25 11:25:27.354880+00:00,0.27395502,LOW,5.0,4,0
run_20260625_112527,2026-06-25 11:25:27.354880+00:00,0.7913051,HIGH,0.0,3,0
run_20260625_112527,2026-06-25 11:25:27.354880+00:00,0.89679193,HIGH,0.0,3,1
run_20260625_112527,2026-06-25 11:25:27.354880+00:00,0.06898794,LOW,12.0,5,0
run_20260625_112527,2026-06-25 11:25:27.354880+00:00,0.2519061,LOW,0.0,3,0
run_20260625_112527,2026-06-25 11:25:27.354880+00:00,0.00608147,LOW,9.0,5,0
run_20260625_112527,2026-06-25 11:25:27.354880+00:00,0.9975795,HIGH,1.0,3,0
run_20260625_112527,2026-06-25 11:25:27.354880+00:00,0.023104966,LOW,9.0,3,0
run_20260625_112527,2026-06-25 11:25:27.354880+00:00,0.045287028,LOW,17.0,3,0
run_20260625_112527,2026-06-25 11:25:27.354880+00:00,0.9717361,HIGH,2.0,2,0
run_20260625_112527,2026-06-25 11:25:27.354880+00:00,0.023021527,LOW,5.0,5,0
run_20260625_112527,2026-06-25 11:25:27.354880+00:00,0.0058413115,LOW,11.0,1,0
run_20260625_112527,2026-06-25 11:25:27.354880+00:00,0.16403125,LOW,5.0,1,0
run_20260625_112527,2026-06-25 11:25:27.354880+00:00,0.01800288,LOW,19.0,1,0
run_20260625_112527,2026-06-25 11:25:27.354880+00:00,0.99191344,HIGH,0.0,3,1
run_20260625_112527,2026-06-25 11:25:27.354880+00:00,0.008905595,LOW,3.0,3,0
run_20260625_112527,2026-06-25 11:25:27.354880+00:00,0.05241015,LOW,7.0,1,1
run_20260625_112527,2026-06-25 11:25:27.354880+00:00,0.024461754,LOW,6.0,5,0
run_20260625_112527,2026-06-25 11:25:27.354880+00:00,0.009595068,LOW,15.0,2,0
run_20260625_112527,2026-06-25 11:25:27.354880+00:00,0.014250229,LOW,11.0,5,0
run_20260625_112527,2026-06-25 11:25:27.354880+00:00,0.0062901615,LOW,6.0,1,1
run_20260625_112527,2026-06-25 11:25:27.354880+00:00,0.98705727,HIGH,0.0,5,0
run_20260625_112527,2026-06-25 11:25:27.354880+00:00,0.0051385993,LOW,14.0,4,0
run_20260625_112527,2026-06-25 11:25:27.354880+00:00,0.00049589574,LOW,23.0,5,1
run_20260625_112527,2026-06-25 11:25:27.354880+00:00,0.00058783847,LOW,27.0,1,0
run_20260625_112527,2026-06-25 11:25:27.354880+00:00,0.96285814,HIGH,5.0,3,1
run_20260625_112527,2026-06-25 11:25:27.354880+00:00,0.26672238,LOW,13.0,2,0
run_20260625_112527,2026-06-25 11:25:27.354880+00:00,0.0034311363,LOW,18.0,4,0
run_20260625_112527,2026-06-25 11:25:27.354880+00:00,0.20254335,LOW,1.0,5,0
run_20260625_112527,2026-06-25 11:25:27.354880+00:00,0.26349393,LOW,8.0,3,1
run_20260625_112527,2026-06-25 11:25:27.354880+00:00,0.0717487,LOW,15.0,4,0
run_20260625_112527,2026-06-25 11:25:27.354880+00:00,0.14104472,LOW,15.0,3,0
run_20260625_112527,2026-06-25 11:25:27.354880+00:00,0.99790525,HIGH,0.0,5,1
run_20260625_112527,2026-06-25 11:25:27.354880+00:00,0.058644023,LOW,11.0,5,1
run_20260625_112527,2026-06-25 11:25:27.354880+00:00,0.05133616,LOW,4.0,3,0
run_20260625_112527,2026-06-25 11:25:27.354880+00:00,0.13858075,LOW,3.0,2,0
run_20260625_112527,2026-06-25 11:25:27.354880+00:00,0.07172933,LOW,10.0,5,0
run_20260625_112527,2026-06-25 11:25:27.354880+00:00,0.9761904,HIGH,1.0,4,0
run_20260625_112527,2026-06-25 11:25:27.354880+00:00,0.00017042174,LOW,28.0,4,0
run_20260625_112527,2026-06-25 11:25:27.354880+00:00,0.0058758156,LOW,3.0,3,0
run_20260625_112527,2026-06-25 11:25:27.354880+00:00,0.22095999,LOW,,3,0
run_20260625_112527,2026-06-25 11:25:27.354880+00:00,0.01705461,LOW,2.0,1,0
run_20260625_112527,2026-06-25 11:25:27.354880+00:00,0.35099792,LOW,14.0,2,0
run_20260625_112527,2026-06-25 11:25:27.354880+00:00,0.0019781976,LOW,8.0,3,0
run_20260625_112527,2026-06-25 11:25:27.354880+00:00,0.042537533,LOW,10.0,1,0
run_20260625_112527,2026-06-25 11:25:27.354880+00:00,0.00011664741,LOW,31.0,1,1
run_20260625_112527,2026-06-25 11:25:27.354880+00:00,0.4563961,MEDIUM,1.0,2,0
run_20260625_112527,2026-06-25 11:25:27.354880+00:00,0.078826435,LOW,10.0,3,0
run_20260625_112527,2026-06-25 11:25:27.354880+00:00,0.046269737,LOW,8.0,3,0
run_20260625_112527,2026-06-25 11:25:27.354880+00:00,0.097055934,LOW,10.0,3,1
run_20260625_112527,2026-06-25 11:25:27.354880+00:00,0.0116823185,LOW,14.0,4,0
run_20260625_112527,2026-06-25 11:25:27.354880+00:00,0.08619898,LOW,4.0,5,0
run_20260625_112527,2026-06-25 11:25:27.354880+00:00,0.13256323,LOW,2.0,4,1
run_20260625_112527,2026-06-25 11:25:27.354880+00:00,0.21613118,LOW,4.0,5,1
run_20260625_112527,2026-06-25 11:25:27.354880+00:00,0.69844365,MEDIUM,0.0,1,0
run_20260625_112527,2026-06-25 11:25:27.354880+00:00,0.15045376,LOW,3.0,5,0
run_20260625_112527,2026-06-25 11:25:27.354880+00:00,0.04610549,LOW,9.0,1,0
run_20260625_112527,2026-06-25 11:25:27.354880+00:00,0.9977296,HIGH,0.0,2,1
run_20260625_112527,2026-06-25 11:25:27.354880+00:00,0.03172824,LOW,10.0,3,0
run_20260625_112527,2026-06-25 11:25:27.354880+00:00,0.95168346,HIGH,,5,1
run_20260625_112527,2026-06-25 11:25:27.354880+00:00,0.00302954,LOW,24.0,4,1
run_20260625_112527,2026-06-25 11:25:27.354880+00:00,0.29111376,LOW,8.0,4,0
run_20260625_112527,2026-06-25 11:25:27.354880+00:00,0.9432324,HIGH,,3,0
run_20260625_112527,2026-06-25 11:25:27.354880+00:00,0.9968682,HIGH,1.0,3,1
run_20260625_112527,2026-06-25 11:25:27.354880+00:00,0.38994145,LOW,0.0,1,1
run_20260625_112527,2026-06-25 11:25:27.354880+00:00,0.009606675,LOW,24.0,2,0
run_20260625_112527,2026-06-25 11:25:27.354880+00:00,0.45274365,MEDIUM,6.0,4,0
run_20260625_112527,2026-06-25 11:25:27.354880+00:00,0.050689977,LOW,9.0,2,0
run_20260625_112527,2026-06-25 11:25:27.354880+00:00,0.0036533996,LOW,8.0,1,0
run_20260625_112527,2026-06-25 11:25:27.354880+00:00,0.016609589,LOW,7.0,3,0
run_20260625_112527,2026-06-25 11:25:27.354880+00:00,0.587383,MEDIUM,8.0,5,0
run_20260625_112527,2026-06-25 11:25:27.354880+00:00,0.030156698,LOW,4.0,5,1
run_20260625_112527,2026-06-25 11:25:27.354880+00:00,0.0029635543,LOW,10.0,3,0
run_20260625_112527,2026-06-25 11:25:27.354880+00:00,0.00045184247,LOW,23.0,1,1
run_20260625_112527,2026-06-25 11:25:27.354880+00:00,0.010695519,LOW,17.0,1,1
run_20260625_112527,2026-06-25 11:25:27.354880+00:00,0.050494187,LOW,6.0,4,1
run_20260625_112527,2026-06-25 11:25:27.354880+00:00,0.060536712,LOW,5.0,1,0
run_20260625_112527,2026-06-25 11:25:27.354880+00:00,0.9323344,HIGH,1.0,1,1
run_20260625_112527,2026-06-25 11:25:27.354880+00:00,0.03212641,LOW,19.0,3,0
run_20260625_112527,2026-06-25 11:25:27.354880+00:00,0.03292126,LOW,9.0,5,0
run_20260625_112527,2026-06-25 11:25:27.354880+00:00,0.055034943,LOW,,1,0
run_20260625_112527,2026-06-25 11:25:27.354880+00:00,0.012736437,LOW,12.0,1,1
run_20260625_112527,2026-06-25 11:25:27.354880+00:00,0.84792084,HIGH,1.0,2,1
run_20260625_112527,2026-06-25 11:25:27.354880+00:00,0.0029635543,LOW,10.0,3,0
run_20260625_112527,2026-06-25 11:25:27.354880+00:00,0.0017866018,LOW,12.0,5,0
run_20260625_112527,2026-06-25 11:25:27.354880+00:00,0.9979074,HIGH,0.0,2,1
run_20260625_112527,2026-06-25 11:25:27.354880+00:00,0.0020205257,LOW,24.0,4,0
run_20260625_112527,2026-06-25 11:25:27.354880+00:00,0.98067874,HIGH,1.0,5,0
run_20260625_112527,2026-06-25 11:25:27.354880+00:00,0.0991202,LOW,8.0,2,1
run_20260625_112527,2026-06-25 11:25:27.354880+00:00,0.30151215,LOW,10.0,4,1
run_20260625_112527,2026-06-25 11:25:27.354880+00:00,0.98691314,HIGH,0.0,5,1
run_20260625_112527,2026-06-25 11:25:27.354880+00:00,0.013792802,LOW,16.0,4,0
run_20260625_112527,2026-06-25 11:25:27.354880+00:00,0.038936466,LOW,4.0,3,0
run_20260625_112527,2026-06-25 11:25:27.354880+00:00,6.115074e-05,LOW,25.0,5,0
run_20260625_112527,2026-06-25 11:25:27.354880+00:00,0.9817618,HIGH,0.0,5,1
run_20260625_112527,2026-06-25 11:25:27.354880+00:00,0.010502388,LOW,12.0,1,1
run_20260625_112527,2026-06-25 11:25:27.354880+00:00,0.908514,HIGH,,4,1
run_20260625_112527,2026-06-25 11:25:27.354880+00:00,0.5265783,MEDIUM,7.0,5,1
run_20260625_112527,2026-06-25 11:25:27.354880+00:00,0.023145067,LOW,2.0,1,1
run_20260625_112527,2026-06-25 11:25:27.354880+00:00,0.070752256,LOW,9.0,2,0
run_20260625_112527,2026-06-25 11:25:27.354880+00:00,0.003512139,LOW,23.0,1,0
run_20260625_112527,2026-06-25 11:25:27.354880+00:00,0.92499465,HIGH,1.0,1,0
run_20260625_112527,2026-06-25 11:25:27.354880+00:00,0.45327616,MEDIUM,0.0,1,0
run_20260625_112527,2026-06-25 11:25:27.354880+00:00,0.5137755,MEDIUM,1.0,5,1
run_20260625_112527,2026-06-25 11:25:27.354880+00:00,0.7107234,HIGH,1.0,4,0
run_20260625_112527,2026-06-25 11:25:27.354880+00:00,0.029782241,LOW,1.0,4,1
run_20260625_112527,2026-06-25 11:25:27.354880+00:00,0.00509021,LOW,8.0,5,0
run_20260625_112527,2026-06-25 11:25:27.354880+00:00,0.13018811,LOW,13.0,5,0
run_20260625_112527,2026-06-25 11:25:27.354880+00:00,0.99290586,HIGH,0.0,3,0
run_20260625_112527,2026-06-25 11:25:27.354880+00:00,8.277565e-05,LOW,22.0,3,0
run_20260625_112527,2026-06-25 11:25:27.354880+00:00,0.41586035,MEDIUM,17.0,5,0
run_20260625_112527,2026-06-25 11:25:27.354880+00:00,0.9718105,HIGH,0.0,3,1
run_20260625_112527,2026-06-25 11:25:27.354880+00:00,0.98348975,HIGH,0.0,5,0
run_20260625_112527,2026-06-25 11:25:27.354880+00:00,0.34417993,LOW,21.0,5,0
run_20260625_112527,2026-06-25 11:25:27.354880+00:00,0.002666901,LOW,27.0,3,0
run_20260625_112527,2026-06-25 11:25:27.354880+00:00,0.9605083,HIGH,4.0,3,0
run_20260625_112527,2026-06-25 11:25:27.354880+00:00,0.35258546,LOW,0.0,4,0
run_20260625_112527,2026-06-25 11:25:27.354880+00:00,0.02841009,LOW,10.0,3,0
run_20260625_112527,2026-06-25 11:25:27.354880+00:00,0.0092136,LOW,10.0,2,1
run_20260625_112527,2026-06-25 11:25:27.354880+00:00,0.010087553,LOW,20.0,3,1
run_20260625_112527,2026-06-25 11:25:27.354880+00:00,0.041365128,LOW,11.0,3,1
run_20260625_112527,2026-06-25 11:25:27.354880+00:00,0.051239364,LOW,0.0,3,0
run_20260625_112527,2026-06-25 11:25:27.354880+00:00,0.9073565,HIGH,,1,1
run_20260625_112527,2026-06-25 11:25:27.354880+00:00,0.4619139,MEDIUM,1.0,4,0
run_20260625_112527,2026-06-25 11:25:27.354880+00:00,0.99568224,HIGH,,4,1
run_20260625_112527,2026-06-25 11:25:27.354880+00:00,0.01800288,LOW,19.0,1,0
run_20260625_112527,2026-06-25 11:25:27.354880+00:00,0.22320676,LOW,1.0,1,0
run_20260625_112527,2026-06-25 11:25:27.354880+00:00,0.32220653,LOW,9.0,3,1
run_20260625_112527,2026-06-25 11:25:27.354880+00:00,0.9870008,HIGH,0.0,3,0
run_20260625_112527,2026-06-25 11:25:27.354880+00:00,0.1788943,LOW,7.0,3,0
run_20260625_112527,2026-06-25 11:25:27.354880+00:00,0.06969237,LOW,10.0,4,0
run_20260625_112527,2026-06-25 11:25:27.354880+00:00,0.022452347,LOW,24.0,3,1
run_20260625_112527,2026-06-25 11:25:27.354880+00:00,0.9951815,HIGH,1.0,3,1
run_20260625_112527,2026-06-25 11:25:27.354880+00:00,0.44400117,MEDIUM,1.0,4,1
run_20260625_112527,2026-06-25 11:25:27.354880+00:00,0.0017916928,LOW,5.0,5,0
run_20260625_112527,2026-06-25 11:25:27.354880+00:00,0.38028777,LOW,9.0,3,0
run_20260625_112527,2026-06-25 11:25:27.354880+00:00,0.9890421,HIGH,1.0,3,1
run_20260625_112527,2026-06-25 11:25:27.354880+00:00,0.017353648,LOW,21.0,1,0
run_20260625_112527,2026-06-25 11:25:27.354880+00:00,0.33434084,LOW,21.0,4,1
run_20260625_112527,2026-06-25 11:25:27.354880+00:00,0.041688703,LOW,21.0,3,0
run_20260625_112527,2026-06-25 11:25:27.354880+00:00,0.0072037494,LOW,9.0,5,1
run_20260625_112527,2026-06-25 11:25:27.354880+00:00,0.41124916,MEDIUM,1.0,5,0
run_20260625_112527,2026-06-25 11:25:27.354880+00:00,0.04191326,LOW,10.0,1,0
run_20260625_112527,2026-06-25 11:25:27.354880+00:00,0.9551431,HIGH,0.0,5,0
run_20260625_112527,2026-06-25 11:25:27.354880+00:00,0.98976105,HIGH,0.0,3,0
run_20260625_112527,2026-06-25 11:25:27.354880+00:00,0.022095328,LOW,11.0,2,0
run_20260625_112527,2026-06-25 11:25:27.354880+00:00,0.018266164,LOW,8.0,5,0
run_20260625_112527,2026-06-25 11:25:27.354880+00:00,0.00072283193,LOW,27.0,3,1
run_20260625_112527,2026-06-25 11:25:27.354880+00:00,0.10501295,LOW,16.0,5,0
run_20260625_112527,2026-06-25 11:25:27.354880+00:00,0.0039007545,LOW,6.0,1,0
run_20260625_112527,2026-06-25 11:25:27.354880+00:00,0.09577617,LOW,11.0,3,0
run_20260625_112527,2026-06-25 11:25:27.354880+00:00,0.99709177,HIGH,0.0,5,1
run_20260625_112527,2026-06-25 11:25:27.354880+00:00,0.0058758156,LOW,3.0,3,0
run_20260625_112527,2026-06-25 11:25:27.354880+00:00,0.05107762,LOW,,3,0
run_20260625_112527,2026-06-25 11:25:27.354880+00:00,0.01558013,LOW,15.0,5,1
run_20260625_112527,2026-06-25 11:25:27.354880+00:00,0.031682868,LOW,12.0,3,0
run_20260625_112527,2026-06-25 11:25:27.354880+00:00,0.009414519,LOW,8.0,4,0
run_20260625_112527,2026-06-25 11:25:27.354880+00:00,0.18507501,LOW,,4,0
run_20260625_112527,2026-06-25 11:25:27.354880+00:00,0.052688845,LOW,16.0,3,1
run_20260625_112527,2026-06-25 11:25:27.354880+00:00,0.0008766585,LOW,25.0,3,0
run_20260625_112527,2026-06-25 11:25:27.354880+00:00,0.0015531405,LOW,14.0,5,0
run_20260625_112527,2026-06-25 11:25:27.354880+00:00,0.25216997,LOW,3.0,2,0
run_20260625_112527,2026-06-25 11:25:27.354880+00:00,0.07100732,LOW,14.0,3,1
run_20260625_112527,2026-06-25 11:25:27.354880+00:00,0.0008046735,LOW,22.0,1,0
run_20260625_112527,2026-06-25 11:25:27.354880+00:00,0.0029741444,LOW,23.0,3,1
run_20260625_112527,2026-06-25 11:25:27.354880+00:00,0.0061905547,LOW,6.0,2,0
run_20260625_112527,2026-06-25 11:25:27.354880+00:00,0.0006444194,LOW,24.0,3,1
run_20260625_112527,2026-06-25 11:25:27.354880+00:00,0.9841493,HIGH,14.0,3,1
run_20260625_112527,2026-06-25 11:25:27.354880+00:00,0.0011885077,LOW,18.0,5,1
run_20260625_112527,2026-06-25 11:25:27.354880+00:00,0.39413247,LOW,1.0,5,0
run_20260625_112527,2026-06-25 11:25:27.354880+00:00,0.033741683,LOW,10.0,4,0
run_20260625_112527,2026-06-25 11:25:27.354880+00:00,0.052158743,LOW,9.0,5,0
run_20260625_112527,2026-06-25 11:25:27.354880+00:00,0.18465123,LOW,0.0,5,0
run_20260625_112527,2026-06-25 11:25:27.354880+00:00,0.00076012313,LOW,31.0,5,0
run_20260625_112527,2026-06-25 11:25:27.354880+00:00,0.08951741,LOW,19.0,2,0
run_20260625_112527,2026-06-25 11:25:27.354880+00:00,0.15327772,LOW,4.0,1,1
run_20260625_112527,2026-06-25 11:25:27.354880+00:00,0.16891749,LOW,6.0,4,0
run_20260625_112527,2026-06-25 11:25:27.354880+00:00,0.001317158,LOW,27.0,3,1
run_20260625_112527,2026-06-25 11:25:27.354880+00:00,0.005804904,LOW,4.0,2,0
run_20260625_112527,2026-06-25 11:25:27.354880+00:00,0.020695426,LOW,12.0,5,0
run_20260625_112527,2026-06-25 11:25:27.354880+00:00,0.0084811365,LOW,20.0,5,0
run_20260625_112527,2026-06-25 11:25:27.354880+00:00,0.15682499,LOW,13.0,1,0
run_20260625_112527,2026-06-25 11:25:27.354880+00:00,0.16948903,LOW,3.0,4,0
run_20260625_112527,2026-06-25 11:25:27.354880+00:00,0.21111871,LOW,17.0,4,0
run_20260625_112527,2026-06-25 11:25:27.354880+00:00,0.02099544,LOW,13.0,1,0
run_20260625_112527,2026-06-25 11:25:27.354880+00:00,0.9684151,HIGH,1.0,5,1
run_20260625_112527,2026-06-25 11:25:27.354880+00:00,0.05330116,LOW,20.0,1,0
run_20260625_112527,2026-06-25 11:25:27.354880+00:00,0.093547344,LOW,4.0,3,0
run_20260625_112527,2026-06-25 11:25:27.354880+00:00,0.008151952,LOW,13.0,5,0
run_20260625_112527,2026-06-25 11:25:27.354880+00:00,0.22688036,LOW,14.0,1,0
run_20260625_112527,2026-06-25 11:25:27.354880+00:00,0.22189699,LOW,11.0,3,0
run_20260625_112527,2026-06-25 11:25:27.354880+00:00,0.014262821,LOW,18.0,5,0
run_20260625_112527,2026-06-25 11:25:27.354880+00:00,0.0004891621,LOW,24.0,1,1
run_20260625_112527,2026-06-25 11:25:27.354880+00:00,0.13491563,LOW,1.0,5,0
run_20260625_112527,2026-06-25 11:25:27.354880+00:00,0.002302978,LOW,29.0,5,1
run_20260625_112527,2026-06-25 11:25:27.354880+00:00,0.976784,HIGH,,5,0
run_20260625_112527,2026-06-25 11:25:27.354880+00:00,0.045027353,LOW,10.0,4,0
run_20260625_112527,2026-06-25 11:25:27.354880+00:00,0.00053395896,LOW,28.0,5,0
run_20260625_112527,2026-06-25 11:25:27.354880+00:00,0.010079219,LOW,12.0,3,0
run_20260625_112527,2026-06-25 11:25:27.354880+00:00,0.9985368,HIGH,1.0,4,1
run_20260625_112527,2026-06-25 11:25:27.354880+00:00,0.00042224757,LOW,10.0,5,0
run_20260625_112527,2026-06-25 11:25:27.354880+00:00,0.9743077,HIGH,1.0,5,0
run_20260625_112527,2026-06-25 11:25:27.354880+00:00,0.040481698,LOW,19.0,5,0
run_20260625_112527,2026-06-25 11:25:27.354880+00:00,0.14983709,LOW,7.0,4,0
run_20260625_112527,2026-06-25 11:25:27.354880+00:00,0.109314874,LOW,4.0,3,0
run_20260625_112527,2026-06-25 11:25:27.354880+00:00,0.5582053,MEDIUM,1.0,3,0
run_20260625_112527,2026-06-25 11:25:27.354880+00:00,0.0019895553,LOW,8.0,5,0
run_20260625_112527,2026-06-25 11:25:27.354880+00:00,0.024147421,LOW,3.0,3,0
run_20260625_112527,2026-06-25 11:25:27.354880+00:00,0.020597398,LOW,11.0,3,0
run_20260625_112527,2026-06-25 11:25:27.354880+00:00,0.12875704,LOW,13.0,1,1
run_20260625_112527,2026-06-25 11:25:27.354880+00:00,0.5286444,MEDIUM,3.0,3,0
run_20260625_112527,2026-06-25 11:25:27.354880+00:00,0.001293562,LOW,31.0,4,1
run_20260625_112527,2026-06-25 11:25:27.354880+00:00,0.10463822,LOW,10.0,4,0
run_20260625_112527,2026-06-25 11:25:27.354880+00:00,0.9937402,HIGH,1.0,5,1
run_20260625_112527,2026-06-25 11:25:27.354880+00:00,0.9959979,HIGH,1.0,5,1
run_20260625_112527,2026-06-25 11:25:27.354880+00:00,0.030665863,LOW,9.0,4,1
run_20260625_112527,2026-06-25 11:25:27.354880+00:00,0.008844708,LOW,11.0,2,0
run_20260625_112527,2026-06-25 11:25:27.354880+00:00,0.00075055065,LOW,28.0,1,0
run_20260625_112527,2026-06-25 11:25:27.354880+00:00,0.015088118,LOW,11.0,3,0
run_20260625_112527,2026-06-25 11:25:27.354880+00:00,0.04444343,LOW,10.0,5,0
run_20260625_112527,2026-06-25 11:25:27.354880+00:00,0.00012065631,LOW,26.0,3,0
run_20260625_112527,2026-06-25 11:25:27.354880+00:00,0.0033730343,LOW,23.0,4,1
run_20260625_112527,2026-06-25 11:25:27.354880+00:00,0.009675653,LOW,22.0,3,1
run_20260625_112527,2026-06-25 11:25:27.354880+00:00,0.05495819,LOW,10.0,4,0
run_20260625_112527,2026-06-25 11:25:27.354880+00:00,0.9689858,HIGH,1.0,4,1
run_20260625_112527,2026-06-25 11:25:27.354880+00:00,0.032249108,LOW,10.0,3,1
run_20260625_112527,2026-06-25 11:25:27.354880+00:00,0.02876413,LOW,4.0,3,0
run_20260625_112527,2026-06-25 11:25:27.354880+00:00,0.07511509,LOW,8.0,3,0
run_20260625_112527,2026-06-25 11:25:27.354880+00:00,0.05708458,LOW,12.0,5,0
run_20260625_112527,2026-06-25 11:25:27.354880+00:00,0.9745857,HIGH,1.0,5,0
run_20260625_112527,2026-06-25 11:25:27.354880+00:00,0.1212487,LOW,7.0,4,0
run_20260625_112527,2026-06-25 11:25:27.354880+00:00,0.04496417,LOW,19.0,1,1
run_20260625_112527,2026-06-25 11:25:27.354880+00:00,0.09965215,LOW,1.0,1,0
run_20260625_112527,2026-06-25 11:25:27.354880+00:00,0.035183292,LOW,10.0,2,0
run_20260625_112527,2026-06-25 11:25:27.354880+00:00,0.008670758,LOW,12.0,4,0
run_20260625_112527,2026-06-25 11:25:27.354880+00:00,0.071117744,LOW,9.0,3,0
run_20260625_112527,2026-06-25 11:25:27.354880+00:00,0.0047942796,LOW,8.0,3,0
run_20260625_112527,2026-06-25 11:25:27.354880+00:00,0.011722643,LOW,12.0,1,0
run_20260625_112527,2026-06-25 11:25:27.354880+00:00,0.8297202,HIGH,1.0,3,0
run_20260625_112527,2026-06-25 11:25:27.354880+00:00,0.0007135988,LOW,28.0,5,0
run_20260625_112527,2026-06-25 11:25:27.354880+00:00,0.051542908,LOW,2.0,2,0
run_20260625_112527,2026-06-25 11:25:27.354880+00:00,0.023985796,LOW,3.0,4,0
run_20260625_112527,2026-06-25 11:25:27.354880+00:00,0.099007525,LOW,4.0,3,0
run_20260625_112527,2026-06-25 11:25:27.354880+00:00,0.9803304,HIGH,0.0,1,1
run_20260625_112527,2026-06-25 11:25:27.354880+00:00,0.12939048,LOW,14.0,4,0
run_20260625_112527,2026-06-25 11:25:27.354880+00:00,0.08460526,LOW,17.0,1,0
run_20260625_112527,2026-06-25 11:25:27.354880+00:00,0.13031271,LOW,7.0,3,1
run_20260625_112527,2026-06-25 11:25:27.354880+00:00,0.017823353,LOW,8.0,4,0
run_20260625_112527,2026-06-25 11:25:27.354880+00:00,0.016460963,LOW,16.0,5,0
run_20260625_112527,2026-06-25 11:25:27.354880+00:00,0.0004946341,LOW,20.0,5,0
run_20260625_112527,2026-06-25 11:25:27.354880+00:00,0.15435097,LOW,2.0,4,1
run_20260625_112527,2026-06-25 11:25:27.354880+00:00,0.667957,MEDIUM,10.0,2,1
run_20260625_112527,2026-06-25 11:25:27.354880+00:00,0.010680821,LOW,29.0,4,1
run_20260625_112527,2026-06-25 11:25:27.354880+00:00,0.8969912,HIGH,1.0,4,0
run_20260625_112527,2026-06-25 11:25:27.354880+00:00,0.0011366172,LOW,27.0,1,0
run_20260625_112527,2026-06-25 11:25:27.354880+00:00,0.8725073,HIGH,3.0,5,1
run_20260625_112527,2026-06-25 11:25:27.354880+00:00,0.08284412,LOW,0.0,4,1
run_20260625_112527,2026-06-25 11:25:27.354880+00:00,0.48714462,MEDIUM,0.0,5,0
run_20260625_112527,2026-06-25 11:25:27.354880+00:00,0.09573327,LOW,10.0,2,1
run_20260625_112527,2026-06-25 11:25:27.354880+00:00,0.46462154,MEDIUM,3.0,3,0
run_20260625_112527,2026-06-25 11:25:27.354880+00:00,0.9524886,HIGH,4.0,3,1
run_20260625_112527,2026-06-25 11:25:27.354880+00:00,0.024746303,LOW,11.0,1,1
run_20260625_112527,2026-06-25 11:25:27.354880+00:00,0.054146465,LOW,5.0,3,0
run_20260625_112527,2026-06-25 11:25:27.354880+00:00,0.098851435,LOW,14.0,3,0
run_20260625_112527,2026-06-25 11:25:27.354880+00:00,0.09390096,LOW,3.0,4,0
run_20260625_112527,2026-06-25 11:25:27.354880+00:00,0.29676005,LOW,,3,0
run_20260625_112527,2026-06-25 11:25:27.354880+00:00,0.98691666,HIGH,1.0,1,1
run_20260625_112527,2026-06-25 11:25:27.354880+00:00,0.019844363,LOW,31.0,2,0
run_20260625_112527,2026-06-25 11:25:27.354880+00:00,0.98396504,HIGH,15.0,3,1
run_20260625_112527,2026-06-25 11:25:27.354880+00:00,0.95468456,HIGH,1.0,5,0
run_20260625_112527,2026-06-25 11:25:27.354880+00:00,0.41094738,MEDIUM,14.0,3,0
run_20260625_112527,2026-06-25 11:25:27.354880+00:00,0.2294729,LOW,10.0,5,1
run_20260625_112527,2026-06-25 11:25:27.354880+00:00,0.9365405,HIGH,1.0,3,0
run_20260625_112527,2026-06-25 11:25:27.354880+00:00,0.8487684,HIGH,,3,0
run_20260625_112527,2026-06-25 11:25:27.354880+00:00,0.44324183,MEDIUM,13.0,3,1
run_20260625_112527,2026-06-25 11:25:27.354880+00:00,0.27401385,LOW,13.0,3,0
run_20260625_112527,2026-06-25 11:25:27.354880+00:00,0.00012224742,LOW,23.0,3,0
run_20260625_112527,2026-06-25 11:25:27.354880+00:00,0.9532429,HIGH,,4,0
run_20260625_112527,2026-06-25 11:25:27.354880+00:00,0.92786926,HIGH,21.0,3,0
run_20260625_112527,2026-06-25 11:25:27.354880+00:00,0.0061740573,LOW,5.0,1,0
run_20260625_112527,2026-06-25 11:25:27.354880+00:00,0.00015698311,LOW,30.0,2,0
run_20260625_112527,2026-06-25 11:25:27.354880+00:00,0.9599951,HIGH,1.0,3,0
run_20260625_112527,2026-06-25 11:25:27.354880+00:00,0.0031485313,LOW,15.0,3,0
run_20260625_112527,2026-06-25 11:25:27.354880+00:00,0.12710313,LOW,20.0,5,0
run_20260625_112527,2026-06-25 11:25:27.354880+00:00,0.03894827,LOW,13.0,3,0
run_20260625_112527,2026-06-25 11:25:27.354880+00:00,0.0005455524,LOW,27.0,3,0
run_20260625_112527,2026-06-25 11:25:27.354880+00:00,0.052433096,LOW,9.0,1,0
run_20260625_112527,2026-06-25 11:25:27.354880+00:00,0.18942644,LOW,11.0,4,0
run_20260625_112527,2026-06-25 11:25:27.354880+00:00,0.60790044,MEDIUM,1.0,3,0
run_20260625_112527,2026-06-25 11:25:27.354880+00:00,0.9241713,HIGH,1.0,3,0
run_20260625_112527,2026-06-25 11:25:27.354880+00:00,0.050011262,LOW,3.0,4,1
run_20260625_112527,2026-06-25 11:25:27.354880+00:00,0.0008328802,LOW,26.0,3,1
run_20260625_112527,2026-06-25 11:25:27.354880+00:00,0.9846251,HIGH,,3,0
run_20260625_112527,2026-06-25 11:25:27.354880+00:00,0.01711141,LOW,2.0,4,0
run_20260625_112527,2026-06-25 11:25:27.354880+00:00,0.036033265,LOW,6.0,4,0
run_20260625_112527,2026-06-25 11:25:27.354880+00:00,7.11879e-05,LOW,22.0,3,0
run_20260625_112527,2026-06-25 11:25:27.354880+00:00,0.00034903293,LOW,27.0,5,0
run_20260625_112527,2026-06-25 11:25:27.354880+00:00,0.007971665,LOW,23.0,3,1
run_20260625_112527,2026-06-25 11:25:27.354880+00:00,0.0012531936,LOW,23.0,4,0
run_20260625_112527,2026-06-25 11:25:27.354880+00:00,0.017887047,LOW,4.0,4,1
run_20260625_112527,2026-06-25 11:25:27.354880+00:00,0.9136436,HIGH,,5,1
run_20260625_112527,2026-06-25 11:25:27.354880+00:00,0.77968997,HIGH,1.0,3,0
run_20260625_112527,2026-06-25 11:25:27.354880+00:00,0.22235371,LOW,1.0,1,1
run_20260625_112527,2026-06-25 11:25:27.354880+00:00,0.019965762,LOW,19.0,3,0
run_20260625_112527,2026-06-25 11:25:27.354880+00:00,0.02016861,LOW,14.0,3,0
run_20260625_112527,2026-06-25 11:25:27.354880+00:00,0.98394775,HIGH,,5,0
run_20260625_112527,2026-06-25 11:25:27.354880+00:00,0.04168819,LOW,3.0,1,0
run_20260625_112527,2026-06-25 11:25:27.354880+00:00,0.4889834,MEDIUM,,3,0
run_20260625_112527,2026-06-25 11:25:27.354880+00:00,0.00018474933,LOW,28.0,3,1
run_20260625_112527,2026-06-25 11:25:27.354880+00:00,0.061397213,LOW,6.0,5,0
run_20260625_112527,2026-06-25 11:25:27.354880+00:00,0.012724434,LOW,16.0,1,1
run_20260625_112527,2026-06-25 11:25:27.354880+00:00,0.93050206,HIGH,0.0,5,0
run_20260625_112527,2026-06-25 11:25:27.354880+00:00,0.97546005,HIGH,5.0,5,1
run_20260625_112527,2026-06-25 11:25:27.354880+00:00,0.0016348812,LOW,26.0,1,0
run_20260625_112527,2026-06-25 11:25:27.354880+00:00,0.0016925812,LOW,26.0,3,0
run_20260625_112527,2026-06-25 11:25:27.354880+00:00,0.06307026,LOW,5.0,4,0
run_20260625_112527,2026-06-25 11:25:27.354880+00:00,0.06744356,LOW,,3,0
run_20260625_112527,2026-06-25 11:25:27.354880+00:00,0.9705127,HIGH,0.0,5,0
run_20260625_112527,2026-06-25 11:25:27.354880+00:00,0.33290046,LOW,0.0,1,1
run_20260625_112527,2026-06-25 11:25:27.354880+00:00,0.19041584,LOW,13.0,5,1
run_20260625_112527,2026-06-25 11:25:27.354880+00:00,0.8753366,HIGH,1.0,5,1
run_20260625_112527,2026-06-25 11:25:27.354880+00:00,0.021915246,LOW,21.0,2,0
run_20260625_112527,2026-06-25 11:25:27.354880+00:00,0.95264804,HIGH,,3,1
run_20260625_112527,2026-06-25 11:25:27.354880+00:00,0.56174624,MEDIUM,1.0,4,0
run_20260625_112527,2026-06-25 11:25:27.354880+00:00,0.0009340998,LOW,22.0,1,0
run_20260625_112527,2026-06-25 11:25:27.354880+00:00,0.030232318,LOW,2.0,2,0
run_20260625_112527,2026-06-25 11:25:27.354880+00:00,0.98544633,HIGH,,3,0
run_20260625_112527,2026-06-25 11:25:27.354880+00:00,0.010502388,LOW,12.0,1,1
run_20260625_112527,2026-06-25 11:25:27.354880+00:00,0.8331906,HIGH,,4,0
run_20260625_112527,2026-06-25 11:25:27.354880+00:00,0.83024204,HIGH,,4,0
run_20260625_112527,2026-06-25 11:25:27.354880+00:00,0.30292428,LOW,1.0,3,0
run_20260625_112527,2026-06-25 11:25:27.354880+00:00,0.07749618,LOW,15.0,5,0
run_20260625_112527,2026-06-25 11:25:27.354880+00:00,0.39821276,LOW,11.0,5,0
run_20260625_112527,2026-06-25 11:25:27.354880+00:00,0.9605806,HIGH,12.0,3,1
run_20260625_112527,2026-06-25 11:25:27.354880+00:00,0.0866988,LOW,21.0,3,0
run_20260625_112527,2026-06-25 11:25:27.354880+00:00,0.22848397,LOW,3.0,5,0
run_20260625_112527,2026-06-25 11:25:27.354880+00:00,0.30237383,LOW,3.0,4,1
run_20260625_112527,2026-06-25 11:25:27.354880+00:00,0.0075788302,LOW,17.0,1,1
run_20260625_112527,2026-06-25 11:25:27.354880+00:00,0.5382696,MEDIUM,0.0,1,0
run_20260625_112527,2026-06-25 11:25:27.354880+00:00,0.002007905,LOW,24.0,4,0
run_20260625_112527,2026-06-25 11:25:27.354880+00:00,0.23869827,LOW,16.0,3,0
run_20260625_112527,2026-06-25 11:25:27.354880+00:00,0.044410728,LOW,19.0,4,0
run_20260625_112527,2026-06-25 11:25:27.354880+00:00,0.109112315,LOW,11.0,4,0
run_20260625_112527,2026-06-25 11:25:27.354880+00:00,0.18347268,LOW,15.0,4,0
run_20260625_112527,2026-06-25 11:25:27.354880+00:00,0.013221042,LOW,6.0,4,0
run_20260625_112527,2026-06-25 11:25:27.354880+00:00,0.038190883,LOW,5.0,1,1
run_20260625_112527,2026-06-25 11:25:27.354880+00:00,0.037723824,LOW,15.0,4,0
run_20260625_112527,2026-06-25 11:25:27.354880+00:00,0.27968362,LOW,1.0,1,0
run_20260625_112527,2026-06-25 11:25:27.354880+00:00,0.99421,HIGH,1.0,5,1
run_20260625_112527,2026-06-25 11:25:27.354880+00:00,0.01586406,LOW,4.0,3,0
run_20260625_112527,2026-06-25 11:25:27.354880+00:00,0.0013741389,LOW,28.0,1,0
run_20260625_112527,2026-06-25 11:25:27.354880+00:00,0.8202371,HIGH,1.0,3,0
run_20260625_112527,2026-06-25 11:25:27.354880+00:00,0.23626053,LOW,13.0,1,0
run_20260625_112527,2026-06-25 11:25:27.354880+00:00,0.008747795,LOW,9.0,1,0
run_20260625_112527,2026-06-25 11:25:27.354880+00:00,0.23166233,LOW,14.0,3,0
run_20260625_112527,2026-06-25 11:25:27.354880+00:00,0.07024285,LOW,0.0,1,0
run_20260625_112527,2026-06-25 11:25:27.354880+00:00,0.88296545,HIGH,1.0,4,0
run_20260625_112527,2026-06-25 11:25:27.354880+00:00,0.9756056,HIGH,0.0,5,0
run_20260625_112527,2026-06-25 11:25:27.354880+00:00,0.017521668,LOW,3.0,2,0
run_20260625_112527,2026-06-25 11:25:27.354880+00:00,0.328238,LOW,8.0,3,1
run_20260625_112527,2026-06-25 11:25:27.354880+00:00,0.054345686,LOW,11.0,5,1
run_20260625_112527,2026-06-25 11:25:27.354880+00:00,0.03579286,LOW,17.0,2,1
run_20260625_112527,2026-06-25 11:25:27.354880+00:00,0.0029271063,LOW,17.0,1,1
run_20260625_112527,2026-06-25 11:25:27.354880+00:00,0.08544802,LOW,7.0,5,0
run_20260625_112527,2026-06-25 11:25:27.354880+00:00,0.62743,MEDIUM,0.0,4,0
run_20260625_112527,2026-06-25 11:25:27.354880+00:00,0.9678339,HIGH,1.0,5,0
run_20260625_112527,2026-06-25 11:25:27.354880+00:00,0.002830136,LOW,19.0,4,0
run_20260625_112527,2026-06-25 11:25:27.354880+00:00,0.15935059,LOW,3.0,3,0
run_20260625_112527,2026-06-25 11:25:27.354880+00:00,0.03181021,LOW,14.0,5,0
run_20260625_112527,2026-06-25 11:25:27.354880+00:00,0.004155287,LOW,28.0,1,0
run_20260625_112527,2026-06-25 11:25:27.354880+00:00,0.0007310842,LOW,28.0,5,0
run_20260625_112527,2026-06-25 11:25:27.354880+00:00,0.16754714,LOW,1.0,4,0
run_20260625_112527,2026-06-25 11:25:27.354880+00:00,0.00032400034,LOW,25.0,2,0
run_20260625_112527,2026-06-25 11:25:27.354880+00:00,0.89673066,HIGH,1.0,4,0
run_20260625_112527,2026-06-25 11:25:27.354880+00:00,0.06429941,LOW,3.0,3,0
run_20260625_112527,2026-06-25 11:25:27.354880+00:00,0.052065294,LOW,15.0,3,0
run_20260625_112527,2026-06-25 11:25:27.354880+00:00,0.095845066,LOW,9.0,3,0
run_20260625_112527,2026-06-25 11:25:27.354880+00:00,0.056924578,LOW,12.0,3,0
run_20260625_112527,2026-06-25 11:25:27.354880+00:00,0.33252668,LOW,1.0,5,1
run_20260625_112527,2026-06-25 11:25:27.354880+00:00,0.13407022,LOW,5.0,2,1
run_20260625_112527,2026-06-25 11:25:27.354880+00:00,0.11991844,LOW,5.0,4,0
run_20260625_112527,2026-06-25 11:25:27.354880+00:00,0.053289164,LOW,6.0,1,0
run_20260625_112527,2026-06-25 11:25:27.354880+00:00,0.046716664,LOW,18.0,1,1
run_20260625_112527,2026-06-25 11:25:27.354880+00:00,0.06448224,LOW,13.0,1,0
run_20260625_112527,2026-06-25 11:25:27.354880+00:00,0.07870126,LOW,9.0,3,0
run_20260625_112527,2026-06-25 11:25:27.354880+00:00,0.08997271,LOW,9.0,2,0
run_20260625_112527,2026-06-25 11:25:27.354880+00:00,0.10899707,LOW,4.0,4,0
run_20260625_112527,2026-06-25 11:25:27.354880+00:00,0.0030306634,LOW,8.0,3,0
run_20260625_112527,2026-06-25 11:25:27.354880+00:00,0.030665863,LOW,9.0,4,1
run_20260625_112527,2026-06-25 11:25:27.354880+00:00,0.9706269,HIGH,1.0,1,1
run_20260625_112527,2026-06-25 11:25:27.354880+00:00,0.04258721,LOW,15.0,3,0
run_20260625_112527,2026-06-25 11:25:27.354880+00:00,0.00302954,LOW,24.0,4,1
run_20260625_112527,2026-06-25 11:25:27.354880+00:00,0.0010578134,LOW,24.0,3,0
run_20260625_112527,2026-06-25 11:25:27.354880+00:00,0.031071283,LOW,2.0,1,0
run_20260625_112527,2026-06-25 11:25:27.354880+00:00,0.00014859061,LOW,19.0,5,0
run_20260625_112527,2026-06-25 11:25:27.354880+00:00,0.008152408,LOW,16.0,3,1
run_20260625_112527,2026-06-25 11:25:27.354880+00:00,0.075910345,LOW,21.0,4,0
run_20260625_112527,2026-06-25 11:25:27.354880+00:00,0.008561657,LOW,2.0,1,0
run_20260625_112527,2026-06-25 11:25:27.354880+00:00,0.12307701,LOW,6.0,3,0
run_20260625_112527,2026-06-25 11:25:27.354880+00:00,0.8162489,HIGH,12.0,5,0
run_20260625_112527,2026-06-25 11:25:27.354880+00:00,0.0013005715,LOW,30.0,5,0
run_20260625_112527,2026-06-25 11:25:27.354880+00:00,0.07139529,LOW,12.0,3,0
run_20260625_112527,2026-06-25 11:25:27.354880+00:00,0.15788354,LOW,8.0,3,0
run_20260625_112527,2026-06-25 11:25:27.354880+00:00,0.97703916,HIGH,3.0,3,1
run_20260625_112527,2026-06-25 11:25:27.354880+00:00,0.028266491,LOW,11.0,1,0
run_20260625_112527,2026-06-25 11:25:27.354880+00:00,0.6689292,MEDIUM,0.0,3,0
run_20260625_112527,2026-06-25 11:25:27.354880+00:00,0.040288184,LOW,3.0,1,1
run_20260625_112527,2026-06-25 11:25:27.354880+00:00,0.9227216,HIGH,1.0,5,0
run_20260625_112527,2026-06-25 11:25:27.354880+00:00,0.08444821,LOW,8.0,3,0
run_20260625_112527,2026-06-25 11:25:27.354880+00:00,0.10884337,LOW,4.0,3,0
run_20260625_112527,2026-06-25 11:25:27.354880+00:00,0.1255486,LOW,5.0,3,0
run_20260625_112527,2026-06-25 11:25:27.354880+00:00,0.00018506475,LOW,31.0,3,1
run_20260625_112527,2026-06-25 11:25:27.354880+00:00,0.05891831,LOW,4.0,4,0
run_20260625_112527,2026-06-25 11:25:27.354880+00:00,0.017677952,LOW,12.0,5,0
run_20260625_112527,2026-06-25 11:25:27.354880+00:00,0.07956551,LOW,7.0,2,1
run_20260625_112527,2026-06-25 11:25:27.354880+00:00,0.00497933,LOW,12.0,1,0
run_20260625_112527,2026-06-25 11:25:27.354880+00:00,0.20725611,LOW,0.0,5,0
run_20260625_112527,2026-06-25 11:25:27.354880+00:00,0.0076463623,LOW,14.0,5,0
run_20260625_112527,2026-06-25 11:25:27.354880+00:00,0.19746564,LOW,18.0,2,0
run_20260625_112527,2026-06-25 11:25:27.354880+00:00,0.9879182,HIGH,,5,0
run_20260625_112527,2026-06-25 11:25:27.354880+00:00,0.03405225,LOW,11.0,3,0
run_20260625_112527,2026-06-25 11:25:27.354880+00:00,0.64124256,MEDIUM,21.0,5,1
run_20260625_112527,2026-06-25 11:25:27.354880+00:00,0.048116706,LOW,9.0,4,0
run_20260625_112527,2026-06-25 11:25:27.354880+00:00,0.0512515,LOW,10.0,1,0
run_20260625_112527,2026-06-25 11:25:27.354880+00:00,0.05348287,LOW,8.0,4,0
run_20260625_112527,2026-06-25 11:25:27.354880+00:00,0.0017734295,LOW,25.0,3,0
run_20260625_112527,2026-06-25 11:25:27.354880+00:00,0.1406799,LOW,14.0,4,0
run_20260625_112527,2026-06-25 11:25:27.354880+00:00,0.9069108,HIGH,0.0,5,0
run_20260625_112527,2026-06-25 11:25:27.354880+00:00,0.97956616,HIGH,1.0,3,1
run_20260625_112527,2026-06-25 11:25:27.354880+00:00,0.002567072,LOW,14.0,4,0
run_20260625_112527,2026-06-25 11:25:27.354880+00:00,0.035058845,LOW,11.0,3,0
run_20260625_112527,2026-06-25 11:25:27.354880+00:00,0.12855291,LOW,3.0,4,0
run_20260625_112527,2026-06-25 11:25:27.354880+00:00,0.9874206,HIGH,0.0,4,0
run_20260625_112527,2026-06-25 11:25:27.354880+00:00,0.1881946,LOW,19.0,1,0
run_20260625_112527,2026-06-25 11:25:27.354880+00:00,0.02816915,LOW,20.0,1,1
run_20260625_112527,2026-06-25 11:25:27.354880+00:00,0.050493315,LOW,,4,0
run_20260625_112527,2026-06-25 11:25:27.354880+00:00,0.00051771937,LOW,28.0,3,0
run_20260625_112527,2026-06-25 11:25:27.354880+00:00,0.53614295,MEDIUM,,5,1
run_20260625_112527,2026-06-25 11:25:27.354880+00:00,0.20242588,LOW,5.0,1,0
run_20260625_112527,2026-06-25 11:25:27.354880+00:00,0.13648461,LOW,0.0,3,0
run_20260625_112527,2026-06-25 11:25:27.354880+00:00,0.99342805,HIGH,,3,1
run_20260625_112527,2026-06-25 11:25:27.354880+00:00,0.13377912,LOW,15.0,4,1
run_20260625_112527,2026-06-25 11:25:27.354880+00:00,0.9976808,HIGH,0.0,2,1
run_20260625_112527,2026-06-25 11:25:27.354880+00:00,0.017658545,LOW,5.0,4,0
run_20260625_112527,2026-06-25 11:25:27.354880+00:00,0.15180616,LOW,5.0,5,1
run_20260625_112527,2026-06-25 11:25:27.354880+00:00,0.008867763,LOW,15.0,5,0
run_20260625_112527,2026-06-25 11:25:27.354880+00:00,0.044223778,LOW,2.0,1,0
run_20260625_112527,2026-06-25 11:25:27.354880+00:00,0.75575227,HIGH,1.0,4,0
run_20260625_112527,2026-06-25 11:25:27.354880+00:00,0.018679198,LOW,24.0,3,1
run_20260625_112527,2026-06-25 11:25:27.354880+00:00,0.03646395,LOW,16.0,5,1
run_20260625_112527,2026-06-25 11:25:27.354880+00:00,0.96275806,HIGH,1.0,3,1
run_20260625_112527,2026-06-25 11:25:27.354880+00:00,0.9813447,HIGH,0.0,3,1
run_20260625_112527,2026-06-25 11:25:27.354880+00:00,0.008142343,LOW,29.0,2,0
run_20260625_112527,2026-06-25 11:25:27.354880+00:00,0.09050667,LOW,20.0,3,0
run_20260625_112527,2026-06-25 11:25:27.354880+00:00,0.008466797,LOW,20.0,3,0
run_20260625_112527,2026-06-25 11:25:27.354880+00:00,0.0048586647,LOW,7.0,5,0
run_20260625_112527,2026-06-25 11:25:27.354880+00:00,0.12141599,LOW,19.0,3,0
run_20260625_112527,2026-06-25 11:25:27.354880+00:00,0.37194356,LOW,9.0,1,0
run_20260625_112527,2026-06-25 11:25:27.354880+00:00,0.0012309508,LOW,13.0,4,0
run_20260625_112527,2026-06-25 11:25:27.354880+00:00,0.0019501547,LOW,6.0,4,0
run_20260625_112527,2026-06-25 11:25:27.354880+00:00,0.018887099,LOW,10.0,2,1
run_20260625_112527,2026-06-25 11:25:27.354880+00:00,0.028025856,LOW,9.0,1,0
run_20260625_112527,2026-06-25 11:25:27.354880+00:00,0.6111001,MEDIUM,1.0,5,0
run_20260625_112527,2026-06-25 11:25:27.354880+00:00,0.25230297,LOW,1.0,4,0
run_20260625_112527,2026-06-25 11:25:27.354880+00:00,0.011842213,LOW,12.0,5,0
run_20260625_112527,2026-06-25 11:25:27.354880+00:00,0.21205433,LOW,5.0,1,0
run_20260625_112527,2026-06-25 11:25:27.354880+00:00,0.1987451,LOW,8.0,3,1
run_20260625_112527,2026-06-25 11:25:27.354880+00:00,0.448002,MEDIUM,1.0,4,0
run_20260625_112527,2026-06-25 11:25:27.354880+00:00,0.17141281,LOW,0.0,3,0
run_20260625_112527,2026-06-25 11:25:27.354880+00:00,0.052688845,LOW,16.0,3,1
run_20260625_112527,2026-06-25 11:25:27.354880+00:00,0.033429686,LOW,18.0,2,1
run_20260625_112527,2026-06-25 11:25:27.354880+00:00,0.03186607,LOW,5.0,1,0
run_20260625_112527,2026-06-25 11:25:27.354880+00:00,0.022770226,LOW,6.0,4,0
run_20260625_112527,2026-06-25 11:25:27.354880+00:00,0.8518153,HIGH,,1,0
run_20260625_112527,2026-06-25 11:25:27.354880+00:00,0.02171055,LOW,9.0,3,0
run_20260625_112527,2026-06-25 11:25:27.354880+00:00,0.00036839064,LOW,24.0,4,1
run_20260625_112527,2026-06-25 11:25:27.354880+00:00,0.014730842,LOW,10.0,3,0
run_20260625_112527,2026-06-25 11:25:27.354880+00:00,0.0017950869,LOW,22.0,4,0
run_20260625_112527,2026-06-25 11:25:27.354880+00:00,0.027129265,LOW,6.0,1,0
run_20260625_112527,2026-06-25 11:25:27.354880+00:00,0.0605156,LOW,3.0,3,0
run_20260625_112527,2026-06-25 11:25:27.354880+00:00,0.9936406,HIGH,0.0,4,1
run_20260625_112527,2026-06-25 11:25:27.354880+00:00,0.98889726,HIGH,0.0,4,1
run_20260625_112527,2026-06-25 11:25:27.354880+00:00,0.9959979,HIGH,1.0,5,1
run_20260625_112527,2026-06-25 11:25:27.354880+00:00,0.053279832,LOW,5.0,4,0
run_20260625_112527,2026-06-25 11:25:27.354880+00:00,0.13207431,LOW,10.0,4,1
run_20260625_112527,2026-06-25 11:25:27.354880+00:00,0.0003728662,LOW,27.0,4,0
run_20260625_112527,2026-06-25 11:25:27.354880+00:00,0.9870008,HIGH,0.0,3,0
run_20260625_112527,2026-06-25 11:25:27.354880+00:00,0.06588303,LOW,15.0,2,0
run_20260625_112527,2026-06-25 11:25:27.354880+00:00,0.0087279,LOW,5.0,4,1
run_20260625_112527,2026-06-25 11:25:27.354880+00:00,0.9796814,HIGH,21.0,1,1
run_20260625_112527,2026-06-25 11:25:27.354880+00:00,0.081144504,LOW,14.0,3,0
run_20260625_112527,2026-06-25 11:25:27.354880+00:00,0.012209104,LOW,11.0,3,0
run_20260625_112527,2026-06-25 11:25:27.354880+00:00,0.07359949,LOW,10.0,5,1
run_20260625_112527,2026-06-25 11:25:27.354880+00:00,0.11131222,LOW,14.0,3,0
run_20260625_112527,2026-06-25 11:25:27.354880+00:00,0.40334082,MEDIUM,0.0,2,1
run_20260625_112527,2026-06-25 11:25:27.354880+00:00,0.08428411,LOW,19.0,4,0
run_20260625_112527,2026-06-25 11:25:27.354880+00:00,0.20528266,LOW,3.0,5,0
run_20260625_112527,2026-06-25 11:25:27.354880+00:00,0.9805546,HIGH,11.0,3,1
run_20260625_112527,2026-06-25 11:25:27.354880+00:00,0.053997003,LOW,3.0,3,0
run_20260625_112527,2026-06-25 11:25:27.354880+00:00,0.013137997,LOW,10.0,4,0
run_20260625_112527,2026-06-25 11:25:27.354880+00:00,0.004849847,LOW,21.0,5,0
run_20260625_112527,2026-06-25 11:25:27.354880+00:00,0.14236037,LOW,14.0,1,0
run_20260625_112527,2026-06-25 11:25:27.354880+00:00,0.07234094,LOW,9.0,5,0
run_20260625_112527,2026-06-25 11:25:27.354880+00:00,0.06511785,LOW,11.0,1,0
run_20260625_112527,2026-06-25 11:25:27.354880+00:00,0.09525605,LOW,5.0,5,0
run_20260625_112527,2026-06-25 11:25:27.354880+00:00,0.21909924,LOW,9.0,3,0
run_20260625_112527,2026-06-25 11:25:27.354880+00:00,0.00041548704,LOW,28.0,5,0
run_20260625_112527,2026-06-25 11:25:27.354880+00:00,0.022320276,LOW,9.0,1,1
run_20260625_112527,2026-06-25 11:25:27.354880+00:00,0.00088773936,LOW,24.0,3,1
run_20260625_112527,2026-06-25 11:25:27.354880+00:00,0.9939215,HIGH,0.0,4,1
run_20260625_112527,2026-06-25 11:25:27.354880+00:00,0.0743745,LOW,4.0,5,0
run_20260625_112527,2026-06-25 11:25:27.354880+00:00,0.061206896,LOW,2.0,3,0
run_20260625_112527,2026-06-25 11:25:27.354880+00:00,0.09848105,LOW,8.0,5,0
run_20260625_112527,2026-06-25 11:25:27.354880+00:00,0.87986606,HIGH,1.0,2,0
run_20260625_112527,2026-06-25 11:25:27.354880+00:00,0.0020808794,LOW,31.0,2,0
run_20260625_112527,2026-06-25 11:25:27.354880+00:00,0.025703184,LOW,17.0,1,1
run_20260625_112527,2026-06-25 11:25:27.354880+00:00,0.019089479,LOW,10.0,1,0
run_20260625_112527,2026-06-25 11:25:27.354880+00:00,0.9743077,HIGH,1.0,5,0
run_20260625_112527,2026-06-25 11:25:27.354880+00:00,0.054643992,LOW,12.0,2,0
run_20260625_112527,2026-06-25 11:25:27.354880+00:00,0.037834622,LOW,16.0,5,0
run_20260625_112527,2026-06-25 11:25:27.354880+00:00,0.012518945,LOW,6.0,4,1
run_20260625_112527,2026-06-25 11:25:27.354880+00:00,0.363955,LOW,3.0,5,0
run_20260625_112527,2026-06-25 11:25:27.354880+00:00,0.21136454,LOW,9.0,2,0
run_20260625_112527,2026-06-25 11:25:27.354880+00:00,0.07129058,LOW,17.0,1,0
run_20260625_112527,2026-06-25 11:25:27.354880+00:00,0.9125548,HIGH,12.0,1,0
run_20260625_112527,2026-06-25 11:25:27.354880+00:00,0.1532359,LOW,16.0,5,0
run_20260625_112527,2026-06-25 11:25:27.354880+00:00,0.98702776,HIGH,0.0,1,0
run_20260625_112527,2026-06-25 11:25:27.354880+00:00,0.0018175789,LOW,25.0,2,0
run_20260625_112527,2026-06-25 11:25:27.354880+00:00,0.10116771,LOW,20.0,4,0
run_20260625_112527,2026-06-25 11:25:27.354880+00:00,0.08500986,LOW,12.0,3,0
run_20260625_112527,2026-06-25 11:25:27.354880+00:00,0.014149953,LOW,7.0,2,0
run_20260625_112527,2026-06-25 11:25:27.354880+00:00,0.07564058,LOW,12.0,5,0
run_20260625_112527,2026-06-25 11:25:27.354880+00:00,0.99811125,HIGH,1.0,4,1
run_20260625_112527,2026-06-25 11:25:27.354880+00:00,0.0015779353,LOW,18.0,4,0
run_20260625_112527,2026-06-25 11:25:27.354880+00:00,0.012665743,LOW,7.0,1,0
run_20260625_112527,2026-06-25 11:25:27.354880+00:00,0.011269511,LOW,14.0,2,0
run_20260625_112527,2026-06-25 11:25:27.354880+00:00,0.0037207468,LOW,12.0,5,0
run_20260625_112527,2026-06-25 11:25:27.354880+00:00,0.2334218,LOW,16.0,3,0
run_20260625_112527,2026-06-25 11:25:27.354880+00:00,0.0005600829,LOW,30.0,4,1
run_20260625_112527,2026-06-25 11:25:27.354880+00:00,0.0017836229,LOW,25.0,4,0
run_20260625_112527,2026-06-25 11:25:27.354880+00:00,0.05241015,LOW,7.0,1,1
run_20260625_112527,2026-06-25 11:25:27.354880+00:00,0.0016657725,LOW,29.0,5,1
run_20260625_112527,2026-06-25 11:25:27.354880+00:00,0.27401385,LOW,13.0,3,0
run_20260625_112527,2026-06-25 11:25:27.354880+00:00,0.018059896,LOW,6.0,5,0
run_20260625_112527,2026-06-25 11:25:27.354880+00:00,0.08076766,LOW,10.0,2,0
run_20260625_112527,2026-06-25 11:25:27.354880+00:00,0.9632011,HIGH,1.0,3,0
run_20260625_112527,2026-06-25 11:25:27.354880+00:00,0.45189354,MEDIUM,1.0,1,0
run_20260625_112527,2026-06-25 11:25:27.354880+00:00,0.0002288036,LOW,23.0,5,0
run_20260625_112527,2026-06-25 11:25:27.354880+00:00,0.004967965,LOW,4.0,1,0
run_20260625_112527,2026-06-25 11:25:27.354880+00:00,0.028654281,LOW,13.0,3,0
run_20260625_112527,2026-06-25 11:25:27.354880+00:00,0.00011292825,LOW,27.0,4,0
run_20260625_112527,2026-06-25 11:25:27.354880+00:00,0.08465715,LOW,10.0,4,1
run_20260625_112527,2026-06-25 11:25:27.354880+00:00,0.01212314,LOW,31.0,3,0
run_20260625_112527,2026-06-25 11:25:27.354880+00:00,0.0027964902,LOW,26.0,1,0
run_20260625_112527,2026-06-25 11:25:27.354880+00:00,0.052308537,LOW,5.0,2,1
run_20260625_112527,2026-06-25 11:25:27.354880+00:00,0.026783744,LOW,0.0,3,0
run_20260625_112527,2026-06-25 11:25:27.354880+00:00,0.04431872,LOW,,2,0
run_20260625_112527,2026-06-25 11:25:27.354880+00:00,0.047445156,LOW,,1,0
run_20260625_112527,2026-06-25 11:25:27.354880+00:00,0.005309701,LOW,4.0,5,0
run_20260625_112527,2026-06-25 11:25:27.354880+00:00,0.0024409462,LOW,7.0,3,0
run_20260625_112527,2026-06-25 11:25:27.354880+00:00,0.98674834,HIGH,0.0,1,0
run_20260625_112527,2026-06-25 11:25:27.354880+00:00,0.030336935,LOW,11.0,3,0
run_20260625_112527,2026-06-25 11:25:27.354880+00:00,0.0027883097,LOW,21.0,1,1
run_20260625_112527,2026-06-25 11:25:27.354880+00:00,9.116345e-06,LOW,60.0,1,1
run_20260625_112527,2026-06-25 11:25:27.354880+00:00,0.051152747,LOW,16.0,1,0
run_20260625_112527,2026-06-25 11:25:27.354880+00:00,0.9631498,HIGH,1.0,4,0
run_20260625_112527,2026-06-25 11:25:27.354880+00:00,0.01744546,LOW,13.0,1,1
run_20260625_112527,2026-06-25 11:25:27.354880+00:00,0.02784627,LOW,20.0,3,1
run_20260625_112527,2026-06-25 11:25:27.354880+00:00,0.10884337,LOW,4.0,3,0
run_20260625_112527,2026-06-25 11:25:27.354880+00:00,0.013784937,LOW,5.0,4,0
run_20260625_112527,2026-06-25 11:25:27.354880+00:00,0.15788354,LOW,8.0,3,0
run_20260625_112527,2026-06-25 11:25:27.354880+00:00,0.000487617,LOW,22.0,2,1
run_20260625_112527,2026-06-25 11:25:27.354880+00:00,0.0023523387,LOW,30.0,3,0
run_20260625_112527,2026-06-25 11:25:27.354880+00:00,0.0054483265,LOW,14.0,1,1
run_20260625_112527,2026-06-25 11:25:27.354880+00:00,0.9927366,HIGH,1.0,3,0
run_20260625_112527,2026-06-25 11:25:27.354880+00:00,0.29262108,LOW,10.0,1,0
run_20260625_112527,2026-06-25 11:25:27.354880+00:00,0.070564784,LOW,1.0,1,0
run_20260625_112527,2026-06-25 11:25:27.354880+00:00,0.07316644,LOW,7.0,5,0
run_20260625_112527,2026-06-25 11:25:27.354880+00:00,0.6329167,MEDIUM,0.0,5,0
run_20260625_112527,2026-06-25 11:25:27.354880+00:00,0.08808508,LOW,5.0,3,0
run_20260625_112527,2026-06-25 11:25:27.354880+00:00,0.124142416,LOW,11.0,3,1
run_20260625_112527,2026-06-25 11:25:27.354880+00:00,0.12927546,LOW,11.0,1,0
run_20260625_112527,2026-06-25 11:25:27.354880+00:00,0.085458025,LOW,15.0,3,1
run_20260625_112527,2026-06-25 11:25:27.354880+00:00,0.6322685,MEDIUM,,3,0
run_20260625_112527,2026-06-25 11:25:27.354880+00:00,0.008923934,LOW,8.0,5,0
run_20260625_112527,2026-06-25 11:25:27.354880+00:00,0.19060373,LOW,,4,0
run_20260625_112527,2026-06-25 11:25:27.354880+00:00,0.030679077,LOW,10.0,3,0
run_20260625_112527,2026-06-25 11:25:27.354880+00:00,0.47939986,MEDIUM,0.0,3,1
run_20260625_112527,2026-06-25 11:25:27.354880+00:00,0.07973916,LOW,12.0,4,0
run_20260625_112527,2026-06-25 11:25:27.354880+00:00,0.0076927277,LOW,6.0,1,0
run_20260625_112527,2026-06-25 11:25:27.354880+00:00,0.00062766374,LOW,31.0,1,1
run_20260625_112527,2026-06-25 11:25:27.354880+00:00,0.94676334,HIGH,10.0,3,1
run_20260625_112527,2026-06-25 11:25:27.354880+00:00,0.9913605,HIGH,0.0,2,1
run_20260625_112527,2026-06-25 11:25:27.354880+00:00,0.0002014301,LOW,30.0,2,1
run_20260625_112527,2026-06-25 11:25:27.354880+00:00,0.9622453,HIGH,20.0,4,1
run_20260625_112527,2026-06-25 11:25:27.354880+00:00,0.18464842,LOW,17.0,1,1
run_20260625_112527,2026-06-25 11:25:27.354880+00:00,0.12536632,LOW,1.0,5,0
run_20260625_112527,2026-06-25 11:25:27.354880+00:00,0.0024896055,LOW,29.0,3,0
run_20260625_112527,2026-06-25 11:25:27.354880+00:00,0.9433408,HIGH,0.0,4,0
run_20260625_112527,2026-06-25 11:25:27.354880+00:00,0.078202985,LOW,1.0,3,0
run_20260625_112527,2026-06-25 11:25:27.354880+00:00,0.034461267,LOW,11.0,1,0
run_20260625_112527,2026-06-25 11:25:27.354880+00:00,0.0005822384,LOW,22.0,1,0
run_20260625_112527,2026-06-25 11:25:27.354880+00:00,0.000716849,LOW,24.0,4,0
run_20260625_112527,2026-06-25 11:25:27.354880+00:00,0.94581985,HIGH,0.0,5,1
run_20260625_112527,2026-06-25 11:25:27.354880+00:00,0.0060282517,LOW,9.0,3,0
run_20260625_112527,2026-06-25 11:25:27.354880+00:00,0.014778775,LOW,19.0,5,1
run_20260625_112527,2026-06-25 11:25:27.354880+00:00,0.00019406636,LOW,23.0,3,0
run_20260625_112527,2026-06-25 11:25:27.354880+00:00,0.7055667,HIGH,1.0,4,0
run_20260625_112527,2026-06-25 11:25:27.354880+00:00,7.6681325e-05,LOW,22.0,3,0
run_20260625_112527,2026-06-25 11:25:27.354880+00:00,0.120973274,LOW,4.0,5,1
run_20260625_112527,2026-06-25 11:25:27.354880+00:00,0.97448856,HIGH,4.0,4,1
run_20260625_112527,2026-06-25 11:25:27.354880+00:00,0.016818834,LOW,13.0,4,0
run_20260625_112527,2026-06-25 11:25:27.354880+00:00,0.9784935,HIGH,1.0,5,0
run_20260625_112527,2026-06-25 11:25:27.354880+00:00,0.0076294225,LOW,6.0,2,0
run_20260625_112527,2026-06-25 11:25:27.354880+00:00,0.02099693,LOW,5.0,1,0
run_20260625_112527,2026-06-25 11:25:27.354880+00:00,0.0025895245,LOW,15.0,5,0
run_20260625_112527,2026-06-25 11:25:27.354880+00:00,0.12850173,LOW,6.0,3,0
run_20260625_112527,2026-06-25 11:25:27.354880+00:00,0.013531302,LOW,15.0,3,1
run_20260625_112527,2026-06-25 11:25:27.354880+00:00,0.05888161,LOW,15.0,4,0
run_20260625_112527,2026-06-25 11:25:27.354880+00:00,0.16365673,LOW,3.0,4,0
run_20260625_112527,2026-06-25 11:25:27.354880+00:00,0.07776771,LOW,11.0,3,0
run_20260625_112527,2026-06-25 11:25:27.354880+00:00,0.13738944,LOW,5.0,5,1
run_20260625_112527,2026-06-25 11:25:27.354880+00:00,0.91636425,HIGH,3.0,5,1
run_20260625_112527,2026-06-25 11:25:27.354880+00:00,0.059722465,LOW,10.0,4,0
run_20260625_112527,2026-06-25 11:25:27.354880+00:00,0.019965762,LOW,19.0,3,0
run_20260625_112527,2026-06-25 11:25:27.354880+00:00,0.023458092,LOW,9.0,5,0
run_20260625_112527,2026-06-25 11:25:27.354880+00:00,0.3357106,LOW,,3,0
run_20260625_112527,2026-06-25 11:25:27.354880+00:00,0.93594885,HIGH,,5,0
run_20260625_112527,2026-06-25 11:25:27.354880+00:00,0.0010665709,LOW,29.0,5,0
run_20260625_112527,2026-06-25 11:25:27.354880+00:00,0.19296125,LOW,13.0,1,1
run_20260625_112527,2026-06-25 11:25:27.354880+00:00,0.8536373,HIGH,11.0,3,1
run_20260625_112527,2026-06-25 11:25:27.354880+00:00,0.98049223,HIGH,18.0,3,1
run_20260625_112527,2026-06-25 11:25:27.354880+00:00,0.009095019,LOW,10.0,5,1
run_20260625_112527,2026-06-25 11:25:27.354880+00:00,0.011413727,LOW,8.0,1,0
run_20260625_112527,2026-06-25 11:25:27.354880+00:00,0.9570564,HIGH,1.0,4,0
run_20260625_112527,2026-06-25 11:25:27.354880+00:00,0.091164224,LOW,8.0,1,0
run_20260625_112527,2026-06-25 11:25:27.354880+00:00,0.024552608,LOW,6.0,4,0
run_20260625_112527,2026-06-25 11:25:27.354880+00:00,0.3987379,LOW,1.0,3,0
run_20260625_112527,2026-06-25 11:25:27.354880+00:00,0.009676972,LOW,9.0,5,0
run_20260625_112527,2026-06-25 11:25:27.354880+00:00,0.2340713,LOW,3.0,3,1
run_20260625_112527,2026-06-25 11:25:27.354880+00:00,0.052158743,LOW,9.0,5,0
run_20260625_112527,2026-06-25 11:25:27.354880+00:00,0.00051397097,LOW,30.0,3,0
run_20260625_112527,2026-06-25 11:25:27.354880+00:00,0.0008708855,LOW,25.0,3,1
run_20260625_112527,2026-06-25 11:25:27.354880+00:00,0.00021420633,LOW,23.0,5,0
run_20260625_112527,2026-06-25 11:25:27.354880+00:00,0.0033256346,LOW,6.0,1,0
run_20260625_112527,2026-06-25 11:25:27.354880+00:00,0.99206406,HIGH,,3,1
run_20260625_112527,2026-06-25 11:25:27.354880+00:00,0.007915806,LOW,13.0,3,0
run_20260625_112527,2026-06-25 11:25:27.354880+00:00,0.02168342,LOW,14.0,5,0
run_20260625_112527,2026-06-25 11:25:27.354880+00:00,0.98007214,HIGH,0.0,2,0
run_20260625_112527,2026-06-25 11:25:27.354880+00:00,0.0035684062,LOW,24.0,3,1
run_20260625_112527,2026-06-25 11:25:27.354880+00:00,0.022121817,LOW,6.0,5,0
run_20260625_112527,2026-06-25 11:25:27.354880+00:00,0.24378268,LOW,,3,0
run_20260625_112527,2026-06-25 11:25:27.354880+00:00,0.9912013,HIGH,1.0,3,1
run_20260625_112527,2026-06-25 11:25:27.354880+00:00,0.03888013,LOW,6.0,1,1
run_20260625_112527,2026-06-25 11:25:27.354880+00:00,0.24630108,LOW,,3,0
run_20260625_112527,2026-06-25 11:25:27.354880+00:00,0.3498583,LOW,0.0,5,0
run_20260625_112527,2026-06-25 11:25:27.354880+00:00,0.89498925,HIGH,1.0,1,0
run_20260625_112527,2026-06-25 11:25:27.354880+00:00,0.9510942,HIGH,1.0,3,0
run_20260625_112527,2026-06-25 11:25:27.354880+00:00,0.003789538,LOW,26.0,3,0
run_20260625_112527,2026-06-25 11:25:27.354880+00:00,0.046269737,LOW,8.0,3,0
run_20260625_112527,2026-06-25 11:25:27.354880+00:00,0.0016421637,LOW,28.0,3,0
run_20260625_112527,2026-06-25 11:25:27.354880+00:00,0.97100484,HIGH,0.0,3,1
run_20260625_112527,2026-06-25 11:25:27.354880+00:00,0.27822077,LOW,2.0,3,0
run_20260625_112527,2026-06-25 11:25:27.354880+00:00,0.24267821,LOW,6.0,4,0
run_20260625_112527,2026-06-25 11:25:27.354880+00:00,0.024428936,LOW,6.0,3,0
run_20260625_112527,2026-06-25 11:25:27.354880+00:00,0.9649293,HIGH,1.0,3,1
run_20260625_112527,2026-06-25 11:25:27.354880+00:00,0.05673946,LOW,19.0,5,0
run_20260625_112527,2026-06-25 11:25:27.354880+00:00,0.98300606,HIGH,1.0,3,1
run_20260625_112527,2026-06-25 11:25:27.354880+00:00,0.003526941,LOW,21.0,3,0
run_20260625_112527,2026-06-25 11:25:27.354880+00:00,0.94306475,HIGH,1.0,3,0
run_20260625_112527,2026-06-25 11:25:27.354880+00:00,0.38364738,LOW,21.0,2,0
run_20260625_112527,2026-06-25 11:25:27.354880+00:00,0.012193639,LOW,7.0,3,0
run_20260625_112527,2026-06-25 11:25:27.354880+00:00,0.101474896,LOW,16.0,1,1
run_20260625_112527,2026-06-25 11:25:27.354880+00:00,0.4387957,MEDIUM,,5,0
run_20260625_112527,2026-06-25 11:25:27.354880+00:00,0.001985289,LOW,15.0,1,1
run_20260625_112527,2026-06-25 11:25:27.354880+00:00,0.06785569,LOW,20.0,3,1
run_20260625_112527,2026-06-25 11:25:27.354880+00:00,0.00069064845,LOW,30.0,5,0
run_20260625_112527,2026-06-25 11:25:27.354880+00:00,0.052396175,LOW,6.0,3,1
run_20260625_112527,2026-06-25 11:25:27.354880+00:00,0.9269845,HIGH,0.0,3,0
run_20260625_112527,2026-06-25 11:25:27.354880+00:00,0.98205066,HIGH,8.0,4,1
run_20260625_112527,2026-06-25 11:25:27.354880+00:00,0.015187423,LOW,5.0,3,0
run_20260625_112527,2026-06-25 11:25:27.354880+00:00,0.9703488,HIGH,,5,1
run_20260625_112527,2026-06-25 11:25:27.354880+00:00,0.9759127,HIGH,1.0,4,0
run_20260625_112527,2026-06-25 11:25:27.354880+00:00,0.06251604,LOW,8.0,1,1
run_20260625_112527,2026-06-25 11:25:27.354880+00:00,0.09747164,LOW,19.0,4,0
run_20260625_112527,2026-06-25 11:25:27.354880+00:00,0.10501295,LOW,16.0,5,0
run_20260625_112527,2026-06-25 11:25:27.354880+00:00,0.97520137,HIGH,0.0,1,1
run_20260625_112527,2026-06-25 11:25:27.354880+00:00,0.107816584,LOW,0.0,1,0
run_20260625_112527,2026-06-25 11:25:27.354880+00:00,0.013947064,LOW,18.0,5,1
run_20260625_112527,2026-06-25 11:25:27.354880+00:00,0.011475984,LOW,15.0,1,0
run_20260625_112527,2026-06-25 11:25:27.354880+00:00,0.10783496,LOW,1.0,5,0
run_20260625_112527,2026-06-25 11:25:27.354880+00:00,0.00012766833,LOW,23.0,3,1
run_20260625_112527,2026-06-25 11:25:27.354880+00:00,0.03753993,LOW,3.0,5,0
run_20260625_112527,2026-06-25 11:25:27.354880+00:00,0.034919746,LOW,14.0,5,1
run_20260625_112527,2026-06-25 11:25:27.354880+00:00,0.003456104,LOW,26.0,2,0
run_20260625_112527,2026-06-25 11:25:27.354880+00:00,0.018806625,LOW,3.0,1,0
run_20260625_112527,2026-06-25 11:25:27.354880+00:00,0.20059945,LOW,8.0,3,1
run_20260625_112527,2026-06-25 11:25:27.354880+00:00,0.9911767,HIGH,0.0,5,0
run_20260625_112527,2026-06-25 11:25:27.354880+00:00,0.0009276037,LOW,31.0,3,1
run_20260625_112527,2026-06-25 11:25:27.354880+00:00,0.0015900173,LOW,18.0,5,0
run_20260625_112527,2026-06-25 11:25:27.354880+00:00,0.9855423,HIGH,1.0,5,0
run_20260625_112527,2026-06-25 11:25:27.354880+00:00,0.9798227,HIGH,1.0,2,0
run_20260625_112527,2026-06-25 11:25:27.354880+00:00,0.07688538,LOW,11.0,3,1
run_20260625_112527,2026-06-25 11:25:27.354880+00:00,0.029932074,LOW,9.0,1,0
run_20260625_112527,2026-06-25 11:25:27.354880+00:00,0.034304585,LOW,10.0,3,0
run_20260625_112527,2026-06-25 11:25:27.354880+00:00,0.000416816,LOW,28.0,4,0
run_20260625_112527,2026-06-25 11:25:27.354880+00:00,0.00033061195,LOW,27.0,5,0
run_20260625_112527,2026-06-25 11:25:27.354880+00:00,0.97426766,HIGH,0.0,5,1
run_20260625_112527,2026-06-25 11:25:27.354880+00:00,0.18136981,LOW,19.0,5,1
run_20260625_112527,2026-06-25 11:25:27.354880+00:00,0.94581985,HIGH,0.0,5,1
run_20260625_112527,2026-06-25 11:25:27.354880+00:00,0.037686862,LOW,12.0,4,0
run_20260625_112527,2026-06-25 11:25:27.354880+00:00,0.002037372,LOW,20.0,5,0
run_20260625_112527,2026-06-25 11:25:27.354880+00:00,0.00023015382,LOW,29.0,4,0
run_20260625_112527,2026-06-25 11:25:27.354880+00:00,0.016969433,LOW,13.0,5,0
run_20260625_112527,2026-06-25 11:25:27.354880+00:00,0.32456645,LOW,1.0,5,0
run_20260625_112527,2026-06-25 11:25:27.354880+00:00,0.96040493,HIGH,13.0,3,1
run_20260625_112527,2026-06-25 11:25:27.354880+00:00,0.15594572,LOW,5.0,3,0
run_20260625_112527,2026-06-25 11:25:27.354880+00:00,0.00071615697,LOW,23.0,4,0
run_20260625_112527,2026-06-25 11:25:27.354880+00:00,0.5273601,MEDIUM,0.0,4,0
run_20260625_112527,2026-06-25 11:25:27.354880+00:00,0.20835088,LOW,20.0,2,0
run_20260625_112527,2026-06-25 11:25:27.354880+00:00,0.091634996,LOW,18.0,1,1
run_20260625_112527,2026-06-25 11:25:27.354880+00:00,0.05221264,LOW,12.0,4,0
run_20260625_112527,2026-06-25 11:25:27.354880+00:00,0.14747238,LOW,5.0,4,0
run_20260625_112527,2026-06-25 11:25:27.354880+00:00,0.10746814,LOW,7.0,5,0
run_20260625_112527,2026-06-25 11:25:27.354880+00:00,0.0002761284,LOW,29.0,4,0
run_20260625_112527,2026-06-25 11:25:27.354880+00:00,0.0019309665,LOW,7.0,5,0
run_20260625_112527,2026-06-25 11:25:27.354880+00:00,0.023820726,LOW,4.0,1,0
run_20260625_112527,2026-06-25 11:25:27.354880+00:00,0.011740766,LOW,19.0,3,0
run_20260625_112527,2026-06-25 11:25:27.354880+00:00,0.34417993,LOW,21.0,5,0
run_20260625_112527,2026-06-25 11:25:27.354880+00:00,0.033309966,LOW,20.0,3,0
run_20260625_112527,2026-06-25 11:25:27.354880+00:00,5.1696607e-05,LOW,29.0,2,0
run_20260625_112527,2026-06-25 11:25:27.354880+00:00,0.66619927,MEDIUM,1.0,4,0
run_20260625_112527,2026-06-25 11:25:27.354880+00:00,0.15548255,LOW,7.0,3,0
run_20260625_112527,2026-06-25 11:25:27.354880+00:00,0.556261,MEDIUM,1.0,5,1
run_20260625_112527,2026-06-25 11:25:27.354880+00:00,0.62282944,MEDIUM,1.0,3,0
run_20260625_112527,2026-06-25 11:25:27.354880+00:00,0.020456435,LOW,8.0,5,0
run_20260625_112527,2026-06-25 11:25:27.354880+00:00,0.97130764,HIGH,5.0,2,1
run_20260625_112527,2026-06-25 11:25:27.354880+00:00,0.9857998,HIGH,1.0,3,0
run_20260625_112527,2026-06-25 11:25:27.354880+00:00,0.00056512945,LOW,25.0,4,0
run_20260625_112527,2026-06-25 11:25:27.354880+00:00,0.028403854,LOW,18.0,4,0
run_20260625_112527,2026-06-25 11:25:27.354880+00:00,0.0026641618,LOW,20.0,4,0
run_20260625_112527,2026-06-25 11:25:27.354880+00:00,0.07526789,LOW,11.0,5,1
run_20260625_112527,2026-06-25 11:25:27.354880+00:00,0.061206896,LOW,2.0,3,0
run_20260625_112527,2026-06-25 11:25:27.354880+00:00,0.71062165,HIGH,4.0,3,1
run_20260625_112527,2026-06-25 11:25:27.354880+00:00,0.93415713,HIGH,,5,0
run_20260625_112527,2026-06-25 11:25:27.354880+00:00,0.06307026,LOW,5.0,4,0
run_20260625_112527,2026-06-25 11:25:27.354880+00:00,0.31794074,LOW,15.0,4,1
run_20260625_112527,2026-06-25 11:25:27.354880+00:00,0.059103366,LOW,17.0,5,1
run_20260625_112527,2026-06-25 11:25:27.354880+00:00,0.004597725,LOW,5.0,1,1
run_20260625_112527,2026-06-25 11:25:27.354880+00:00,0.8978865,HIGH,0.0,4,0
run_20260625_112527,2026-06-25 11:25:27.354880+00:00,0.98394775,HIGH,,5,0
run_20260625_112527,2026-06-25 11:25:27.354880+00:00,0.033072658,LOW,10.0,5,0
run_20260625_112527,2026-06-25 11:25:27.354880+00:00,0.101735786,LOW,5.0,3,0
run_20260625_112527,2026-06-25 11:25:27.354880+00:00,0.97500235,HIGH,1.0,4,0
run_20260625_112527,2026-06-25 11:25:27.354880+00:00,0.028921384,LOW,19.0,1,1
run_20260625_112527,2026-06-25 11:25:27.354880+00:00,0.3987379,LOW,1.0,3,0
run_20260625_112527,2026-06-25 11:25:27.354880+00:00,0.059162177,LOW,7.0,5,0
run_20260625_112527,2026-06-25 11:25:27.354880+00:00,0.14038625,LOW,,3,0
run_20260625_112527,2026-06-25 11:25:27.354880+00:00,0.0048428765,LOW,19.0,4,0
run_20260625_112527,2026-06-25 11:25:27.354880+00:00,0.0039642863,LOW,16.0,5,0
run_20260625_112527,2026-06-25 11:25:27.354880+00:00,0.0923544,LOW,12.0,2,0
run_20260625_112527,2026-06-25 11:25:27.354880+00:00,0.022467986,LOW,7.0,4,0
run_20260625_112527,2026-06-25 11:25:27.354880+00:00,0.15393476,LOW,6.0,5,0
run_20260625_112527,2026-06-25 11:25:27.354880+00:00,0.8490031,HIGH,1.0,3,0
run_20260625_112527,2026-06-25 11:25:27.354880+00:00,5.0478222e-05,LOW,31.0,1,1
run_20260625_112527,2026-06-25 11:25:27.354880+00:00,0.6849544,MEDIUM,0.0,3,0
run_20260625_112527,2026-06-25 11:25:27.354880+00:00,0.0849106,LOW,14.0,3,0
run_20260625_112527,2026-06-25 11:25:27.354880+00:00,0.21746987,LOW,17.0,3,1
run_20260625_112527,2026-06-25 11:25:27.354880+00:00,0.10290772,LOW,0.0,1,0
run_20260625_112527,2026-06-25 11:25:27.354880+00:00,0.13267216,LOW,3.0,3,0
run_20260625_112527,2026-06-25 11:25:27.354880+00:00,3.413037e-05,LOW,30.0,2,1
run_20260625_112527,2026-06-25 11:25:27.354880+00:00,0.12247782,LOW,6.0,1,0
run_20260625_112527,2026-06-25 11:25:27.354880+00:00,0.07640254,LOW,,3,0
run_20260625_112527,2026-06-25 11:25:27.354880+00:00,0.056774527,LOW,7.0,3,0
run_20260625_112527,2026-06-25 11:25:27.354880+00:00,0.987079,HIGH,0.0,5,0
run_20260625_112527,2026-06-25 11:25:27.354880+00:00,0.8750572,HIGH,0.0,3,0
run_20260625_112527,2026-06-25 11:25:27.354880+00:00,0.07652069,LOW,3.0,2,0
run_20260625_112527,2026-06-25 11:25:27.354880+00:00,0.16293995,LOW,10.0,4,1
run_20260625_112527,2026-06-25 11:25:27.354880+00:00,0.11057553,LOW,8.0,4,0
run_20260625_112527,2026-06-25 11:25:27.354880+00:00,0.004032336,LOW,5.0,3,0
run_20260625_112527,2026-06-25 11:25:27.354880+00:00,0.9551431,HIGH,0.0,5,0
run_20260625_112527,2026-06-25 11:25:27.354880+00:00,0.048113804,LOW,18.0,1,1
run_20260625_112527,2026-06-25 11:25:27.354880+00:00,0.015110462,LOW,11.0,1,1
run_20260625_112527,2026-06-25 11:25:27.354880+00:00,0.8750198,HIGH,,4,0
run_20260625_112527,2026-06-25 11:25:27.354880+00:00,0.060968243,LOW,1.0,1,0
run_20260625_112527,2026-06-25 11:25:27.354880+00:00,0.98151946,HIGH,7.0,3,1
run_20260625_112527,2026-06-25 11:25:27.354880+00:00,0.98705727,HIGH,0.0,5,0
run_20260625_112527,2026-06-25 11:25:27.354880+00:00,0.22816718,LOW,9.0,4,0
run_20260625_112527,2026-06-25 11:25:27.354880+00:00,0.03880823,LOW,13.0,3,0
run_20260625_112527,2026-06-25 11:25:27.354880+00:00,0.7983381,HIGH,1.0,3,1
run_20260625_112527,2026-06-25 11:25:27.354880+00:00,0.4901041,MEDIUM,1.0,3,0
run_20260625_112527,2026-06-25 11:25:27.354880+00:00,0.019553568,LOW,9.0,4,0
run_20260625_112527,2026-06-25 11:25:27.354880+00:00,0.08224984,LOW,12.0,4,0
run_20260625_112527,2026-06-25 11:25:27.354880+00:00,0.25952634,LOW,8.0,2,0
run_20260625_112527,2026-06-25 11:25:27.354880+00:00,0.9941836,HIGH,6.0,3,1
run_20260625_112527,2026-06-25 11:25:27.354880+00:00,0.3820585,LOW,4.0,3,0
run_20260625_112527,2026-06-25 11:25:27.354880+00:00,0.47485763,MEDIUM,0.0,5,0
run_20260625_112527,2026-06-25 11:25:27.354880+00:00,0.050637342,LOW,14.0,5,0
run_20260625_112527,2026-06-25 11:25:27.354880+00:00,4.6691446e-05,LOW,26.0,5,0
run_20260625_112527,2026-06-25 11:25:27.354880+00:00,0.110805854,LOW,19.0,1,0
run_20260625_112527,2026-06-25 11:25:27.354880+00:00,0.3626463,LOW,3.0,1,1
run_20260625_112527,2026-06-25 11:25:27.354880+00:00,0.0008106051,LOW,24.0,5,1
run_20260625_112527,2026-06-25 11:25:27.354880+00:00,0.58301973,MEDIUM,2.0,3,0
run_20260625_112527,2026-06-25 11:25:27.354880+00:00,0.028037963,LOW,20.0,1,1
run_20260625_112527,2026-06-25 11:25:27.354880+00:00,0.0005822384,LOW,22.0,1,0
run_20260625_112527,2026-06-25 11:25:27.354880+00:00,0.89804715,HIGH,0.0,4,1
run_20260625_112527,2026-06-25 11:25:27.354880+00:00,0.99600583,HIGH,0.0,3,1
run_20260625_112527,2026-06-25 11:25:27.354880+00:00,0.21339759,LOW,11.0,4,1
run_20260625_112527,2026-06-25 11:25:27.354880+00:00,0.19043392,LOW,14.0,4,0
run_20260625_112527,2026-06-25 11:25:27.354880+00:00,0.028203951,LOW,10.0,1,0
run_20260625_112527,2026-06-25 11:25:27.354880+00:00,0.14297996,LOW,2.0,3,0
run_20260625_112527,2026-06-25 11:25:27.354880+00:00,0.018431524,LOW,10.0,4,0
run_20260625_112527,2026-06-25 11:25:27.354880+00:00,0.0058728834,LOW,6.0,3,1
run_20260625_112527,2026-06-25 11:25:27.354880+00:00,0.43241996,MEDIUM,0.0,1,0
run_20260625_112527,2026-06-25 11:25:27.354880+00:00,0.056676984,LOW,9.0,3,0
run_20260625_112527,2026-06-25 11:25:27.354880+00:00,0.106652066,LOW,,5,0
run_20260625_112527,2026-06-25 11:25:27.354880+00:00,0.9715285,HIGH,1.0,2,1
run_20260625_112527,2026-06-25 11:25:27.354880+00:00,0.03192868,LOW,6.0,2,0
run_20260625_112527,2026-06-25 11:25:27.354880+00:00,0.109787576,LOW,2.0,2,1
run_20260625_112527,2026-06-25 11:25:27.354880+00:00,0.43779954,MEDIUM,3.0,4,0
run_20260625_112527,2026-06-25 11:25:27.354880+00:00,0.06661467,LOW,9.0,3,0
run_20260625_112527,2026-06-25 11:25:27.354880+00:00,0.05494065,LOW,10.0,5,1
run_20260625_112527,2026-06-25 11:25:27.354880+00:00,0.06501261,LOW,8.0,5,1
run_20260625_112527,2026-06-25 11:25:27.354880+00:00,0.28456363,LOW,10.0,1,0
run_20260625_112527,2026-06-25 11:25:27.354880+00:00,0.9523543,HIGH,1.0,1,0
run_20260625_112527,2026-06-25 11:25:27.354880+00:00,0.04701526,LOW,,1,0
run_20260625_112527,2026-06-25 11:25:27.354880+00:00,0.0082510365,LOW,26.0,3,1
run_20260625_112527,2026-06-25 11:25:27.354880+00:00,0.41124916,MEDIUM,1.0,5,0
run_20260625_112527,2026-06-25 11:25:27.354880+00:00,0.13716362,LOW,15.0,3,1
run_20260625_112527,2026-06-25 11:25:27.354880+00:00,0.12612695,LOW,3.0,3,0
run_20260625_112527,2026-06-25 11:25:27.354880+00:00,0.018255731,LOW,11.0,4,0
run_20260625_112527,2026-06-25 11:25:27.354880+00:00,0.08613689,LOW,3.0,1,1
run_20260625_112527,2026-06-25 11:25:27.354880+00:00,0.98134744,HIGH,1.0,2,0
run_20260625_112527,2026-06-25 11:25:27.354880+00:00,0.92914075,HIGH,0.0,3,0
run_20260625_112527,2026-06-25 11:25:27.354880+00:00,0.13056575,LOW,18.0,1,1
run_20260625_112527,2026-06-25 11:25:27.354880+00:00,0.053423535,LOW,7.0,4,0
run_20260625_112527,2026-06-25 11:25:27.354880+00:00,0.55922866,MEDIUM,1.0,5,1
run_20260625_112527,2026-06-25 11:25:27.354880+00:00,0.09907394,LOW,5.0,3,0
run_20260625_112527,2026-06-25 11:25:27.354880+00:00,0.025255023,LOW,,2,0
run_20260625_112527,2026-06-25 11:25:27.354880+00:00,0.12181439,LOW,5.0,5,0
run_20260625_112527,2026-06-25 11:25:27.354880+00:00,0.0008787045,LOW,24.0,3,0
run_20260625_112527,2026-06-25 11:25:27.354880+00:00,0.16033848,LOW,7.0,1,0
run_20260625_112527,2026-06-25 11:25:27.354880+00:00,0.0064949924,LOW,11.0,5,1
run_20260625_112527,2026-06-25 11:25:27.354880+00:00,0.9236889,HIGH,15.0,1,0
run_20260625_112527,2026-06-25 11:25:27.354880+00:00,0.014475499,LOW,13.0,5,1
run_20260625_112527,2026-06-25 11:25:27.354880+00:00,0.005595642,LOW,4.0,2,0
run_20260625_112527,2026-06-25 11:25:27.354880+00:00,0.007971665,LOW,23.0,3,1
run_20260625_112527,2026-06-25 11:25:27.354880+00:00,0.8246067,HIGH,,4,1
run_20260625_112527,2026-06-25 11:25:27.354880+00:00,0.053748753,LOW,7.0,2,0
run_20260625_112527,2026-06-25 11:25:27.354880+00:00,0.09427364,LOW,15.0,3,0
run_20260625_112527,2026-06-25 11:25:27.354880+00:00,0.004028028,LOW,13.0,5,0
run_20260625_112527,2026-06-25 11:25:27.354880+00:00,0.00904427,LOW,9.0,5,0
run_20260625_112527,2026-06-25 11:25:27.354880+00:00,0.22101927,LOW,16.0,1,0
run_20260625_112527,2026-06-25 11:25:27.354880+00:00,0.046056617,LOW,12.0,1,0
run_20260625_112527,2026-06-25 11:25:27.354880+00:00,0.3571111,LOW,4.0,4,0
run_20260625_112527,2026-06-25 11:25:27.354880+00:00,0.38891456,LOW,0.0,2,0
run_20260625_112527,2026-06-25 11:25:27.354880+00:00,0.9905053,HIGH,5.0,3,0
run_20260625_112527,2026-06-25 11:25:27.354880+00:00,0.071182184,LOW,2.0,3,0
run_20260625_112527,2026-06-25 11:25:27.354880+00:00,0.030623011,LOW,15.0,1,0
run_20260625_112527,2026-06-25 11:25:27.354880+00:00,0.46271425,MEDIUM,0.0,1,0
run_20260625_112527,2026-06-25 11:25:27.354880+00:00,0.0067465967,LOW,26.0,4,0
run_20260625_112527,2026-06-25 11:25:27.354880+00:00,0.0016421637,LOW,28.0,3,0
run_20260625_112527,2026-06-25 11:25:27.354880+00:00,0.13534395,LOW,8.0,3,1
run_20260625_112527,2026-06-25 11:25:27.354880+00:00,0.010025253,LOW,14.0,5,0
run_20260625_112527,2026-06-25 11:25:27.354880+00:00,0.5255751,MEDIUM,0.0,1,1
run_20260625_112527,2026-06-25 11:25:27.354880+00:00,0.0067316177,LOW,11.0,5,0
run_20260625_112527,2026-06-25 11:25:27.354880+00:00,0.052777242,LOW,9.0,1,0
run_20260625_112527,2026-06-25 11:25:27.354880+00:00,0.005217873,LOW,4.0,5,0
run_20260625_112527,2026-06-25 11:25:27.354880+00:00,0.09155295,LOW,5.0,1,0
run_20260625_112527,2026-06-25 11:25:27.354880+00:00,0.94411075,HIGH,,4,1
run_20260625_112527,2026-06-25 11:25:27.354880+00:00,0.8380652,HIGH,1.0,3,0
run_20260625_112527,2026-06-25 11:25:27.354880+00:00,0.008780229,LOW,9.0,1,0
run_20260625_112527,2026-06-25 11:25:27.354880+00:00,0.022671867,LOW,17.0,3,0
run_20260625_112527,2026-06-25 11:25:27.354880+00:00,0.8984171,HIGH,,4,0
run_20260625_112527,2026-06-25 11:25:27.354880+00:00,0.03737208,LOW,8.0,4,0
run_20260625_112527,2026-06-25 11:25:27.354880+00:00,0.09310089,LOW,14.0,2,0
run_20260625_112527,2026-06-25 11:25:27.354880+00:00,0.39121625,LOW,9.0,1,0
run_20260625_112527,2026-06-25 11:25:27.354880+00:00,0.97546005,HIGH,5.0,5,1
run_20260625_112527,2026-06-25 11:25:27.354880+00:00,0.0009336665,LOW,22.0,3,1
run_20260625_112527,2026-06-25 11:25:27.354880+00:00,0.12720783,LOW,15.0,2,0
run_20260625_112527,2026-06-25 11:25:27.354880+00:00,0.021420313,LOW,19.0,4,1
run_20260625_112527,2026-06-25 11:25:27.354880+00:00,0.0019488011,LOW,22.0,5,0
run_20260625_112527,2026-06-25 11:25:27.354880+00:00,0.06948051,LOW,2.0,1,0
run_20260625_112527,2026-06-25 11:25:27.354880+00:00,0.00036768487,LOW,23.0,5,1
run_20260625_112527,2026-06-25 11:25:27.354880+00:00,0.101943225,LOW,9.0,4,1
run_20260625_112527,2026-06-25 11:25:27.354880+00:00,0.005432119,LOW,11.0,2,0
run_20260625_112527,2026-06-25 11:25:27.354880+00:00,0.8883862,HIGH,1.0,5,1
run_20260625_112527,2026-06-25 11:25:27.354880+00:00,0.9984249,HIGH,0.0,3,1
run_20260625_112527,2026-06-25 11:25:27.354880+00:00,0.17176251,LOW,7.0,1,0
run_20260625_112527,2026-06-25 11:25:27.354880+00:00,0.013195884,LOW,13.0,3,0
run_20260625_112527,2026-06-25 11:25:27.354880+00:00,0.0023962804,LOW,26.0,1,0
run_20260625_112527,2026-06-25 11:25:27.354880+00:00,0.036176328,LOW,10.0,3,1
run_20260625_112527,2026-06-25 11:25:27.354880+00:00,0.043558326,LOW,7.0,3,0
run_20260625_112527,2026-06-25 11:25:27.354880+00:00,0.07247106,LOW,13.0,3,0
run_20260625_112527,2026-06-25 11:25:27.354880+00:00,0.30713543,LOW,7.0,2,0
run_20260625_112527,2026-06-25 11:25:27.354880+00:00,0.04294432,LOW,3.0,3,0
run_20260625_112527,2026-06-25 11:25:27.354880+00:00,0.002784143,LOW,23.0,2,0
run_20260625_112527,2026-06-25 11:25:27.354880+00:00,0.013321368,LOW,2.0,1,1
run_20260625_112527,2026-06-25 11:25:27.354880+00:00,0.14316353,LOW,15.0,5,1
run_20260625_112527,2026-06-25 11:25:27.354880+00:00,0.31794074,LOW,15.0,4,1
run_20260625_112527,2026-06-25 11:25:27.354880+00:00,0.9591113,HIGH,0.0,1,1
run_20260625_112527,2026-06-25 11:25:27.354880+00:00,0.96413887,HIGH,0.0,5,0
run_20260625_112527,2026-06-25 11:25:27.354880+00:00,0.00020977885,LOW,28.0,4,1
run_20260625_112527,2026-06-25 11:25:27.354880+00:00,0.6994003,MEDIUM,1.0,5,0
run_20260625_112527,2026-06-25 11:25:27.354880+00:00,0.7279928,HIGH,0.0,1,0
run_20260625_112527,2026-06-25 11:25:27.354880+00:00,0.9805546,HIGH,11.0,3,1
run_20260625_112527,2026-06-25 11:25:27.354880+00:00,0.0717487,LOW,15.0,4,0
run_20260625_112527,2026-06-25 11:25:27.354880+00:00,0.005353395,LOW,15.0,4,0
run_20260625_112527,2026-06-25 11:25:27.354880+00:00,0.25935543,LOW,3.0,3,0
run_20260625_112527,2026-06-25 11:25:27.354880+00:00,0.017677952,LOW,12.0,5,0
run_20260625_112527,2026-06-25 11:25:27.354880+00:00,0.007951106,LOW,16.0,1,0
run_20260625_112527,2026-06-25 11:25:27.354880+00:00,0.9885592,HIGH,0.0,3,0
run_20260625_112527,2026-06-25 11:25:27.354880+00:00,0.49143693,MEDIUM,,4,0
run_20260625_112527,2026-06-25 11:25:27.354880+00:00,0.012823961,LOW,4.0,1,1
run_20260625_112527,2026-06-25 11:25:27.354880+00:00,0.27761054,LOW,,4,0
run_20260625_112527,2026-06-25 11:25:27.354880+00:00,0.119894505,LOW,7.0,5,0
run_20260625_112527,2026-06-25 11:25:27.354880+00:00,0.145865,LOW,9.0,1,0
run_20260625_112527,2026-06-25 11:25:27.354880+00:00,0.17483789,LOW,12.0,3,0
run_20260625_112527,2026-06-25 11:25:27.354880+00:00,0.045820586,LOW,17.0,3,1
run_20260625_112527,2026-06-25 11:25:27.354880+00:00,0.36713117,LOW,3.0,5,1
run_20260625_112527,2026-06-25 11:25:27.354880+00:00,0.9649293,HIGH,1.0,3,1
run_20260625_112527,2026-06-25 11:25:27.354880+00:00,0.049523477,LOW,2.0,2,1
run_20260625_112527,2026-06-25 11:25:27.354880+00:00,0.47006854,MEDIUM,7.0,3,1
run_20260625_112527,2026-06-25 11:25:27.354880+00:00,0.010680821,LOW,29.0,4,1
run_20260625_112527,2026-06-25 11:25:27.354880+00:00,0.28460544,LOW,16.0,3,0
run_20260625_112527,2026-06-25 11:25:27.354880+00:00,0.019701129,LOW,7.0,2,0
run_20260625_112527,2026-06-25 11:25:27.354880+00:00,0.020397227,LOW,10.0,3,0
run_20260625_112527,2026-06-25 11:25:27.354880+00:00,0.16389276,LOW,,5,0
run_20260625_112527,2026-06-25 11:25:27.354880+00:00,0.015815081,LOW,18.0,2,0
run_20260625_112527,2026-06-25 11:25:27.354880+00:00,0.0060282517,LOW,9.0,3,0
run_20260625_112527,2026-06-25 11:25:27.354880+00:00,0.08053956,LOW,,5,0
run_20260625_112527,2026-06-25 11:25:27.354880+00:00,0.032023557,LOW,18.0,1,1
run_20260625_112527,2026-06-25 11:25:27.354880+00:00,0.88959277,HIGH,0.0,3,1
run_20260625_112527,2026-06-25 11:25:27.354880+00:00,0.42403644,MEDIUM,13.0,4,0
run_20260625_112527,2026-06-25 11:25:27.354880+00:00,0.16780752,LOW,4.0,3,0
run_20260625_112527,2026-06-25 11:25:27.354880+00:00,0.98487514,HIGH,,2,1
run_20260625_112527,2026-06-25 11:25:27.354880+00:00,0.98889726,HIGH,0.0,4,1
run_20260625_112527,2026-06-25 11:25:27.354880+00:00,0.1740987,LOW,3.0,4,0
run_20260625_112527,2026-06-25 11:25:27.354880+00:00,0.03127164,LOW,1.0,1,0
run_20260625_112527,2026-06-25 11:25:27.354880+00:00,0.05078871,LOW,15.0,4,0
run_20260625_112527,2026-06-25 11:25:27.354880+00:00,0.0043579065,LOW,30.0,4,1
run_20260625_112527,2026-06-25 11:25:27.354880+00:00,0.005100825,LOW,21.0,3,1
run_20260625_112527,2026-06-25 11:25:27.354880+00:00,0.99863005,HIGH,1.0,4,1
run_20260625_112527,2026-06-25 11:25:27.354880+00:00,8.5190055e-05,LOW,25.0,4,0
run_20260625_112527,2026-06-25 11:25:27.354880+00:00,0.07603765,LOW,13.0,4,0
run_20260625_112527,2026-06-25 11:25:27.354880+00:00,0.05580162,LOW,10.0,2,0
run_20260625_112527,2026-06-25 11:25:27.354880+00:00,0.04396638,LOW,14.0,5,0
run_20260625_112527,2026-06-25 11:25:27.354880+00:00,0.053642873,LOW,14.0,4,0
run_20260625_112527,2026-06-25 11:25:27.354880+00:00,0.105807155,LOW,0.0,4,0
run_20260625_112527,2026-06-25 11:25:27.354880+00:00,0.3141675,LOW,,3,1
run_20260625_112527,2026-06-25 11:25:27.354880+00:00,0.9974528,HIGH,1.0,5,1
run_20260625_112527,2026-06-25 11:25:27.354880+00:00,0.14912549,LOW,19.0,2,0
run_20260625_112527,2026-06-25 11:25:27.354880+00:00,0.07277052,LOW,19.0,3,0
run_20260625_112527,2026-06-25 11:25:27.354880+00:00,0.7268896,HIGH,1.0,1,1
run_20260625_112527,2026-06-25 11:25:27.354880+00:00,0.6322685,MEDIUM,,3,0
run_20260625_112527,2026-06-25 11:25:27.354880+00:00,0.0011305915,LOW,23.0,3,0
run_20260625_112527,2026-06-25 11:25:27.354880+00:00,0.10579435,LOW,18.0,3,0
run_20260625_112527,2026-06-25 11:25:27.354880+00:00,0.95502615,HIGH,4.0,3,1
run_20260625_112527,2026-06-25 11:25:27.354880+00:00,0.033008754,LOW,18.0,5,1
run_20260625_112527,2026-06-25 11:25:27.354880+00:00,0.14613774,LOW,16.0,5,1
run_20260625_112527,2026-06-25 11:25:27.354880+00:00,0.03677155,LOW,17.0,4,0
run_20260625_112527,2026-06-25 11:25:27.354880+00:00,0.585406,MEDIUM,1.0,4,0
run_20260625_112527,2026-06-25 11:25:27.354880+00:00,0.0049225525,LOW,24.0,4,0
run_20260625_112527,2026-06-25 11:25:27.354880+00:00,0.2574742,LOW,19.0,1,0
run_20260625_112527,2026-06-25 11:25:27.354880+00:00,0.97655994,HIGH,1.0,3,0
run_20260625_112527,2026-06-25 11:25:27.354880+00:00,0.0075788302,LOW,17.0,1,1
run_20260625_112527,2026-06-25 11:25:27.354880+00:00,0.87987214,HIGH,1.0,3,0
run_20260625_112527,2026-06-25 11:25:27.354880+00:00,0.001336222,LOW,25.0,4,0
run_20260625_112527,2026-06-25 11:25:27.354880+00:00,0.08444821,LOW,8.0,3,0
run_20260625_112527,2026-06-25 11:25:27.354880+00:00,0.016282264,LOW,12.0,1,1
run_20260625_112527,2026-06-25 11:25:27.354880+00:00,0.015577752,LOW,19.0,5,1
run_20260625_112527,2026-06-25 11:25:27.354880+00:00,0.99359715,HIGH,,4,1
run_20260625_112527,2026-06-25 11:25:27.354880+00:00,0.025822693,LOW,14.0,5,0
run_20260625_112527,2026-06-25 11:25:27.354880+00:00,0.00608147,LOW,9.0,5,0
run_20260625_112527,2026-06-25 11:25:27.354880+00:00,0.02531126,LOW,17.0,4,0
run_20260625_112527,2026-06-25 11:25:27.354880+00:00,0.9738176,HIGH,1.0,3,0
run_20260625_112527,2026-06-25 11:25:27.354880+00:00,0.008151952,LOW,13.0,5,0
run_20260625_112527,2026-06-25 11:25:27.354880+00:00,0.7107234,HIGH,1.0,4,0
run_20260625_112527,2026-06-25 11:25:27.354880+00:00,0.05428126,LOW,12.0,1,1
run_20260625_112527,2026-06-25 11:25:27.354880+00:00,0.004849847,LOW,21.0,5,0
run_20260625_112527,2026-06-25 11:25:27.354880+00:00,0.56671596,MEDIUM,7.0,4,1
run_20260625_112527,2026-06-25 11:25:27.354880+00:00,0.0454983,LOW,6.0,3,1
run_20260625_112527,2026-06-25 11:25:27.354880+00:00,0.009995355,LOW,5.0,5,0
run_20260625_112527,2026-06-25 11:25:27.354880+00:00,0.93331075,HIGH,5.0,2,1
run_20260625_112527,2026-06-25 11:25:27.354880+00:00,0.055579044,LOW,6.0,4,0
run_20260625_112527,2026-06-25 11:25:27.354880+00:00,0.00012349286,LOW,29.0,1,1
run_20260625_112527,2026-06-25 11:25:27.354880+00:00,0.11511807,LOW,8.0,2,0
run_20260625_112527,2026-06-25 11:25:27.354880+00:00,0.18269144,LOW,0.0,5,0
run_20260625_112527,2026-06-25 11:25:27.354880+00:00,0.046056617,LOW,12.0,1,0
run_20260625_112527,2026-06-25 11:25:27.354880+00:00,0.07640275,LOW,19.0,5,1
run_20260625_112527,2026-06-25 11:25:27.354880+00:00,0.107816584,LOW,0.0,1,0
run_20260625_112527,2026-06-25 11:25:27.354880+00:00,0.098113135,LOW,11.0,3,0
run_20260625_112527,2026-06-25 11:25:27.354880+00:00,0.8630256,HIGH,,2,0
run_20260625_112527,2026-06-25 11:25:27.354880+00:00,0.9899011,HIGH,0.0,1,1
run_20260625_112527,2026-06-25 11:25:27.354880+00:00,0.060770042,LOW,10.0,1,0
run_20260625_112527,2026-06-25 11:25:27.354880+00:00,0.089559704,LOW,13.0,3,0
run_20260625_112527,2026-06-25 11:25:27.354880+00:00,0.9559017,HIGH,1.0,2,0
run_20260625_112527,2026-06-25 11:25:27.354880+00:00,0.38282135,LOW,2.0,5,1
run_20260625_112527,2026-06-25 11:25:27.354880+00:00,0.33434084,LOW,21.0,4,1
run_20260625_112527,2026-06-25 11:25:27.354880+00:00,0.05412105,LOW,14.0,1,1
run_20260625_112527,2026-06-25 11:25:27.354880+00:00,0.16188473,LOW,3.0,1,0
run_20260625_112527,2026-06-25 11:25:27.354880+00:00,0.03379807,LOW,19.0,1,0
run_20260625_112527,2026-06-25 11:25:27.354880+00:00,0.00063251745,LOW,26.0,2,0
run_20260625_112527,2026-06-25 11:25:27.354880+00:00,0.07640275,LOW,19.0,5,1
run_20260625_112527,2026-06-25 11:25:27.354880+00:00,0.018806625,LOW,3.0,1,0
run_20260625_112527,2026-06-25 11:25:27.354880+00:00,0.9402492,HIGH,19.0,4,1
run_20260625_112527,2026-06-25 11:25:27.354880+00:00,0.00010498743,LOW,27.0,4,0
run_20260625_112527,2026-06-25 11:25:27.354880+00:00,0.004768648,LOW,3.0,5,0
run_20260625_112527,2026-06-25 11:25:27.354880+00:00,0.98360735,HIGH,0.0,3,0
run_20260625_112527,2026-06-25 11:25:27.354880+00:00,0.00086023565,LOW,22.0,3,0
run_20260625_112527,2026-06-25 11:25:27.354880+00:00,0.23626053,LOW,13.0,1,0
run_20260625_112527,2026-06-25 11:25:27.354880+00:00,0.96548015,HIGH,0.0,3,0
run_20260625_112527,2026-06-25 11:25:27.354880+00:00,0.09427364,LOW,15.0,3,0
run_20260625_112527,2026-06-25 11:25:27.354880+00:00,0.050930344,LOW,20.0,4,0
run_20260625_112527,2026-06-25 11:25:27.354880+00:00,0.017507663,LOW,11.0,5,0
run_20260625_112527,2026-06-25 11:25:27.354880+00:00,0.96994096,HIGH,1.0,3,0
run_20260625_112527,2026-06-25 11:25:27.354880+00:00,0.973905,HIGH,1.0,5,0
run_20260625_112527,2026-06-25 11:25:27.354880+00:00,0.33023515,LOW,1.0,1,1
run_20260625_112527,2026-06-25 11:25:27.354880+00:00,0.3672838,LOW,,1,0
run_20260625_112527,2026-06-25 11:25:27.354880+00:00,0.12565461,LOW,8.0,2,0
run_20260625_112527,2026-06-25 11:25:27.354880+00:00,0.078173846,LOW,19.0,3,0
run_20260625_112527,2026-06-25 11:25:27.354880+00:00,0.9644824,HIGH,1.0,1,0
run_20260625_112527,2026-06-25 11:25:27.354880+00:00,0.5286444,MEDIUM,3.0,3,0
run_20260625_112527,2026-06-25 11:25:27.354880+00:00,0.17407878,LOW,14.0,4,0
run_20260625_112527,2026-06-25 11:25:27.354880+00:00,0.01976993,LOW,7.0,1,0
run_20260625_112527,2026-06-25 11:25:27.354880+00:00,0.011069759,LOW,8.0,1,0
run_20260625_112527,2026-06-25 11:25:27.354880+00:00,0.05109768,LOW,14.0,1,0
run_20260625_112527,2026-06-25 11:25:27.354880+00:00,0.0031034197,LOW,28.0,5,1
run_20260625_112527,2026-06-25 11:25:27.354880+00:00,0.035869405,LOW,9.0,3,1
run_20260625_112527,2026-06-25 11:25:27.354880+00:00,0.31356642,LOW,1.0,5,0
run_20260625_112527,2026-06-25 11:25:27.354880+00:00,0.62121236,MEDIUM,10.0,1,0
run_20260625_112527,2026-06-25 11:25:27.354880+00:00,0.03277528,LOW,6.0,4,0
run_20260625_112527,2026-06-25 11:25:27.354880+00:00,0.001979793,LOW,30.0,3,0
run_20260625_112527,2026-06-25 11:25:27.354880+00:00,0.08102946,LOW,4.0,3,0
run_20260625_112527,2026-06-25 11:25:27.354880+00:00,0.008652837,LOW,15.0,2,1
run_20260625_112527,2026-06-25 11:25:27.354880+00:00,5.36344e-05,LOW,28.0,1,1
run_20260625_112527,2026-06-25 11:25:27.354880+00:00,0.97346604,HIGH,1.0,3,0
run_20260625_112527,2026-06-25 11:25:27.354880+00:00,0.3027859,LOW,9.0,2,1
run_20260625_112527,2026-06-25 11:25:27.354880+00:00,0.33239245,LOW,9.0,3,0
run_20260625_112527,2026-06-25 11:25:27.354880+00:00,0.0070346845,LOW,,2,0
run_20260625_112527,2026-06-25 11:25:27.354880+00:00,0.4114446,MEDIUM,6.0,1,0
run_20260625_112527,2026-06-25 11:25:27.354880+00:00,0.28460544,LOW,16.0,3,0
run_20260625_112527,2026-06-25 11:25:27.354880+00:00,0.23838034,LOW,,4,0
run_20260625_112527,2026-06-25 11:25:27.354880+00:00,0.014086145,LOW,15.0,5,0
run_20260625_112527,2026-06-25 11:25:27.354880+00:00,0.9689928,HIGH,1.0,3,0
run_20260625_112527,2026-06-25 11:25:27.354880+00:00,0.9586358,HIGH,1.0,3,0
run_20260625_112527,2026-06-25 11:25:27.354880+00:00,0.058506582,LOW,9.0,3,0
run_20260625_112527,2026-06-25 11:25:27.354880+00:00,0.24887747,LOW,7.0,3,1
run_20260625_112527,2026-06-25 11:25:27.354880+00:00,0.048116706,LOW,9.0,4,0
run_20260625_112527,2026-06-25 11:25:27.354880+00:00,0.057205506,LOW,7.0,3,0
run_20260625_112527,2026-06-25 11:25:27.354880+00:00,0.051239364,LOW,0.0,3,0
run_20260625_112527,2026-06-25 11:25:27.354880+00:00,0.016386954,LOW,20.0,5,1
run_20260625_112527,2026-06-25 11:25:27.354880+00:00,0.03394023,LOW,3.0,2,0
run_20260625_112527,2026-06-25 11:25:27.354880+00:00,0.95324254,HIGH,1.0,3,0
run_20260625_112527,2026-06-25 11:25:27.354880+00:00,0.8658856,HIGH,1.0,1,0
run_20260625_112527,2026-06-25 11:25:27.354880+00:00,0.33865377,LOW,,3,0
run_20260625_112527,2026-06-25 11:25:27.354880+00:00,0.0006444194,LOW,24.0,3,1
run_20260625_112527,2026-06-25 11:25:27.354880+00:00,0.013375376,LOW,11.0,3,0
run_20260625_112527,2026-06-25 11:25:27.354880+00:00,0.97819877,HIGH,1.0,3,0
run_20260625_112527,2026-06-25 11:25:27.354880+00:00,0.11436292,LOW,20.0,1,1
run_20260625_112527,2026-06-25 11:25:27.354880+00:00,0.0034268475,LOW,25.0,1,0
run_20260625_112527,2026-06-25 11:25:27.354880+00:00,0.39697424,LOW,0.0,5,0
run_20260625_112527,2026-06-25 11:25:27.354880+00:00,0.012723829,LOW,14.0,4,0
run_20260625_112527,2026-06-25 11:25:27.354880+00:00,0.19113262,LOW,1.0,3,0
run_20260625_112527,2026-06-25 11:25:27.354880+00:00,0.787184,HIGH,19.0,1,0
run_20260625_112527,2026-06-25 11:25:27.354880+00:00,0.0012666538,LOW,31.0,5,0
run_20260625_112527,2026-06-25 11:25:27.354880+00:00,0.08643057,LOW,8.0,3,0
run_20260625_112527,2026-06-25 11:25:27.354880+00:00,0.001781941,LOW,7.0,2,0
run_20260625_112527,2026-06-25 11:25:27.354880+00:00,0.8864717,HIGH,1.0,5,0
run_20260625_112527,2026-06-25 11:25:27.354880+00:00,0.09863864,LOW,8.0,3,0
run_20260625_112527,2026-06-25 11:25:27.354880+00:00,0.10368353,LOW,6.0,1,0
run_20260625_112527,2026-06-25 11:25:27.354880+00:00,0.019102415,LOW,4.0,2,0
run_20260625_112527,2026-06-25 11:25:27.354880+00:00,0.07478133,LOW,4.0,3,0
run_20260625_112527,2026-06-25 11:25:27.354880+00:00,0.016432416,LOW,9.0,2,0
run_20260625_112527,2026-06-25 11:25:27.354880+00:00,0.018759523,LOW,2.0,3,0
run_20260625_112527,2026-06-25 11:25:27.354880+00:00,0.00029410823,LOW,30.0,1,0
run_20260625_112527,2026-06-25 11:25:27.354880+00:00,0.98552203,HIGH,1.0,3,0
run_20260625_112527,2026-06-25 11:25:27.354880+00:00,0.04731339,LOW,30.0,3,0
run_20260625_112527,2026-06-25 11:25:27.354880+00:00,0.0018980326,LOW,23.0,1,0
run_20260625_112527,2026-06-25 11:25:27.354880+00:00,0.0115060555,LOW,,1,0
run_20260625_112527,2026-06-25 11:25:27.354880+00:00,0.9073565,HIGH,,1,1
run_20260625_112527,2026-06-25 11:25:27.354880+00:00,0.017310094,LOW,2.0,1,0
run_20260625_112527,2026-06-25 11:25:27.354880+00:00,0.035911348,LOW,18.0,1,1
run_20260625_112527,2026-06-25 11:25:27.354880+00:00,0.16242015,LOW,17.0,4,0
run_20260625_112527,2026-06-25 11:25:27.354880+00:00,0.015157583,LOW,19.0,4,0
run_20260625_112527,2026-06-25 11:25:27.354880+00:00,0.005758404,LOW,5.0,4,0
run_20260625_112527,2026-06-25 11:25:27.354880+00:00,0.004208624,LOW,10.0,1,0
run_20260625_112527,2026-06-25 11:25:27.354880+00:00,0.33456254,LOW,0.0,2,0
run_20260625_112527,2026-06-25 11:25:27.354880+00:00,0.0023469958,LOW,26.0,1,0
run_20260625_112527,2026-06-25 11:25:27.354880+00:00,0.68977654,MEDIUM,0.0,5,0
run_20260625_112527,2026-06-25 11:25:27.354880+00:00,0.013137997,LOW,10.0,4,0
run_20260625_112527,2026-06-25 11:25:27.354880+00:00,0.1987451,LOW,8.0,3,1
run_20260625_112527,2026-06-25 11:25:27.354880+00:00,0.002213399,LOW,24.0,4,0
run_20260625_112527,2026-06-25 11:25:27.354880+00:00,0.9620708,HIGH,1.0,3,1
run_20260625_112527,2026-06-25 11:25:27.354880+00:00,0.2867683,LOW,10.0,5,0
run_20260625_112527,2026-06-25 11:25:27.354880+00:00,0.10099646,LOW,,2,0
run_20260625_112527,2026-06-25 11:25:27.354880+00:00,0.08963,LOW,14.0,3,0
run_20260625_112527,2026-06-25 11:25:27.354880+00:00,0.0012666538,LOW,31.0,5,0
run_20260625_112527,2026-06-25 11:25:27.354880+00:00,0.5552836,MEDIUM,,4,0
run_20260625_112527,2026-06-25 11:25:27.354880+00:00,0.12052321,LOW,8.0,1,0
run_20260625_112527,2026-06-25 11:25:27.354880+00:00,0.045577493,LOW,9.0,3,0
run_20260625_112527,2026-06-25 11:25:27.354880+00:00,0.17092362,LOW,4.0,4,0
run_20260625_112527,2026-06-25 11:25:27.354880+00:00,0.22733289,LOW,,1,0
run_20260625_112527,2026-06-25 11:25:27.354880+00:00,0.075259574,LOW,2.0,2,0
run_20260625_112527,2026-06-25 11:25:27.354880+00:00,0.018850358,LOW,17.0,1,1
run_20260625_112527,2026-06-25 11:25:27.354880+00:00,0.003935078,LOW,5.0,1,0
run_20260625_112527,2026-06-25 11:25:27.354880+00:00,0.02016861,LOW,14.0,3,0
run_20260625_112527,2026-06-25 11:25:27.354880+00:00,0.9885592,HIGH,0.0,3,0
run_20260625_112527,2026-06-25 11:25:27.354880+00:00,0.925849,HIGH,1.0,4,1
run_20260625_112527,2026-06-25 11:25:27.354880+00:00,0.8760401,HIGH,5.0,4,0
run_20260625_112527,2026-06-25 11:25:27.354880+00:00,0.10058603,LOW,3.0,2,1
run_20260625_112527,2026-06-25 11:25:27.354880+00:00,0.01908768,LOW,24.0,1,0
run_20260625_112527,2026-06-25 11:25:27.354880+00:00,0.92711073,HIGH,1.0,3,0
run_20260625_112527,2026-06-25 11:25:27.354880+00:00,0.00662781,LOW,12.0,5,1
run_20260625_112527,2026-06-25 11:25:27.354880+00:00,0.97449195,HIGH,1.0,1,1
run_20260625_112527,2026-06-25 11:25:27.354880+00:00,0.01571493,LOW,20.0,4,0
run_20260625_112527,2026-06-25 11:25:27.354880+00:00,0.99799025,HIGH,0.0,1,1
run_20260625_112527,2026-06-25 11:25:27.354880+00:00,0.009401179,LOW,20.0,3,0
run_20260625_112527,2026-06-25 11:25:27.354880+00:00,0.16281338,LOW,18.0,3,0
run_20260625_112527,2026-06-25 11:25:27.354880+00:00,0.033741683,LOW,10.0,4,0
run_20260625_112527,2026-06-25 11:25:27.354880+00:00,0.06361177,LOW,12.0,4,0
run_20260625_112527,2026-06-25 11:25:27.354880+00:00,0.16981927,LOW,15.0,2,0
run_20260625_112527,2026-06-25 11:25:27.354880+00:00,4.7693153e-05,LOW,28.0,2,1
run_20260625_112527,2026-06-25 11:25:27.354880+00:00,0.008635307,LOW,10.0,4,0
run_20260625_112527,2026-06-25 11:25:27.354880+00:00,0.0011227283,LOW,27.0,5,1
run_20260625_112527,2026-06-25 11:25:27.354880+00:00,0.19711387,LOW,20.0,2,0
run_20260625_112527,2026-06-25 11:25:27.354880+00:00,0.9531377,HIGH,0.0,1,1
run_20260625_112527,2026-06-25 11:25:27.354880+00:00,0.12850173,LOW,6.0,3,0
run_20260625_112527,2026-06-25 11:25:27.354880+00:00,0.96040493,HIGH,13.0,3,1
run_20260625_112527,2026-06-25 11:25:27.354880+00:00,0.98985076,HIGH,0.0,1,0
run_20260625_112527,2026-06-25 11:25:27.354880+00:00,0.1625667,LOW,,3,0
run_20260625_112527,2026-06-25 11:25:27.354880+00:00,0.0016613274,LOW,7.0,5,0
run_20260625_112527,2026-06-25 11:25:27.354880+00:00,0.9044926,HIGH,10.0,1,0
run_20260625_112527,2026-06-25 11:25:27.354880+00:00,0.3086963,LOW,8.0,4,0
run_20260625_112527,2026-06-25 11:25:27.354880+00:00,0.9807524,HIGH,1.0,5,0
run_20260625_112527,2026-06-25 11:25:27.354880+00:00,0.2046868,LOW,14.0,3,0
run_20260625_112527,2026-06-25 11:25:27.354880+00:00,0.08979384,LOW,1.0,3,0
run_20260625_112527,2026-06-25 11:25:27.354880+00:00,0.99463105,HIGH,1.0,5,1
run_20260625_112527,2026-06-25 11:25:27.354880+00:00,0.0028365783,LOW,4.0,5,0
run_20260625_112527,2026-06-25 11:25:27.354880+00:00,0.025978113,LOW,14.0,2,0
run_20260625_112527,2026-06-25 11:25:27.354880+00:00,0.05904675,LOW,6.0,2,0
run_20260625_112527,2026-06-25 11:25:27.354880+00:00,0.019168613,LOW,19.0,1,0
run_20260625_112527,2026-06-25 11:25:27.354880+00:00,0.028403854,LOW,18.0,4,0
run_20260625_112527,2026-06-25 11:25:27.354880+00:00,0.849451,HIGH,0.0,4,1
run_20260625_112527,2026-06-25 11:25:27.354880+00:00,0.06085893,LOW,19.0,3,0
run_20260625_112527,2026-06-25 11:25:27.354880+00:00,0.0040967725,LOW,11.0,5,0
run_20260625_112527,2026-06-25 11:25:27.354880+00:00,0.99586535,HIGH,1.0,2,1
run_20260625_112527,2026-06-25 11:25:27.354880+00:00,0.029341243,LOW,15.0,2,1
run_20260625_112527,2026-06-25 11:25:27.354880+00:00,0.07603765,LOW,13.0,4,0
run_20260625_112527,2026-06-25 11:25:27.354880+00:00,0.9815341,HIGH,1.0,1,1
run_20260625_112527,2026-06-25 11:25:27.354880+00:00,0.05868801,LOW,13.0,3,0
run_20260625_112527,2026-06-25 11:25:27.354880+00:00,0.011172435,LOW,21.0,1,0
run_20260625_112527,2026-06-25 11:25:27.354880+00:00,0.09801339,LOW,0.0,5,0
run_20260625_112527,2026-06-25 11:25:27.354880+00:00,0.0048219743,LOW,6.0,3,0
run_20260625_112527,2026-06-25 11:25:27.354880+00:00,0.053113177,LOW,15.0,1,1
run_20260625_112527,2026-06-25 11:25:27.354880+00:00,0.037606426,LOW,4.0,2,0
run_20260625_112527,2026-06-25 11:25:27.354880+00:00,0.16251145,LOW,12.0,2,1
run_20260625_112527,2026-06-25 11:25:27.354880+00:00,0.08476581,LOW,4.0,2,1
run_20260625_112527,2026-06-25 11:25:27.354880+00:00,0.9884288,HIGH,0.0,4,0
run_20260625_112527,2026-06-25 11:25:27.354880+00:00,0.0020862224,LOW,24.0,2,0
run_20260625_112527,2026-06-25 11:25:27.354880+00:00,0.0076886555,LOW,12.0,1,0
run_20260625_112527,2026-06-25 11:25:27.354880+00:00,0.92944384,HIGH,0.0,5,0
run_20260625_112527,2026-06-25 11:25:27.354880+00:00,0.0075065265,LOW,14.0,5,0
run_20260625_112527,2026-06-25 11:25:27.354880+00:00,0.03581255,LOW,8.0,4,0
run_20260625_112527,2026-06-25 11:25:27.354880+00:00,0.26591215,LOW,17.0,3,1
run_20260625_112527,2026-06-25 11:25:27.354880+00:00,0.17152987,LOW,9.0,1,0
run_20260625_112527,2026-06-25 11:25:27.354880+00:00,0.024628948,LOW,14.0,3,0
run_20260625_112527,2026-06-25 11:25:27.354880+00:00,0.0004196437,LOW,5.0,1,0
run_20260625_112527,2026-06-25 11:25:27.354880+00:00,0.0014159806,LOW,11.0,5,1
run_20260625_112527,2026-06-25 11:25:27.354880+00:00,0.015996143,LOW,21.0,3,0
run_20260625_112527,2026-06-25 11:25:27.354880+00:00,0.14067662,LOW,10.0,3,0
run_20260625_112527,2026-06-25 11:25:27.354880+00:00,0.006907193,LOW,19.0,5,0
run_20260625_112527,2026-06-25 11:25:27.354880+00:00,0.8996081,HIGH,0.0,3,1
run_20260625_112527,2026-06-25 11:25:27.354880+00:00,0.99600583,HIGH,0.0,3,1
run_20260625_112527,2026-06-25 11:25:27.354880+00:00,0.21396512,LOW,16.0,4,0
run_20260625_112527,2026-06-25 11:25:27.354880+00:00,0.047386803,LOW,7.0,3,0
run_20260625_112527,2026-06-25 11:25:27.354880+00:00,0.006713717,LOW,6.0,3,0
run_20260625_112527,2026-06-25 11:25:27.354880+00:00,0.024650292,LOW,18.0,5,1
run_20260625_112527,2026-06-25 11:25:27.354880+00:00,0.052009977,LOW,6.0,4,0
run_20260625_112527,2026-06-25 11:25:27.354880+00:00,0.04012051,LOW,17.0,4,0
run_20260625_112527,2026-06-25 11:25:27.354880+00:00,0.068225645,LOW,17.0,2,0
run_20260625_112527,2026-06-25 11:25:27.354880+00:00,0.19901173,LOW,2.0,3,0
run_20260625_112527,2026-06-25 11:25:27.354880+00:00,0.00058297726,LOW,31.0,4,1
run_20260625_112527,2026-06-25 11:25:27.354880+00:00,0.032661796,LOW,17.0,1,1
run_20260625_112527,2026-06-25 11:25:27.354880+00:00,0.034015503,LOW,4.0,3,0
run_20260625_112527,2026-06-25 11:25:27.354880+00:00,0.8088154,HIGH,0.0,3,0
run_20260625_112527,2026-06-25 11:25:27.354880+00:00,0.026444744,LOW,7.0,3,0
run_20260625_112527,2026-06-25 11:25:27.354880+00:00,0.26349393,LOW,8.0,3,1
run_20260625_112527,2026-06-25 11:25:27.354880+00:00,0.06085893,LOW,19.0,3,0
run_20260625_112527,2026-06-25 11:25:27.354880+00:00,0.16403125,LOW,5.0,1,0
run_20260625_112527,2026-06-25 11:25:27.354880+00:00,0.05503401,LOW,10.0,3,0
run_20260625_112527,2026-06-25 11:25:27.354880+00:00,0.024889018,LOW,19.0,1,0
run_20260625_112527,2026-06-25 11:25:27.354880+00:00,0.023592258,LOW,7.0,1,1
run_20260625_112527,2026-06-25 11:25:27.354880+00:00,0.033235993,LOW,14.0,1,1
run_20260625_112527,2026-06-25 11:25:27.354880+00:00,0.036606688,LOW,8.0,1,1
run_20260625_112527,2026-06-25 11:25:27.354880+00:00,0.027908923,LOW,16.0,5,0
run_20260625_112527,2026-06-25 11:25:27.354880+00:00,0.024309762,LOW,7.0,4,0
run_20260625_112527,2026-06-25 11:25:27.354880+00:00,0.5608059,MEDIUM,0.0,2,1
run_20260625_112527,2026-06-25 11:25:27.354880+00:00,0.5111243,MEDIUM,1.0,1,0
run_20260625_112527,2026-06-25 11:25:27.354880+00:00,0.002037372,LOW,20.0,5,0
run_20260625_112527,2026-06-25 11:25:27.354880+00:00,0.22375445,LOW,8.0,4,0
run_20260625_112527,2026-06-25 11:25:27.354880+00:00,0.29913467,LOW,5.0,1,1
run_20260625_112527,2026-06-25 11:25:27.354880+00:00,0.03405225,LOW,11.0,3,0
run_20260625_112527,2026-06-25 11:25:27.354880+00:00,0.05636217,LOW,4.0,3,0
run_20260625_112527,2026-06-25 11:25:27.354880+00:00,0.9046136,HIGH,1.0,2,1
run_20260625_112527,2026-06-25 11:25:27.354880+00:00,0.001545395,LOW,12.0,1,0
run_20260625_112527,2026-06-25 11:25:27.354880+00:00,0.0013542301,LOW,7.0,1,0
run_20260625_112527,2026-06-25 11:25:27.354880+00:00,0.013947064,LOW,18.0,5,1
run_20260625_112527,2026-06-25 11:25:27.354880+00:00,0.010264208,LOW,4.0,1,0
run_20260625_112527,2026-06-25 11:25:27.354880+00:00,0.96396273,HIGH,0.0,1,1
run_20260625_112527,2026-06-25 11:25:27.354880+00:00,0.5191597,MEDIUM,1.0,3,0
run_20260625_112527,2026-06-25 11:25:27.354880+00:00,0.8590677,HIGH,1.0,2,1
run_20260625_112527,2026-06-25 11:25:27.354880+00:00,0.89100945,HIGH,1.0,4,0
run_20260625_112527,2026-06-25 11:25:27.354880+00:00,0.009414519,LOW,8.0,4,0
run_20260625_112527,2026-06-25 11:25:27.354880+00:00,0.9960592,HIGH,0.0,3,1
run_20260625_112527,2026-06-25 11:25:27.354880+00:00,0.06695283,LOW,13.0,3,0
run_20260625_112527,2026-06-25 11:25:27.354880+00:00,0.7873417,HIGH,1.0,5,0
run_20260625_112527,2026-06-25 11:25:27.354880+00:00,0.0010568288,LOW,28.0,5,1
run_20260625_112527,2026-06-25 11:25:27.354880+00:00,0.9372511,HIGH,13.0,3,1
run_20260625_112527,2026-06-25 11:25:27.354880+00:00,0.016994467,LOW,16.0,1,0
run_20260625_112527,2026-06-25 11:25:27.354880+00:00,0.009341891,LOW,4.0,4,0
run_20260625_112527,2026-06-25 11:25:27.354880+00:00,0.0408666,LOW,20.0,2,1
run_20260625_112527,2026-06-25 11:25:27.354880+00:00,0.9918533,HIGH,0.0,2,0
run_20260625_112527,2026-06-25 11:25:27.354880+00:00,0.11735332,LOW,9.0,5,0
run_20260625_112527,2026-06-25 11:25:27.354880+00:00,0.04638887,LOW,3.0,5,0
run_20260625_112527,2026-06-25 11:25:27.354880+00:00,0.02339508,LOW,3.0,3,0
run_20260625_112527,2026-06-25 11:25:27.354880+00:00,0.015306542,LOW,14.0,1,1
run_20260625_112527,2026-06-25 11:25:27.354880+00:00,0.052015543,LOW,19.0,4,0
run_20260625_112527,2026-06-25 11:25:27.354880+00:00,0.5983149,MEDIUM,,4,0
run_20260625_112527,2026-06-25 11:25:27.354880+00:00,0.3358845,LOW,,3,0
run_20260625_112527,2026-06-25 11:25:27.354880+00:00,0.113788545,LOW,9.0,3,0
run_20260625_112527,2026-06-25 11:25:27.354880+00:00,0.68305826,MEDIUM,0.0,2,0
run_20260625_112527,2026-06-25 11:25:27.354880+00:00,0.008670098,LOW,4.0,2,0
run_20260625_112527,2026-06-25 11:25:27.354880+00:00,0.020365948,LOW,31.0,3,0
run_20260625_112527,2026-06-25 11:25:27.354880+00:00,0.0010499156,LOW,25.0,1,0
run_20260625_112527,2026-06-25 11:25:27.354880+00:00,0.35661304,LOW,8.0,3,0
run_20260625_112527,2026-06-25 11:25:27.354880+00:00,0.98846555,HIGH,0.0,5,0
run_20260625_112527,2026-06-25 11:25:27.354880+00:00,0.9865725,HIGH,0.0,3,1
run_20260625_112527,2026-06-25 11:25:27.354880+00:00,0.009988205,LOW,9.0,3,0
run_20260625_112527,2026-06-25 11:25:27.354880+00:00,0.03229082,LOW,9.0,5,0
run_20260625_112527,2026-06-25 11:25:27.354880+00:00,0.08752813,LOW,11.0,3,0
run_20260625_112527,2026-06-25 11:25:27.354880+00:00,0.043424517,LOW,,3,0
run_20260625_112527,2026-06-25 11:25:27.354880+00:00,0.8900334,HIGH,1.0,5,0
run_20260625_112527,2026-06-25 11:25:27.354880+00:00,0.9945051,HIGH,0.0,3,1
run_20260625_112527,2026-06-25 11:25:27.354880+00:00,0.055591617,LOW,2.0,4,0
run_20260625_112527,2026-06-25 11:25:27.354880+00:00,0.16753155,LOW,5.0,3,1
run_20260625_112527,2026-06-25 11:25:27.354880+00:00,0.037512723,LOW,9.0,5,1
run_20260625_112527,2026-06-25 11:25:27.354880+00:00,0.004657095,LOW,2.0,4,1
run_20260625_112527,2026-06-25 11:25:27.354880+00:00,0.008604945,LOW,14.0,2,1
run_20260625_112527,2026-06-25 11:25:27.354880+00:00,0.05673946,LOW,19.0,5,0
run_20260625_112527,2026-06-25 11:25:27.354880+00:00,0.99501246,HIGH,1.0,3,1
run_20260625_112527,2026-06-25 11:25:27.354880+00:00,0.037000757,LOW,16.0,2,0
run_20260625_112527,2026-06-25 11:25:27.354880+00:00,0.23035127,LOW,11.0,1,0
run_20260625_112527,2026-06-25 11:25:27.354880+00:00,0.95925605,HIGH,1.0,5,1
run_20260625_112527,2026-06-25 11:25:27.354880+00:00,0.0048586647,LOW,7.0,5,0
run_20260625_112527,2026-06-25 11:25:27.354880+00:00,0.16891749,LOW,6.0,4,0
run_20260625_112527,2026-06-25 11:25:27.354880+00:00,0.16145295,LOW,12.0,4,0
run_20260625_112527,2026-06-25 11:25:27.354880+00:00,0.9907787,HIGH,1.0,4,1
run_20260625_112527,2026-06-25 11:25:27.354880+00:00,0.8783181,HIGH,1.0,3,0
run_20260625_112527,2026-06-25 11:25:27.354880+00:00,0.00036077123,LOW,26.0,5,0
run_20260625_112527,2026-06-25 11:25:27.354880+00:00,0.118213706,LOW,16.0,1,1
run_20260625_112527,2026-06-25 11:25:27.354880+00:00,0.9804422,HIGH,0.0,5,0
run_20260625_112527,2026-06-25 11:25:27.354880+00:00,0.031718742,LOW,17.0,1,1
run_20260625_112527,2026-06-25 11:25:27.354880+00:00,0.00030718994,LOW,31.0,1,0
run_20260625_112527,2026-06-25 11:25:27.354880+00:00,0.98360735,HIGH,0.0,3,0
run_20260625_112527,2026-06-25 11:25:27.354880+00:00,0.089015774,LOW,5.0,2,0
run_20260625_112527,2026-06-25 11:25:27.354880+00:00,0.41874278,MEDIUM,19.0,3,0
run_20260625_112527,2026-06-25 11:25:27.354880+00:00,0.0773584,LOW,8.0,3,0
run_20260625_112527,2026-06-25 11:25:27.354880+00:00,0.071117744,LOW,9.0,3,0
run_20260625_112527,2026-06-25 11:25:27.354880+00:00,0.00025174397,LOW,31.0,1,1
run_20260625_112527,2026-06-25 11:25:27.354880+00:00,0.46428403,MEDIUM,,5,0
run_20260625_112527,2026-06-25 11:25:27.354880+00:00,0.032193772,LOW,6.0,1,0
run_20260625_112527,2026-06-25 11:25:27.354880+00:00,0.0646471,LOW,10.0,1,1
run_20260625_112527,2026-06-25 11:25:27.354880+00:00,0.7938585,HIGH,1.0,3,1
run_20260625_112527,2026-06-25 11:25:27.354880+00:00,0.9385483,HIGH,4.0,5,1
run_20260625_112527,2026-06-25 11:25:27.354880+00:00,0.007978478,LOW,18.0,3,0
run_20260625_112527,2026-06-25 11:25:27.354880+00:00,0.014262821,LOW,18.0,5,0
run_20260625_112527,2026-06-25 11:25:27.354880+00:00,0.106068894,LOW,5.0,3,0
run_20260625_112527,2026-06-25 11:25:27.354880+00:00,0.49765593,MEDIUM,3.0,2,1
run_20260625_112527,2026-06-25 11:25:27.354880+00:00,0.016557788,LOW,3.0,1,0
run_20260625_112527,2026-06-25 11:25:27.354880+00:00,0.0075165834,LOW,27.0,1,0
run_20260625_112527,2026-06-25 11:25:27.354880+00:00,0.11379809,LOW,13.0,4,0
run_20260625_112527,2026-06-25 11:25:27.354880+00:00,0.2722172,LOW,,3,0
run_20260625_112527,2026-06-25 11:25:27.354880+00:00,0.28316298,LOW,8.0,3,1
run_20260625_112527,2026-06-25 11:25:27.354880+00:00,0.0024775371,LOW,23.0,3,0
run_20260625_112527,2026-06-25 11:25:27.354880+00:00,0.9506322,HIGH,16.0,5,1
run_20260625_112527,2026-06-25 11:25:27.354880+00:00,0.08582882,LOW,12.0,4,0
run_20260625_112527,2026-06-25 11:25:27.354880+00:00,0.93683106,HIGH,0.0,5,1
run_20260625_112527,2026-06-25 11:25:27.354880+00:00,0.052092563,LOW,19.0,1,0
run_20260625_112527,2026-06-25 11:25:27.354880+00:00,0.005392602,LOW,15.0,4,0
run_20260625_112527,2026-06-25 11:25:27.354880+00:00,0.0012527114,LOW,15.0,5,0
run_20260625_112527,2026-06-25 11:25:27.354880+00:00,0.13610822,LOW,8.0,1,0
run_20260625_112527,2026-06-25 11:25:27.354880+00:00,0.19571567,LOW,16.0,4,0
run_20260625_112527,2026-06-25 11:25:27.354880+00:00,0.1612219,LOW,,4,0
run_20260625_112527,2026-06-25 11:25:27.354880+00:00,0.043980006,LOW,14.0,5,0
run_20260625_112527,2026-06-25 11:25:27.354880+00:00,0.99600595,HIGH,1.0,4,1
run_20260625_112527,2026-06-25 11:25:27.354880+00:00,0.3562034,LOW,0.0,5,0
run_20260625_112527,2026-06-25 11:25:27.354880+00:00,0.0027701696,LOW,26.0,3,0
run_20260625_112527,2026-06-25 11:25:27.354880+00:00,0.020349719,LOW,7.0,4,0
run_20260625_112527,2026-06-25 11:25:27.354880+00:00,0.13186769,LOW,3.0,4,1
run_20260625_112527,2026-06-25 11:25:27.354880+00:00,0.1704396,LOW,7.0,4,0
run_20260625_112527,2026-06-25 11:25:27.354880+00:00,0.0058493507,LOW,6.0,3,0
run_20260625_112527,2026-06-25 11:25:27.354880+00:00,0.06566926,LOW,5.0,5,0
run_20260625_112527,2026-06-25 11:25:27.354880+00:00,0.002145302,LOW,23.0,3,0
run_20260625_112527,2026-06-25 11:25:27.354880+00:00,0.98083913,HIGH,0.0,2,1
run_20260625_112527,2026-06-25 11:25:27.354880+00:00,0.0076463623,LOW,14.0,5,0
run_20260625_112527,2026-06-25 11:25:27.354880+00:00,0.9807524,HIGH,1.0,5,0
run_20260625_112527,2026-06-25 11:25:27.354880+00:00,0.03092946,LOW,20.0,5,1
run_20260625_112527,2026-06-25 11:25:27.354880+00:00,0.003526941,LOW,21.0,3,0
run_20260625_112527,2026-06-25 11:25:27.354880+00:00,0.12818518,LOW,9.0,4,0
run_20260625_112527,2026-06-25 11:25:27.354880+00:00,0.0016208546,LOW,27.0,5,1
run_20260625_112527,2026-06-25 11:25:27.354880+00:00,0.08778743,LOW,8.0,4,0
run_20260625_112527,2026-06-25 11:25:27.354880+00:00,0.00017810242,LOW,29.0,4,1
run_20260625_112527,2026-06-25 11:25:27.354880+00:00,0.17248417,LOW,2.0,3,0
run_20260625_112527,2026-06-25 11:25:27.354880+00:00,0.007932213,LOW,29.0,1,0
run_20260625_112527,2026-06-25 11:25:27.354880+00:00,0.00277683,LOW,22.0,4,0
run_20260625_112527,2026-06-25 11:25:27.354880+00:00,0.06361177,LOW,12.0,4,0
run_20260625_112527,2026-06-25 11:25:27.354880+00:00,0.020122807,LOW,11.0,3,0
run_20260625_112527,2026-06-25 11:25:27.354880+00:00,0.60959244,MEDIUM,1.0,5,0
run_20260625_112527,2026-06-25 11:25:27.354880+00:00,0.588341,MEDIUM,9.0,4,0
run_20260625_112527,2026-06-25 11:25:27.354880+00:00,0.002015559,LOW,17.0,2,1
run_20260625_112527,2026-06-25 11:25:27.354880+00:00,0.025776828,LOW,11.0,1,1
run_20260625_112527,2026-06-25 11:25:27.354880+00:00,0.090518504,LOW,15.0,3,0
run_20260625_112527,2026-06-25 11:25:27.354880+00:00,0.9927245,HIGH,0.0,2,1
run_20260625_112527,2026-06-25 11:25:27.354880+00:00,0.0062946877,LOW,14.0,5,0
run_20260625_112527,2026-06-25 11:25:27.354880+00:00,0.0014088067,LOW,8.0,5,0
run_20260625_112527,2026-06-25 11:25:27.354880+00:00,0.58536696,MEDIUM,,3,1
run_20260625_112527,2026-06-25 11:25:27.354880+00:00,0.8696061,HIGH,1.0,2,1
run_20260625_112527,2026-06-25 11:25:27.354880+00:00,0.055016812,LOW,,2,0
run_20260625_112527,2026-06-25 11:25:27.354880+00:00,0.17043583,LOW,8.0,4,0
run_20260625_112527,2026-06-25 11:25:27.354880+00:00,0.03385592,LOW,6.0,1,0
run_20260625_112527,2026-06-25 11:25:27.354880+00:00,0.99186724,HIGH,0.0,3,1
run_20260625_112527,2026-06-25 11:25:27.354880+00:00,0.010371132,LOW,23.0,1,0
run_20260625_112527,2026-06-25 11:25:27.354880+00:00,0.41509828,MEDIUM,19.0,3,0
run_20260625_112527,2026-06-25 11:25:27.354880+00:00,0.17589752,LOW,15.0,3,0
run_20260625_112527,2026-06-25 11:25:27.354880+00:00,0.036176328,LOW,10.0,3,1
run_20260625_112527,2026-06-25 11:25:27.354880+00:00,0.01628321,LOW,19.0,5,1
run_20260625_112527,2026-06-25 11:25:27.354880+00:00,0.022467986,LOW,7.0,4,0
run_20260625_112527,2026-06-25 11:25:27.354880+00:00,0.026746733,LOW,10.0,1,0
run_20260625_112527,2026-06-25 11:25:27.354880+00:00,0.9912621,HIGH,0.0,2,0
run_20260625_112527,2026-06-25 11:25:27.354880+00:00,0.10135163,LOW,2.0,5,0
run_20260625_112527,2026-06-25 11:25:27.354880+00:00,0.032661796,LOW,17.0,1,1
run_20260625_112527,2026-06-25 11:25:27.354880+00:00,0.049168717,LOW,2.0,4,0
run_20260625_112527,2026-06-25 11:25:27.354880+00:00,0.00018761217,LOW,27.0,5,0
run_20260625_112527,2026-06-25 11:25:27.354880+00:00,0.00019452581,LOW,22.0,3,0
run_20260625_112527,2026-06-25 11:25:27.354880+00:00,0.14144216,LOW,1.0,5,0
run_20260625_112527,2026-06-25 11:25:27.354880+00:00,0.99522984,HIGH,0.0,5,1
run_20260625_112527,2026-06-25 11:25:27.354880+00:00,0.035870273,LOW,12.0,1,0
run_20260625_112527,2026-06-25 11:25:27.354880+00:00,0.98110044,HIGH,1.0,4,1
run_20260625_112527,2026-06-25 11:25:27.354880+00:00,0.041234873,LOW,1.0,2,0
run_20260625_112527,2026-06-25 11:25:27.354880+00:00,0.41944247,MEDIUM,17.0,5,0
run_20260625_112527,2026-06-25 11:25:27.354880+00:00,0.9518058,HIGH,20.0,4,1
run_20260625_112527,2026-06-25 11:25:27.354880+00:00,0.017566882,LOW,9.0,4,0
run_20260625_112527,2026-06-25 11:25:27.354880+00:00,0.21339759,LOW,11.0,4,1
run_20260625_112527,2026-06-25 11:25:27.354880+00:00,0.041369643,LOW,5.0,1,1
run_20260625_112527,2026-06-25 11:25:27.354880+00:00,0.06320129,LOW,8.0,2,0
run_20260625_112527,2026-06-25 11:25:27.354880+00:00,0.9762889,HIGH,0.0,2,0
run_20260625_112527,2026-06-25 11:25:27.354880+00:00,0.07511509,LOW,8.0,3,0
run_20260625_112527,2026-06-25 11:25:27.354880+00:00,0.05078871,LOW,15.0,4,0
run_20260625_112527,2026-06-25 11:25:27.354880+00:00,0.9895728,HIGH,0.0,3,1
run_20260625_112527,2026-06-25 11:25:27.354880+00:00,0.96914256,HIGH,1.0,3,1
run_20260625_112527,2026-06-25 11:25:27.354880+00:00,0.30237383,LOW,3.0,4,1
run_20260625_112527,2026-06-25 11:25:27.354880+00:00,0.08358637,LOW,7.0,4,0
run_20260625_112527,2026-06-25 11:25:27.354880+00:00,0.013784937,LOW,5.0,4,1
run_20260625_112527,2026-06-25 11:25:27.354880+00:00,0.973609,HIGH,0.0,1,0
run_20260625_112527,2026-06-25 11:25:27.354880+00:00,0.6510605,MEDIUM,1.0,3,0
run_20260625_112527,2026-06-25 11:25:27.354880+00:00,0.018141985,LOW,10.0,1,0
run_20260625_112527,2026-06-25 11:25:27.354880+00:00,0.00026432076,LOW,22.0,4,0
run_20260625_112527,2026-06-25 11:25:27.354880+00:00,0.013576012,LOW,7.0,1,1
run_20260625_112527,2026-06-25 11:25:27.354880+00:00,0.28601095,LOW,13.0,4,0
run_20260625_112527,2026-06-25 11:25:27.354880+00:00,0.034919746,LOW,14.0,5,1
run_20260625_112527,2026-06-25 11:25:27.354880+00:00,0.0365249,LOW,6.0,4,0
run_20260625_112527,2026-06-25 11:25:27.354880+00:00,0.90655744,HIGH,0.0,1,0
run_20260625_112527,2026-06-25 11:25:27.354880+00:00,0.0031776829,LOW,27.0,3,0
run_20260625_112527,2026-06-25 11:25:27.354880+00:00,0.13374354,LOW,4.0,2,1
run_20260625_112527,2026-06-25 11:25:27.354880+00:00,0.029230287,LOW,6.0,4,1
run_20260625_112527,2026-06-25 11:25:27.354880+00:00,0.17243478,LOW,14.0,4,0
run_20260625_112527,2026-06-25 11:25:27.354880+00:00,0.36748537,LOW,0.0,1,1
run_20260625_112527,2026-06-25 11:25:27.354880+00:00,0.17882946,LOW,13.0,2,0
run_20260625_112527,2026-06-25 11:25:27.354880+00:00,0.9677876,HIGH,0.0,5,0
run_20260625_112527,2026-06-25 11:25:27.354880+00:00,0.4279459,MEDIUM,1.0,5,0
run_20260625_112527,2026-06-25 11:25:27.354880+00:00,0.018059896,LOW,6.0,5,0
run_20260625_112527,2026-06-25 11:25:27.354880+00:00,0.6282708,MEDIUM,1.0,3,0
run_20260625_112527,2026-06-25 11:25:27.354880+00:00,0.012335618,LOW,16.0,3,0
run_20260625_112527,2026-06-25 11:25:27.354880+00:00,0.10697098,LOW,9.0,1,0
run_20260625_112527,2026-06-25 11:25:27.354880+00:00,2.8569713e-05,LOW,23.0,3,0
run_20260625_112527,2026-06-25 11:25:27.354880+00:00,0.0005147831,LOW,30.0,5,0
run_20260625_112527,2026-06-25 11:25:27.354880+00:00,0.00028282276,LOW,24.0,3,1
run_20260625_112527,2026-06-25 11:25:27.354880+00:00,0.91160923,HIGH,1.0,4,0
run_20260625_112527,2026-06-25 11:25:27.354880+00:00,0.01452127,LOW,20.0,3,0
run_20260625_112527,2026-06-25 11:25:27.354880+00:00,0.14206237,LOW,16.0,4,0
run_20260625_112527,2026-06-25 11:25:27.354880+00:00,0.05491185,LOW,10.0,1,0
run_20260625_112527,2026-06-25 11:25:27.354880+00:00,0.10024133,LOW,16.0,1,0
run_20260625_112527,2026-06-25 11:25:27.354880+00:00,0.10236296,LOW,18.0,5,1
run_20260625_112527,2026-06-25 11:25:27.354880+00:00,0.0016719302,LOW,6.0,3,0
run_20260625_112527,2026-06-25 11:25:27.354880+00:00,0.025238806,LOW,8.0,4,0
run_20260625_112527,2026-06-25 11:25:27.354880+00:00,0.016609589,LOW,7.0,3,0
run_20260625_112527,2026-06-25 11:25:27.354880+00:00,0.15194589,LOW,,3,0
run_20260625_112527,2026-06-25 11:25:27.354880+00:00,0.0417274,LOW,10.0,4,0
run_20260625_112527,2026-06-25 11:25:27.354880+00:00,0.0036113195,LOW,26.0,3,0
run_20260625_112527,2026-06-25 11:25:27.354880+00:00,0.005051263,LOW,27.0,3,0
run_20260625_112527,2026-06-25 11:25:27.354880+00:00,0.0010691086,LOW,29.0,4,0
run_20260625_112527,2026-06-25 11:25:27.354880+00:00,0.9389006,HIGH,0.0,5,0
run_20260625_112527,2026-06-25 11:25:27.354880+00:00,0.9912013,HIGH,1.0,3,1
run_20260625_112527,2026-06-25 11:25:27.354880+00:00,0.38319835,LOW,3.0,5,0
run_20260625_112527,2026-06-25 11:25:27.354880+00:00,0.10384857,LOW,13.0,3,0
run_20260625_112527,2026-06-25 11:25:27.354880+00:00,0.013781592,LOW,6.0,1,0
run_20260625_112527,2026-06-25 11:25:27.354880+00:00,0.013978307,LOW,2.0,1,0
run_20260625_112527,2026-06-25 11:25:27.354880+00:00,0.04496853,LOW,6.0,2,0
run_20260625_112527,2026-06-25 11:25:27.354880+00:00,0.005944145,LOW,9.0,4,0
run_20260625_112527,2026-06-25 11:25:27.354880+00:00,0.049260844,LOW,9.0,4,0
run_20260625_112527,2026-06-25 11:25:27.354880+00:00,0.0024248082,LOW,22.0,2,0
run_20260625_112527,2026-06-25 11:25:27.354880+00:00,0.01770481,LOW,11.0,3,0
run_20260625_112527,2026-06-25 11:25:27.354880+00:00,0.013853964,LOW,11.0,1,1
run_20260625_112527,2026-06-25 11:25:27.354880+00:00,0.17232111,LOW,10.0,3,1
run_20260625_112527,2026-06-25 11:25:27.354880+00:00,0.0024556874,LOW,9.0,1,0
run_20260625_112527,2026-06-25 11:25:27.354880+00:00,0.9601323,HIGH,1.0,2,0
run_20260625_112527,2026-06-25 11:25:27.354880+00:00,0.39780378,LOW,4.0,4,1
run_20260625_112527,2026-06-25 11:25:27.354880+00:00,0.015996143,LOW,21.0,3,0
run_20260625_112527,2026-06-25 11:25:27.354880+00:00,0.625885,MEDIUM,1.0,4,0
run_20260625_112527,2026-06-25 11:25:27.354880+00:00,0.0930008,LOW,9.0,3,0
run_20260625_112527,2026-06-25 11:25:27.354880+00:00,0.057098024,LOW,8.0,3,0
run_20260625_112527,2026-06-25 11:25:27.354880+00:00,0.022691332,LOW,9.0,3,0
run_20260625_112527,2026-06-25 11:25:27.354880+00:00,0.006466268,LOW,24.0,3,0
run_20260625_112527,2026-06-25 11:25:27.354880+00:00,0.9855318,HIGH,0.0,4,0
run_20260625_112527,2026-06-25 11:25:27.354880+00:00,0.16603193,LOW,,3,0
run_20260625_112527,2026-06-25 11:25:27.354880+00:00,0.16281338,LOW,18.0,3,0
run_20260625_112527,2026-06-25 11:25:27.354880+00:00,0.9170323,HIGH,1.0,3,0
run_20260625_112527,2026-06-25 11:25:27.354880+00:00,0.07269234,LOW,9.0,3,0
run_20260625_112527,2026-06-25 11:25:27.354880+00:00,0.014709079,LOW,7.0,4,0
run_20260625_112527,2026-06-25 11:25:27.354880+00:00,0.718532,HIGH,1.0,1,0
run_20260625_112527,2026-06-25 11:25:27.354880+00:00,0.005770663,LOW,11.0,4,0
run_20260625_112527,2026-06-25 11:25:27.354880+00:00,0.20908801,LOW,7.0,3,0
run_20260625_112527,2026-06-25 11:25:27.354880+00:00,0.4976068,MEDIUM,5.0,4,0
run_20260625_112527,2026-06-25 11:25:27.354880+00:00,0.07199695,LOW,9.0,3,0
run_20260625_112527,2026-06-25 11:25:27.354880+00:00,0.5370345,MEDIUM,3.0,5,0
run_20260625_112527,2026-06-25 11:25:27.354880+00:00,0.25873446,LOW,14.0,2,1
run_20260625_112527,2026-06-25 11:25:27.354880+00:00,0.8753366,HIGH,1.0,5,1
run_20260625_112527,2026-06-25 11:25:27.354880+00:00,0.99522984,HIGH,0.0,5,1
run_20260625_112527,2026-06-25 11:25:27.354880+00:00,0.8772433,HIGH,0.0,4,0
run_20260625_112527,2026-06-25 11:25:27.354880+00:00,0.015454096,LOW,13.0,1,0
run_20260625_112527,2026-06-25 11:25:27.354880+00:00,0.1552505,LOW,17.0,3,0
run_20260625_112527,2026-06-25 11:25:27.354880+00:00,0.9875381,HIGH,0.0,5,0
run_20260625_112527,2026-06-25 11:25:27.354880+00:00,0.011929908,LOW,19.0,4,0
run_20260625_112527,2026-06-25 11:25:27.354880+00:00,0.010362536,LOW,18.0,1,0
run_20260625_112527,2026-06-25 11:25:27.354880+00:00,0.9120811,HIGH,13.0,2,0
run_20260625_112527,2026-06-25 11:25:27.354880+00:00,0.06898794,LOW,12.0,5,0
run_20260625_112527,2026-06-25 11:25:27.354880+00:00,0.8047561,HIGH,0.0,2,0
run_20260625_112527,2026-06-25 11:25:27.354880+00:00,0.86602175,HIGH,13.0,1,0
run_20260625_112527,2026-06-25 11:25:27.354880+00:00,0.012723829,LOW,14.0,4,0
run_20260625_112527,2026-06-25 11:25:27.354880+00:00,0.0119567495,LOW,8.0,2,0
run_20260625_112527,2026-06-25 11:25:27.354880+00:00,0.04727432,LOW,16.0,3,0
run_20260625_112527,2026-06-25 11:25:27.354880+00:00,0.0070765186,LOW,7.0,5,0
run_20260625_112527,2026-06-25 11:25:27.354880+00:00,0.998727,HIGH,0.0,3,1
run_20260625_112527,2026-06-25 11:25:27.354880+00:00,0.15761775,LOW,8.0,1,0
run_20260625_112527,2026-06-25 11:25:27.354880+00:00,0.0048174895,LOW,2.0,2,0
run_20260625_112527,2026-06-25 11:25:27.354880+00:00,0.97290504,HIGH,20.0,1,1
run_20260625_112527,2026-06-25 11:25:27.354880+00:00,0.025747903,LOW,2.0,5,0
run_20260625_112527,2026-06-25 11:25:27.354880+00:00,0.9910579,HIGH,0.0,3,1
run_20260625_112527,2026-06-25 11:25:27.354880+00:00,0.030700857,LOW,8.0,3,1
run_20260625_112527,2026-06-25 11:25:27.354880+00:00,0.20607445,LOW,4.0,3,1
run_20260625_112527,2026-06-25 11:25:27.354880+00:00,0.005100825,LOW,21.0,3,1
run_20260625_112527,2026-06-25 11:25:27.354880+00:00,0.26097554,LOW,15.0,1,0
run_20260625_112527,2026-06-25 11:25:27.354880+00:00,0.12642603,LOW,13.0,4,0
run_20260625_112527,2026-06-25 11:25:27.354880+00:00,0.059722465,LOW,10.0,4,0
run_20260625_112527,2026-06-25 11:25:27.354880+00:00,0.0056631886,LOW,4.0,1,0
run_20260625_112527,2026-06-25 11:25:27.354880+00:00,0.43969244,MEDIUM,1.0,4,0
run_20260625_112527,2026-06-25 11:25:27.354880+00:00,0.8972205,HIGH,0.0,3,0
run_20260625_112527,2026-06-25 11:25:27.354880+00:00,0.8078843,HIGH,3.0,3,0
run_20260625_112527,2026-06-25 11:25:27.354880+00:00,0.07679273,LOW,10.0,3,0
run_20260625_112527,2026-06-25 11:25:27.354880+00:00,0.0056628045,LOW,24.0,3,0
run_20260625_112527,2026-06-25 11:25:27.354880+00:00,0.021749886,LOW,7.0,2,0
run_20260625_112527,2026-06-25 11:25:27.354880+00:00,0.011611384,LOW,8.0,1,0
run_20260625_112527,2026-06-25 11:25:27.354880+00:00,0.02926075,LOW,7.0,4,1
run_20260625_112527,2026-06-25 11:25:27.354880+00:00,0.95248824,HIGH,0.0,1,1
run_20260625_112527,2026-06-25 11:25:27.354880+00:00,0.30686256,LOW,16.0,3,1
run_20260625_112527,2026-06-25 11:25:27.354880+00:00,0.024228558,LOW,9.0,4,0
run_20260625_112527,2026-06-25 11:25:27.354880+00:00,0.0006807178,LOW,28.0,1,0
run_20260625_112527,2026-06-25 11:25:27.354880+00:00,0.54378563,MEDIUM,0.0,2,0
run_20260625_112527,2026-06-25 11:25:27.354880+00:00,0.99147546,HIGH,1.0,3,1
run_20260625_112527,2026-06-25 11:25:27.354880+00:00,0.02772473,LOW,9.0,4,0
run_20260625_112527,2026-06-25 11:25:27.354880+00:00,0.00026108127,LOW,29.0,1,1
run_20260625_112527,2026-06-25 11:25:27.354880+00:00,0.9858884,HIGH,0.0,3,1
run_20260625_112527,2026-06-25 11:25:27.354880+00:00,0.32220653,LOW,9.0,3,1
run_20260625_112527,2026-06-25 11:25:27.354880+00:00,0.019095644,LOW,8.0,3,1
run_20260625_112527,2026-06-25 11:25:27.354880+00:00,0.064416274,LOW,2.0,1,1
run_20260625_112527,2026-06-25 11:25:27.354880+00:00,0.00079938513,LOW,29.0,5,0
run_20260625_112527,2026-06-25 11:25:27.354880+00:00,0.0067602987,LOW,7.0,3,0
run_20260625_112527,2026-06-25 11:25:27.354880+00:00,0.020550393,LOW,20.0,3,0
run_20260625_112527,2026-06-25 11:25:27.354880+00:00,0.018680256,LOW,6.0,3,0
run_20260625_112527,2026-06-25 11:25:27.354880+00:00,0.0005859849,LOW,27.0,3,0
run_20260625_112527,2026-06-25 11:25:27.354880+00:00,0.0130836535,LOW,3.0,5,0
run_20260625_112527,2026-06-25 11:25:27.354880+00:00,0.00011101134,LOW,31.0,2,1
run_20260625_112527,2026-06-25 11:25:27.354880+00:00,0.99540824,HIGH,,5,1
run_20260625_112527,2026-06-25 11:25:27.354880+00:00,0.012883884,LOW,30.0,2,0
run_20260625_112527,2026-06-25 11:25:27.354880+00:00,0.30659044,LOW,,4,0
run_20260625_112527,2026-06-25 11:25:27.354880+00:00,0.98858136,HIGH,1.0,5,0
run_20260625_112527,2026-06-25 11:25:27.354880+00:00,0.11527032,LOW,15.0,3,0
run_20260625_112527,2026-06-25 11:25:27.354880+00:00,0.010412362,LOW,18.0,1,0
run_20260625_112527,2026-06-25 11:25:27.354880+00:00,0.1682315,LOW,15.0,1,0
run_20260625_112527,2026-06-25 11:25:27.354880+00:00,0.15839306,LOW,20.0,1,0
run_20260625_112527,2026-06-25 11:25:27.354880+00:00,0.17546591,LOW,4.0,3,1
run_20260625_112527,2026-06-25 11:25:27.354880+00:00,0.023458092,LOW,9.0,5,0
run_20260625_112527,2026-06-25 11:25:27.354880+00:00,0.1392806,LOW,2.0,4,0
run_20260625_112527,2026-06-25 11:25:27.354880+00:00,0.9868903,HIGH,0.0,5,0
run_20260625_112527,2026-06-25 11:25:27.354880+00:00,0.10633527,LOW,9.0,3,0
run_20260625_112527,2026-06-25 11:25:27.354880+00:00,0.62382215,MEDIUM,1.0,5,1
run_20260625_112527,2026-06-25 11:25:27.354880+00:00,0.0053198226,LOW,6.0,1,0
run_20260625_112527,2026-06-25 11:25:27.354880+00:00,0.9963237,HIGH,1.0,2,1
run_20260625_112527,2026-06-25 11:25:27.354880+00:00,0.18206829,LOW,20.0,1,0
run_20260625_112527,2026-06-25 11:25:27.354880+00:00,0.00497933,LOW,12.0,1,0
run_20260625_112527,2026-06-25 11:25:27.354880+00:00,0.011283025,LOW,31.0,3,0
run_20260625_112527,2026-06-25 11:25:27.354880+00:00,0.9946478,HIGH,1.0,1,1
run_20260625_112527,2026-06-25 11:25:27.354880+00:00,0.38158065,LOW,1.0,3,0
run_20260625_112527,2026-06-25 11:25:27.354880+00:00,0.069966875,LOW,10.0,3,1
run_20260625_112527,2026-06-25 11:25:27.354880+00:00,0.2934761,LOW,3.0,3,0
run_20260625_112527,2026-06-25 11:25:27.354880+00:00,0.01586406,LOW,4.0,3,0
run_20260625_112527,2026-06-25 11:25:27.354880+00:00,0.10335583,LOW,4.0,4,0
run_20260625_112527,2026-06-25 11:25:27.354880+00:00,0.06957396,LOW,4.0,4,1
run_20260625_112527,2026-06-25 11:25:27.354880+00:00,0.36950365,LOW,5.0,1,1
run_20260625_112527,2026-06-25 11:25:27.354880+00:00,0.010114382,LOW,6.0,1,0
run_20260625_112527,2026-06-25 11:25:27.354880+00:00,0.23511574,LOW,0.0,1,0
run_20260625_112527,2026-06-25 11:25:27.354880+00:00,0.008090691,LOW,28.0,1,0
run_20260625_112527,2026-06-25 11:25:27.354880+00:00,0.0030922943,LOW,22.0,1,0
run_20260625_112527,2026-06-25 11:25:27.354880+00:00,0.65539277,MEDIUM,5.0,4,1
run_20260625_112527,2026-06-25 11:25:27.354880+00:00,0.00020414105,LOW,19.0,5,0
run_20260625_112527,2026-06-25 11:25:27.354880+00:00,0.17369126,LOW,7.0,5,0
run_20260625_112527,2026-06-25 11:25:27.354880+00:00,0.0035607186,LOW,2.0,1,0
run_20260625_112527,2026-06-25 11:25:27.354880+00:00,0.0002901293,LOW,28.0,1,0
run_20260625_112527,2026-06-25 11:25:27.354880+00:00,0.9788071,HIGH,1.0,1,1
run_20260625_112527,2026-06-25 11:25:27.354880+00:00,0.9101725,HIGH,1.0,5,0
run_20260625_112527,2026-06-25 11:25:27.354880+00:00,0.015050014,LOW,13.0,3,0
run_20260625_112527,2026-06-25 11:25:27.354880+00:00,0.09386977,LOW,17.0,2,0
run_20260625_112527,2026-06-25 11:25:27.354880+00:00,0.027175603,LOW,16.0,3,0
run_20260625_112527,2026-06-25 11:25:27.354880+00:00,0.18627895,LOW,7.0,3,0
run_20260625_112527,2026-06-25 11:25:27.354880+00:00,0.02542796,LOW,8.0,3,0
run_20260625_112527,2026-06-25 11:25:27.354880+00:00,0.5583216,MEDIUM,0.0,1,0
run_20260625_112527,2026-06-25 11:25:27.354880+00:00,0.97483623,HIGH,,4,1
run_20260625_112527,2026-06-25 11:25:27.354880+00:00,0.029362777,LOW,15.0,5,1
run_20260625_112527,2026-06-25 11:25:27.354880+00:00,0.98552203,HIGH,1.0,3,0
run_20260625_112527,2026-06-25 11:25:27.354880+00:00,0.004377188,LOW,7.0,4,0
run_20260625_112527,2026-06-25 11:25:27.354880+00:00,0.03574632,LOW,16.0,5,0
run_20260625_112527,2026-06-25 11:25:27.354880+00:00,0.24166046,LOW,16.0,2,1
run_20260625_112527,2026-06-25 11:25:27.354880+00:00,0.120973274,LOW,4.0,5,1
run_20260625_112527,2026-06-25 11:25:27.354880+00:00,0.26503992,LOW,0.0,5,0
run_20260625_112527,2026-06-25 11:25:27.354880+00:00,0.9914681,HIGH,2.0,5,1
run_20260625_112527,2026-06-25 11:25:27.354880+00:00,0.03897191,LOW,8.0,1,0
run_20260625_112527,2026-06-25 11:25:27.354880+00:00,0.8865638,HIGH,1.0,2,0
run_20260625_112527,2026-06-25 11:25:27.354880+00:00,0.5767145,MEDIUM,1.0,4,0
run_20260625_112527,2026-06-25 11:25:27.354880+00:00,0.96275806,HIGH,1.0,3,1
run_20260625_112527,2026-06-25 11:25:27.354880+00:00,0.017823353,LOW,8.0,4,0
run_20260625_112527,2026-06-25 11:25:27.354880+00:00,0.038725793,LOW,6.0,5,0
run_20260625_112527,2026-06-25 11:25:27.354880+00:00,0.019089479,LOW,10.0,1,0
run_20260625_112527,2026-06-25 11:25:27.354880+00:00,0.96487623,HIGH,11.0,4,1
run_20260625_112527,2026-06-25 11:25:27.354880+00:00,0.97073215,HIGH,19.0,1,0
run_20260625_112527,2026-06-25 11:25:27.354880+00:00,0.27962196,LOW,6.0,1,0
run_20260625_112527,2026-06-25 11:25:27.354880+00:00,0.0032449826,LOW,19.0,5,1
run_20260625_112527,2026-06-25 11:25:27.354880+00:00,0.8900334,HIGH,1.0,5,0
run_20260625_112527,2026-06-25 11:25:27.354880+00:00,0.0016719302,LOW,6.0,3,0
run_20260625_112527,2026-06-25 11:25:27.354880+00:00,0.00065554166,LOW,31.0,2,1
run_20260625_112527,2026-06-25 11:25:27.354880+00:00,0.022265201,LOW,5.0,1,1
run_20260625_112527,2026-06-25 11:25:27.354880+00:00,0.9637796,HIGH,1.0,3,1
run_20260625_112527,2026-06-25 11:25:27.354880+00:00,0.019808287,LOW,8.0,1,0
run_20260625_112527,2026-06-25 11:25:27.354880+00:00,0.027107727,LOW,8.0,1,0
run_20260625_112527,2026-06-25 11:25:27.354880+00:00,0.001105958,LOW,27.0,3,1
run_20260625_112527,2026-06-25 11:25:27.354880+00:00,0.08075865,LOW,21.0,2,1
run_20260625_112527,2026-06-25 11:25:27.354880+00:00,0.11406956,LOW,4.0,5,0
run_20260625_112527,2026-06-25 11:25:27.354880+00:00,0.11991844,LOW,5.0,4,0
run_20260625_112527,2026-06-25 11:25:27.354880+00:00,0.00072147616,LOW,28.0,4,0
run_20260625_112527,2026-06-25 11:25:27.354880+00:00,0.52721286,MEDIUM,5.0,2,1
run_20260625_112527,2026-06-25 11:25:27.354880+00:00,0.04245864,LOW,10.0,1,0
run_20260625_112527,2026-06-25 11:25:27.354880+00:00,0.9838382,HIGH,0.0,5,0
run_20260625_112527,2026-06-25 11:25:27.354880+00:00,0.41760147,MEDIUM,1.0,3,0
run_20260625_112527,2026-06-25 11:25:27.354880+00:00,0.15351412,LOW,16.0,3,0
run_20260625_112527,2026-06-25 11:25:27.354880+00:00,0.01101714,LOW,4.0,1,0
run_20260625_112527,2026-06-25 11:25:27.354880+00:00,0.49143693,MEDIUM,,4,0
run_20260625_112527,2026-06-25 11:25:27.354880+00:00,0.042015314,LOW,5.0,1,0
run_20260625_112527,2026-06-25 11:25:27.354880+00:00,0.99441576,HIGH,1.0,1,1
run_20260625_112527,2026-06-25 11:25:27.354880+00:00,0.07688538,LOW,11.0,3,1
run_20260625_112527,2026-06-25 11:25:27.354880+00:00,0.07489985,LOW,8.0,5,0
run_20260625_112527,2026-06-25 11:25:27.354880+00:00,0.30470753,LOW,1.0,2,0
run_20260625_112527,2026-06-25 11:25:27.354880+00:00,0.025493074,LOW,10.0,5,0
run_20260625_112527,2026-06-25 11:25:27.354880+00:00,0.9822854,HIGH,1.0,4,0
run_20260625_112527,2026-06-25 11:25:27.354880+00:00,0.6821288,MEDIUM,14.0,3,1
run_20260625_112527,2026-06-25 11:25:27.354880+00:00,0.9171086,HIGH,1.0,3,0
run_20260625_112527,2026-06-25 11:25:27.354880+00:00,0.9402882,HIGH,1.0,3,0
run_20260625_112527,2026-06-25 11:25:27.354880+00:00,0.9964155,HIGH,,4,1
run_20260625_112527,2026-06-25 11:25:27.354880+00:00,0.15455617,LOW,,1,0
run_20260625_112527,2026-06-25 11:25:27.354880+00:00,0.0025011543,LOW,12.0,3,0
run_20260625_112527,2026-06-25 11:25:27.354880+00:00,0.0034192689,LOW,7.0,1,0
run_20260625_112527,2026-06-25 11:25:27.354880+00:00,0.26860654,LOW,6.0,3,1
run_20260625_112527,2026-06-25 11:25:27.354880+00:00,0.011968077,LOW,9.0,1,0
run_20260625_112527,2026-06-25 11:25:27.354880+00:00,0.011564106,LOW,21.0,1,0
run_20260625_112527,2026-06-25 11:25:27.354880+00:00,0.14089885,LOW,,1,0
run_20260625_112527,2026-06-25 11:25:27.354880+00:00,0.019742683,LOW,10.0,4,1
run_20260625_112527,2026-06-25 11:25:27.354880+00:00,0.08643982,LOW,8.0,3,0
run_20260625_112527,2026-06-25 11:25:27.354880+00:00,0.45606923,MEDIUM,3.0,1,0
run_20260625_112527,2026-06-25 11:25:27.354880+00:00,0.046392094,LOW,10.0,5,0
run_20260625_112527,2026-06-25 11:25:27.354880+00:00,0.9981509,HIGH,1.0,3,1
run_20260625_112527,2026-06-25 11:25:27.354880+00:00,0.97180015,HIGH,0.0,3,1
run_20260625_112527,2026-06-25 11:25:27.354880+00:00,0.001867511,LOW,25.0,2,0
run_20260625_112527,2026-06-25 11:25:27.354880+00:00,0.009130567,LOW,14.0,3,0
run_20260625_112527,2026-06-25 11:25:27.354880+00:00,0.4105709,MEDIUM,1.0,5,0
run_20260625_112527,2026-06-25 11:25:27.354880+00:00,0.30272597,LOW,1.0,1,0
run_20260625_112527,2026-06-25 11:25:27.354880+00:00,0.027044775,LOW,11.0,3,0
run_20260625_112527,2026-06-25 11:25:27.354880+00:00,0.9034421,HIGH,17.0,1,0
run_20260625_112527,2026-06-25 11:25:27.354880+00:00,0.020733338,LOW,10.0,3,0
run_20260625_112527,2026-06-25 11:25:27.354880+00:00,0.019168613,LOW,19.0,1,0
run_20260625_112527,2026-06-25 11:25:27.354880+00:00,0.95557785,HIGH,,5,0
run_20260625_112527,2026-06-25 11:25:27.354880+00:00,0.012635796,LOW,7.0,1,1
run_20260625_112527,2026-06-25 11:25:27.354880+00:00,0.9520938,HIGH,,4,1
run_20260625_112527,2026-06-25 11:25:27.354880+00:00,0.31929207,LOW,3.0,5,0
run_20260625_112527,2026-06-25 11:25:27.354880+00:00,0.031339306,LOW,4.0,3,0
run_20260625_112527,2026-06-25 11:25:27.354880+00:00,0.0017865816,LOW,30.0,5,1
run_20260625_112527,2026-06-25 11:25:27.354880+00:00,0.91671103,HIGH,1.0,3,1
run_20260625_112527,2026-06-25 11:25:27.354880+00:00,0.35645053,LOW,,2,0
run_20260625_112527,2026-06-25 11:25:27.354880+00:00,0.055980362,LOW,10.0,3,0
run_20260625_112527,2026-06-25 11:25:27.354880+00:00,0.96222067,HIGH,1.0,3,0
run_20260625_112527,2026-06-25 11:25:27.354880+00:00,0.98303926,HIGH,5.0,3,0
run_20260625_112527,2026-06-25 11:25:27.354880+00:00,0.07871638,LOW,10.0,2,0
run_20260625_112527,2026-06-25 11:25:27.354880+00:00,0.017024087,LOW,7.0,3,1
run_20260625_112527,2026-06-25 11:25:27.354880+00:00,0.9534452,HIGH,15.0,4,1
run_20260625_112527,2026-06-25 11:25:27.354880+00:00,0.04012051,LOW,17.0,4,0
run_20260625_112527,2026-06-25 11:25:27.354880+00:00,0.09654276,LOW,6.0,2,0
run_20260625_112527,2026-06-25 11:25:27.354880+00:00,0.97134554,HIGH,1.0,1,1
run_20260625_112527,2026-06-25 11:25:27.354880+00:00,0.00063890335,LOW,28.0,4,1
run_20260625_112527,2026-06-25 11:25:27.354880+00:00,0.19239238,LOW,7.0,1,0
run_20260625_112527,2026-06-25 11:25:27.354880+00:00,0.007951106,LOW,16.0,1,0
run_20260625_112527,2026-06-25 11:25:27.354880+00:00,0.0045467503,LOW,18.0,4,0
run_20260625_112527,2026-06-25 11:25:27.354880+00:00,0.0026168982,LOW,19.0,5,1
run_20260625_112527,2026-06-25 11:25:27.354880+00:00,0.96548015,HIGH,0.0,3,0
run_20260625_112527,2026-06-25 11:25:27.354880+00:00,0.865004,HIGH,1.0,1,1
run_20260625_112527,2026-06-25 11:25:27.354880+00:00,0.022673395,LOW,19.0,1,1
run_20260625_112527,2026-06-25 11:25:27.354880+00:00,0.019546567,LOW,15.0,5,0
run_20260625_112527,2026-06-25 11:25:27.354880+00:00,0.0037841701,LOW,30.0,4,1
run_20260625_112527,2026-06-25 11:25:27.354880+00:00,0.0034342925,LOW,22.0,3,0
run_20260625_112527,2026-06-25 11:25:27.354880+00:00,0.10463822,LOW,10.0,4,0
run_20260625_112527,2026-06-25 11:25:27.354880+00:00,0.9807294,HIGH,1.0,5,0
run_20260625_112527,2026-06-25 11:25:27.354880+00:00,0.8264059,HIGH,3.0,2,0
run_20260625_112527,2026-06-25 11:25:27.354880+00:00,0.14773351,LOW,5.0,2,0
run_20260625_112527,2026-06-25 11:25:27.354880+00:00,0.865921,HIGH,1.0,3,0
run_20260625_112527,2026-06-25 11:25:27.354880+00:00,0.22294421,LOW,11.0,1,1
run_20260625_112527,2026-06-25 11:25:27.354880+00:00,0.45513436,MEDIUM,13.0,3,0
run_20260625_112527,2026-06-25 11:25:27.354880+00:00,0.021639654,LOW,7.0,5,1
run_20260625_112527,2026-06-25 11:25:27.354880+00:00,0.008561657,LOW,2.0,1,0
run_20260625_112527,2026-06-25 11:25:27.354880+00:00,0.000100266596,LOW,23.0,3,0
run_20260625_112527,2026-06-25 11:25:27.354880+00:00,0.009408091,LOW,,1,0
run_20260625_112527,2026-06-25 11:25:27.354880+00:00,0.94676334,HIGH,10.0,3,1
run_20260625_112527,2026-06-25 11:25:27.354880+00:00,0.99789447,HIGH,1.0,3,1
run_20260625_112527,2026-06-25 11:25:27.354880+00:00,0.5105563,MEDIUM,13.0,1,0
run_20260625_112527,2026-06-25 11:25:27.354880+00:00,0.07093664,LOW,8.0,3,0
run_20260625_112527,2026-06-25 11:25:27.354880+00:00,0.93352187,HIGH,1.0,3,0
run_20260625_112527,2026-06-25 11:25:27.354880+00:00,0.12911665,LOW,9.0,1,0
run_20260625_112527,2026-06-25 11:25:27.354880+00:00,0.62743,MEDIUM,0.0,4,0
run_20260625_112527,2026-06-25 11:25:27.354880+00:00,0.10658536,LOW,4.0,5,0
run_20260625_112527,2026-06-25 11:25:27.354880+00:00,0.26720375,LOW,1.0,5,0
run_20260625_112527,2026-06-25 11:25:27.354880+00:00,0.73210156,HIGH,1.0,3,1
run_20260625_112527,2026-06-25 11:25:27.354880+00:00,0.03213379,LOW,10.0,4,0
run_20260625_112527,2026-06-25 11:25:27.354880+00:00,0.84836775,HIGH,1.0,5,0
run_20260625_112527,2026-06-25 11:25:27.354880+00:00,0.028956052,LOW,11.0,2,0
run_20260625_112527,2026-06-25 11:25:27.354880+00:00,0.089559704,LOW,13.0,3,0
run_20260625_112527,2026-06-25 11:25:27.354880+00:00,0.33239245,LOW,9.0,3,0
run_20260625_112527,2026-06-25 11:25:27.354880+00:00,0.06703991,LOW,3.0,1,1
run_20260625_112527,2026-06-25 11:25:27.354880+00:00,0.03392912,LOW,4.0,5,0
run_20260625_112527,2026-06-25 11:25:27.354880+00:00,0.0025759644,LOW,14.0,3,0
run_20260625_112527,2026-06-25 11:25:27.354880+00:00,0.90260756,HIGH,1.0,3,0
run_20260625_112527,2026-06-25 11:25:27.354880+00:00,0.028340824,LOW,,2,0
run_20260625_112527,2026-06-25 11:25:27.354880+00:00,0.0026078904,LOW,2.0,3,0
run_20260625_112527,2026-06-25 11:25:27.354880+00:00,0.98679125,HIGH,1.0,5,0
run_20260625_112527,2026-06-25 11:25:27.354880+00:00,0.9313163,HIGH,,4,1
run_20260625_112527,2026-06-25 11:25:27.354880+00:00,0.0059153745,LOW,5.0,3,0
run_20260625_112527,2026-06-25 11:25:27.354880+00:00,0.20570886,LOW,2.0,2,0
run_20260625_112527,2026-06-25 11:25:27.354880+00:00,0.1943106,LOW,1.0,1,0
run_20260625_112527,2026-06-25 11:25:27.354880+00:00,0.037087742,LOW,14.0,4,0
run_20260625_112527,2026-06-25 11:25:27.354880+00:00,0.0054546474,LOW,9.0,2,0
run_20260625_112527,2026-06-25 11:25:27.354880+00:00,0.3086963,LOW,8.0,4,0
run_20260625_112527,2026-06-25 11:25:27.354880+00:00,0.5095394,MEDIUM,9.0,5,1
run_20260625_112527,2026-06-25 11:25:27.354880+00:00,0.00016522953,LOW,27.0,5,0
run_20260625_112527,2026-06-25 11:25:27.354880+00:00,0.018255731,LOW,11.0,4,0
run_20260625_112527,2026-06-25 11:25:27.354880+00:00,0.056518238,LOW,9.0,2,0
run_20260625_112527,2026-06-25 11:25:27.354880+00:00,0.1612219,LOW,,4,0
run_20260625_112527,2026-06-25 11:25:27.354880+00:00,0.9764563,HIGH,0.0,3,1
run_20260625_112527,2026-06-25 11:25:27.354880+00:00,0.052434683,LOW,1.0,1,0
run_20260625_112527,2026-06-25 11:25:27.354880+00:00,0.0075351074,LOW,20.0,1,1
run_20260625_112527,2026-06-25 11:25:27.354880+00:00,0.0007853841,LOW,31.0,3,0
run_20260625_112527,2026-06-25 11:25:27.354880+00:00,0.010078867,LOW,19.0,3,0
run_20260625_112527,2026-06-25 11:25:27.354880+00:00,0.0871503,LOW,13.0,3,0
run_20260625_112527,2026-06-25 11:25:27.354880+00:00,0.0016925812,LOW,26.0,3,0
run_20260625_112527,2026-06-25 11:25:27.354880+00:00,0.073844075,LOW,6.0,4,0
run_20260625_112527,2026-06-25 11:25:27.354880+00:00,0.015819572,LOW,5.0,2,0
run_20260625_112527,2026-06-25 11:25:27.354880+00:00,0.010953402,LOW,13.0,5,0
run_20260625_112527,2026-06-25 11:25:27.354880+00:00,0.00058570487,LOW,5.0,2,0
run_20260625_112527,2026-06-25 11:25:27.354880+00:00,0.06340659,LOW,8.0,4,0
run_20260625_112527,2026-06-25 11:25:27.354880+00:00,0.93629354,HIGH,3.0,3,1
run_20260625_112527,2026-06-25 11:25:27.354880+00:00,0.18148087,LOW,0.0,1,0
run_20260625_112527,2026-06-25 11:25:27.354880+00:00,0.009921864,LOW,16.0,3,0
run_20260625_112527,2026-06-25 11:25:27.354880+00:00,0.0317982,LOW,18.0,1,0
run_20260625_112527,2026-06-25 11:25:27.354880+00:00,0.7269441,HIGH,2.0,5,0
run_20260625_112527,2026-06-25 11:25:27.354880+00:00,0.884247,HIGH,7.0,5,0
run_20260625_112527,2026-06-25 11:25:27.354880+00:00,0.0004818077,LOW,7.0,5,0
run_20260625_112527,2026-06-25 11:25:27.354880+00:00,0.0010613453,LOW,6.0,2,0
run_20260625_112527,2026-06-25 11:25:27.354880+00:00,0.011396055,LOW,13.0,1,0
run_20260625_112527,2026-06-25 11:25:27.354880+00:00,0.017267982,LOW,2.0,5,0
run_20260625_112527,2026-06-25 11:25:27.354880+00:00,0.49026346,MEDIUM,1.0,5,0
run_20260625_112527,2026-06-25 11:25:27.354880+00:00,0.007865175,LOW,6.0,3,0
run_20260625_112527,2026-06-25 11:25:27.354880+00:00,0.001452259,LOW,25.0,1,0
run_20260625_112527,2026-06-25 11:25:27.354880+00:00,0.056607436,LOW,9.0,3,1
run_20260625_112527,2026-06-25 11:25:27.354880+00:00,0.23166233,LOW,14.0,3,0
run_20260625_112527,2026-06-25 11:25:27.354880+00:00,0.8542617,HIGH,7.0,5,0
run_20260625_112527,2026-06-25 11:25:27.354880+00:00,0.19654287,LOW,13.0,4,0
run_20260625_112527,2026-06-25 11:25:27.354880+00:00,0.99596786,HIGH,0.0,4,1
run_20260625_112527,2026-06-25 11:25:27.354880+00:00,0.0012571382,LOW,25.0,5,0
run_20260625_112527,2026-06-25 11:25:27.354880+00:00,0.31237128,LOW,6.0,3,1
run_20260625_112527,2026-06-25 11:25:27.354880+00:00,0.005150922,LOW,5.0,1,0
run_20260625_112527,2026-06-25 11:25:27.354880+00:00,0.006376875,LOW,4.0,3,0
run_20260625_112527,2026-06-25 11:25:27.354880+00:00,0.024674,LOW,11.0,1,0
run_20260625_112527,2026-06-25 11:25:27.354880+00:00,0.08582882,LOW,12.0,4,0
run_20260625_112527,2026-06-25 11:25:27.354880+00:00,0.009707092,LOW,15.0,5,0
run_20260625_112527,2026-06-25 11:25:27.354880+00:00,0.11406956,LOW,4.0,5,0
run_20260625_112527,2026-06-25 11:25:27.354880+00:00,0.05644245,LOW,14.0,3,0
run_20260625_112527,2026-06-25 11:25:27.354880+00:00,0.9497487,HIGH,1.0,5,1
run_20260625_112527,2026-06-25 11:25:27.354880+00:00,0.0047942796,LOW,8.0,3,0
run_20260625_112527,2026-06-25 11:25:27.354880+00:00,0.53976,MEDIUM,1.0,3,1
run_20260625_112527,2026-06-25 11:25:27.354880+00:00,0.71663547,HIGH,0.0,5,0
run_20260625_112527,2026-06-25 11:25:27.354880+00:00,0.024228558,LOW,9.0,4,0
run_20260625_112527,2026-06-25 11:25:27.354880+00:00,0.25088793,LOW,11.0,2,1
run_20260625_112527,2026-06-25 11:25:27.354880+00:00,0.00012462543,LOW,23.0,2,1
run_20260625_112527,2026-06-25 11:25:27.354880+00:00,0.5582053,MEDIUM,1.0,3,0
run_20260625_112527,2026-06-25 11:25:27.354880+00:00,0.22383952,LOW,5.0,5,0
run_20260625_112527,2026-06-25 11:25:27.354880+00:00,0.0013810318,LOW,17.0,5,0
run_20260625_112527,2026-06-25 11:25:27.354880+00:00,0.21733028,LOW,16.0,2,0
run_20260625_112527,2026-06-25 11:25:27.354880+00:00,0.85842097,HIGH,1.0,5,0
run_20260625_112527,2026-06-25 11:25:27.354880+00:00,0.313323,LOW,8.0,3,1
run_20260625_112527,2026-06-25 11:25:27.354880+00:00,0.92910814,HIGH,16.0,1,0
run_20260625_112527,2026-06-25 11:25:27.354880+00:00,0.971573,HIGH,,3,0
run_20260625_112527,2026-06-25 11:25:27.354880+00:00,0.06044533,LOW,7.0,1,0
run_20260625_112527,2026-06-25 11:25:27.354880+00:00,0.2988504,LOW,18.0,3,0
run_20260625_112527,2026-06-25 11:25:27.354880+00:00,0.0003549708,LOW,23.0,3,1
run_20260625_112527,2026-06-25 11:25:27.354880+00:00,0.0642505,LOW,4.0,3,0
run_20260625_112527,2026-06-25 11:25:27.354880+00:00,0.0022545594,LOW,23.0,1,0
run_20260625_112527,2026-06-25 11:25:27.354880+00:00,0.0015378388,LOW,23.0,4,0
run_20260625_112527,2026-06-25 11:25:27.354880+00:00,0.30867958,LOW,1.0,3,0
run_20260625_112527,2026-06-25 11:25:27.354880+00:00,0.0003154697,LOW,23.0,4,0
run_20260625_112527,2026-06-25 11:25:27.354880+00:00,0.10101436,LOW,4.0,4,0
run_20260625_112527,2026-06-25 11:25:27.354880+00:00,0.92944384,HIGH,0.0,5,0
run_20260625_112527,2026-06-25 11:25:27.354880+00:00,0.10214649,LOW,6.0,5,0
run_20260625_112527,2026-06-25 11:25:27.354880+00:00,0.042061437,LOW,21.0,3,0
run_20260625_112527,2026-06-25 11:25:27.354880+00:00,0.2728916,LOW,6.0,4,0
run_20260625_112527,2026-06-25 11:25:27.354880+00:00,0.9313163,HIGH,,4,1
run_20260625_112527,2026-06-25 11:25:27.354880+00:00,0.05683524,LOW,19.0,5,0
run_20260625_112527,2026-06-25 11:25:27.354880+00:00,0.037001427,LOW,20.0,5,0
run_20260625_112527,2026-06-25 11:25:27.354880+00:00,0.10101436,LOW,4.0,4,0
run_20260625_112527,2026-06-25 11:25:27.354880+00:00,0.8861009,HIGH,1.0,4,1
run_20260625_112527,2026-06-25 11:25:27.354880+00:00,0.020840451,LOW,7.0,1,1
run_20260625_112527,2026-06-25 11:25:27.354880+00:00,0.97579145,HIGH,0.0,5,0
run_20260625_112527,2026-06-25 11:25:27.354880+00:00,0.13656297,LOW,18.0,1,0
run_20260625_112527,2026-06-25 11:25:27.354880+00:00,0.96994096,HIGH,1.0,3,0
run_20260625_112527,2026-06-25 11:25:27.354880+00:00,0.0047370545,LOW,15.0,1,0
run_20260625_112527,2026-06-25 11:25:27.354880+00:00,0.0075564436,LOW,26.0,1,0
run_20260625_112527,2026-06-25 11:25:27.354880+00:00,0.16729666,LOW,5.0,3,0
run_20260625_112527,2026-06-25 11:25:27.354880+00:00,0.034785725,LOW,14.0,1,1
run_20260625_112527,2026-06-25 11:25:27.354880+00:00,0.030654456,LOW,,1,0
run_20260625_112527,2026-06-25 11:25:27.354880+00:00,0.052396175,LOW,6.0,3,1
run_20260625_112527,2026-06-25 11:25:27.354880+00:00,0.010695519,LOW,17.0,1,1
run_20260625_112527,2026-06-25 11:25:27.354880+00:00,0.9965043,HIGH,0.0,5,1
run_20260625_112527,2026-06-25 11:25:27.354880+00:00,0.15864433,LOW,1.0,1,1
run_20260625_112527,2026-06-25 11:25:27.354880+00:00,0.010025253,LOW,14.0,5,0
run_20260625_112527,2026-06-25 11:25:27.354880+00:00,0.09782599,LOW,13.0,1,1
run_20260625_112527,2026-06-25 11:25:27.354880+00:00,0.053917833,LOW,14.0,3,0
run_20260625_112527,2026-06-25 11:25:27.354880+00:00,0.016818834,LOW,13.0,4,0
run_20260625_112527,2026-06-25 11:25:27.354880+00:00,0.98541474,HIGH,0.0,2,1
run_20260625_112527,2026-06-25 11:25:27.354880+00:00,0.053390734,LOW,19.0,5,0
run_20260625_112527,2026-06-25 11:25:27.354880+00:00,0.16990821,LOW,8.0,4,0
run_20260625_112527,2026-06-25 11:25:27.354880+00:00,0.003616522,LOW,17.0,1,0
run_20260625_112527,2026-06-25 11:25:27.354880+00:00,0.018914023,LOW,4.0,1,0
run_20260625_112527,2026-06-25 11:25:27.354880+00:00,0.99441576,HIGH,1.0,1,1
run_20260625_112527,2026-06-25 11:25:27.354880+00:00,0.025436215,LOW,8.0,5,1
run_20260625_112527,2026-06-25 11:25:27.354880+00:00,0.96507573,HIGH,1.0,4,0
run_20260625_112527,2026-06-25 11:25:27.354880+00:00,0.29564255,LOW,14.0,1,1
run_20260625_112527,2026-06-25 11:25:27.354880+00:00,0.0054582753,LOW,23.0,5,1
run_20260625_112527,2026-06-25 11:25:27.354880+00:00,0.25742972,LOW,6.0,5,1
run_20260625_112527,2026-06-25 11:25:27.354880+00:00,0.9928722,HIGH,1.0,3,1
run_20260625_112527,2026-06-25 11:25:27.354880+00:00,0.004742714,LOW,26.0,2,0
run_20260625_112527,2026-06-25 11:25:27.354880+00:00,0.0049018385,LOW,5.0,5,0
run_20260625_112527,2026-06-25 11:25:27.354880+00:00,0.9549278,HIGH,19.0,5,1
run_20260625_112527,2026-06-25 11:25:27.354880+00:00,0.053153146,LOW,,1,0
run_20260625_112527,2026-06-25 11:25:27.354880+00:00,0.06337535,LOW,15.0,2,0
run_20260625_112527,2026-06-25 11:25:27.354880+00:00,0.004568971,LOW,4.0,1,1
run_20260625_112527,2026-06-25 11:25:27.354880+00:00,0.017353648,LOW,21.0,1,0
run_20260625_112527,2026-06-25 11:25:27.354880+00:00,0.12875704,LOW,13.0,1,1
run_20260625_112527,2026-06-25 11:25:27.354880+00:00,0.0002288036,LOW,23.0,5,0
run_20260625_112527,2026-06-25 11:25:27.354880+00:00,0.10646879,LOW,7.0,4,0
run_20260625_112527,2026-06-25 11:25:27.354880+00:00,0.9911767,HIGH,0.0,5,0
run_20260625_112527,2026-06-25 11:25:27.354880+00:00,0.23443489,LOW,14.0,4,0
run_20260625_112527,2026-06-25 11:25:27.354880+00:00,0.37561458,LOW,0.0,5,0
run_20260625_112527,2026-06-25 11:25:27.354880+00:00,0.3415732,LOW,0.0,3,1
run_20260625_112527,2026-06-25 11:25:27.354880+00:00,0.13197371,LOW,1.0,1,0
run_20260625_112527,2026-06-25 11:25:27.354880+00:00,0.00464176,LOW,23.0,4,0
run_20260625_112527,2026-06-25 11:25:27.354880+00:00,0.63904995,MEDIUM,1.0,1,0
run_20260625_112527,2026-06-25 11:25:27.354880+00:00,0.9973131,HIGH,0.0,1,1
run_20260625_112527,2026-06-25 11:25:27.354880+00:00,0.013784937,LOW,5.0,4,0
run_20260625_112527,2026-06-25 11:25:27.354880+00:00,0.03636918,LOW,6.0,1,0
run_20260625_112527,2026-06-25 11:25:27.354880+00:00,0.00021563195,LOW,6.0,5,0
run_20260625_112527,2026-06-25 11:25:27.354880+00:00,0.88992184,HIGH,0.0,3,0
run_20260625_112527,2026-06-25 11:25:27.354880+00:00,0.12330682,LOW,4.0,3,0
run_20260625_112527,2026-06-25 11:25:27.354880+00:00,0.010310815,LOW,3.0,2,0
run_20260625_112527,2026-06-25 11:25:27.354880+00:00,0.2308668,LOW,14.0,1,0
run_20260625_112527,2026-06-25 11:25:27.354880+00:00,0.9016708,HIGH,,4,1
run_20260625_112527,2026-06-25 11:25:27.354880+00:00,0.9983278,HIGH,0.0,3,1
run_20260625_112527,2026-06-25 11:25:27.354880+00:00,0.9879182,HIGH,,5,0
run_20260625_112527,2026-06-25 11:25:27.354880+00:00,0.00672741,LOW,9.0,1,0
run_20260625_112527,2026-06-25 11:25:27.354880+00:00,0.0111278985,LOW,10.0,2,0
run_20260625_112527,2026-06-25 11:25:27.354880+00:00,0.024309762,LOW,7.0,4,0
run_20260625_112527,2026-06-25 11:25:27.354880+00:00,0.9653094,HIGH,20.0,3,0
run_20260625_112527,2026-06-25 11:25:27.354880+00:00,0.0015610082,LOW,25.0,4,0
run_20260625_112527,2026-06-25 11:25:27.354880+00:00,0.03418064,LOW,21.0,4,0
run_20260625_112527,2026-06-25 11:25:27.354880+00:00,0.040364984,LOW,12.0,3,0
run_20260625_112527,2026-06-25 11:25:27.354880+00:00,0.009141172,LOW,13.0,1,0
run_20260625_112527,2026-06-25 11:25:27.354880+00:00,0.01635248,LOW,9.0,1,0
run_20260625_112527,2026-06-25 11:25:27.354880+00:00,0.04463296,LOW,16.0,3,1
run_20260625_112527,2026-06-25 11:25:27.354880+00:00,0.08428411,LOW,19.0,4,0
run_20260625_112527,2026-06-25 11:25:27.354880+00:00,0.029814769,LOW,13.0,4,0
run_20260625_112527,2026-06-25 11:25:27.354880+00:00,0.0102027105,LOW,22.0,4,0
run_20260625_112527,2026-06-25 11:25:27.354880+00:00,0.95292246,HIGH,0.0,3,0
run_20260625_112527,2026-06-25 11:25:27.354880+00:00,0.13130547,LOW,13.0,1,0
run_20260625_112527,2026-06-25 11:25:27.354880+00:00,0.058480345,LOW,13.0,4,0
run_20260625_112527,2026-06-25 11:25:27.354880+00:00,0.012930182,LOW,3.0,4,1
run_20260625_112527,2026-06-25 11:25:27.354880+00:00,0.98049223,HIGH,18.0,3,1
run_20260625_112527,2026-06-25 11:25:27.354880+00:00,0.3708446,LOW,1.0,3,0
run_20260625_112527,2026-06-25 11:25:27.354880+00:00,0.09289648,LOW,12.0,4,1
run_20260625_112527,2026-06-25 11:25:27.354880+00:00,0.01641383,LOW,4.0,4,0
run_20260625_112527,2026-06-25 11:25:27.354880+00:00,0.011929908,LOW,19.0,4,0
run_20260625_112527,2026-06-25 11:25:27.354880+00:00,0.0048312736,LOW,9.0,1,1
run_20260625_112527,2026-06-25 11:25:27.354880+00:00,0.59094363,MEDIUM,0.0,5,0
run_20260625_112527,2026-06-25 11:25:27.354880+00:00,0.0020700484,LOW,8.0,5,0
run_20260625_112527,2026-06-25 11:25:27.354880+00:00,0.986692,HIGH,1.0,5,1
run_20260625_112527,2026-06-25 11:25:27.354880+00:00,0.4388712,MEDIUM,10.0,3,0
run_20260625_112527,2026-06-25 11:25:27.354880+00:00,0.0012783015,LOW,22.0,5,0
run_20260625_112527,2026-06-25 11:25:27.354880+00:00,0.102325074,LOW,8.0,3,1
run_20260625_112527,2026-06-25 11:25:27.354880+00:00,0.98762774,HIGH,1.0,2,1
run_20260625_112527,2026-06-25 11:25:27.354880+00:00,0.9713528,HIGH,1.0,5,0
run_20260625_112527,2026-06-25 11:25:27.354880+00:00,0.002768071,LOW,18.0,5,0
run_20260625_112527,2026-06-25 11:25:27.354880+00:00,0.0011266029,LOW,4.0,1,0
run_20260625_112527,2026-06-25 11:25:27.354880+00:00,0.11647774,LOW,12.0,3,1
run_20260625_112527,2026-06-25 11:25:27.354880+00:00,0.0004970917,LOW,22.0,1,0
run_20260625_112527,2026-06-25 11:25:27.354880+00:00,0.049800925,LOW,2.0,3,0
run_20260625_112527,2026-06-25 11:25:27.354880+00:00,0.5985551,MEDIUM,1.0,2,1
run_20260625_112527,2026-06-25 11:25:27.354880+00:00,0.0631227,LOW,1.0,1,0
run_20260625_112527,2026-06-25 11:25:27.354880+00:00,0.11176873,LOW,3.0,3,0
run_20260625_112527,2026-06-25 11:25:27.354880+00:00,0.6530877,MEDIUM,16.0,1,0
run_20260625_112527,2026-06-25 11:25:27.354880+00:00,0.20517083,LOW,14.0,3,0
run_20260625_112527,2026-06-25 11:25:27.354880+00:00,0.037686862,LOW,12.0,4,0
run_20260625_112527,2026-06-25 11:25:27.354880+00:00,0.0039868383,LOW,10.0,2,0
run_20260625_112527,2026-06-25 11:25:27.354880+00:00,0.03642852,LOW,18.0,1,0
run_20260625_112527,2026-06-25 11:25:27.354880+00:00,0.009276187,LOW,20.0,2,1
run_20260625_112527,2026-06-25 11:25:27.354880+00:00,0.93881756,HIGH,1.0,3,1
run_20260625_112527,2026-06-25 11:25:27.354880+00:00,0.004591444,LOW,26.0,1,0
run_20260625_112527,2026-06-25 11:25:27.354880+00:00,0.019553568,LOW,9.0,4,0
run_20260625_112527,2026-06-25 11:25:27.354880+00:00,0.00057321304,LOW,21.0,2,0
run_20260625_112527,2026-06-25 11:25:27.354880+00:00,0.9665777,HIGH,2.0,1,0
run_20260625_112527,2026-06-25 11:25:27.354880+00:00,0.027175603,LOW,16.0,3,0
run_20260625_112527,2026-06-25 11:25:27.354880+00:00,0.5839672,MEDIUM,1.0,4,0
run_20260625_112527,2026-06-25 11:25:27.354880+00:00,0.0024409462,LOW,7.0,3,0
run_20260625_112527,2026-06-25 11:25:27.354880+00:00,0.028037963,LOW,20.0,1,1
run_20260625_112527,2026-06-25 11:25:27.354880+00:00,0.00010901576,LOW,30.0,3,0
run_20260625_112527,2026-06-25 11:25:27.354880+00:00,0.10936339,LOW,16.0,5,1
run_20260625_112527,2026-06-25 11:25:27.354880+00:00,0.7339929,HIGH,1.0,5,0
run_20260625_112527,2026-06-25 11:25:27.354880+00:00,0.31235114,LOW,1.0,4,0
run_20260625_112527,2026-06-25 11:25:27.354880+00:00,0.448002,MEDIUM,1.0,4,0
run_20260625_112527,2026-06-25 11:25:27.354880+00:00,0.9487619,HIGH,20.0,1,0
run_20260625_112527,2026-06-25 11:25:27.354880+00:00,0.0040380545,LOW,27.0,3,0
run_20260625_112527,2026-06-25 11:25:27.354880+00:00,0.00041090668,LOW,30.0,1,0
run_20260625_112527,2026-06-25 11:25:27.354880+00:00,0.2117302,LOW,3.0,3,0
run_20260625_112527,2026-06-25 11:25:27.354880+00:00,0.03796306,LOW,12.0,1,0
run_20260625_112527,2026-06-25 11:25:27.354880+00:00,0.074598014,LOW,3.0,4,0
run_20260625_112527,2026-06-25 11:25:27.354880+00:00,0.0007356111,LOW,27.0,2,0
run_20260625_112527,2026-06-25 11:25:27.354880+00:00,0.0021493991,LOW,24.0,1,0
run_20260625_112527,2026-06-25 11:25:27.354880+00:00,0.00018527007,LOW,28.0,3,1
run_20260625_112527,2026-06-25 11:25:27.354880+00:00,0.4713032,MEDIUM,1.0,3,1
run_20260625_112527,2026-06-25 11:25:27.354880+00:00,0.042974737,LOW,9.0,4,0
run_20260625_112527,2026-06-25 11:25:27.354880+00:00,0.02542796,LOW,8.0,3,0
run_20260625_112527,2026-06-25 11:25:27.354880+00:00,0.6979451,MEDIUM,14.0,3,1
run_20260625_112527,2026-06-25 11:25:27.354880+00:00,0.0033089973,LOW,21.0,2,1
run_20260625_112527,2026-06-25 11:25:27.354880+00:00,0.89100945,HIGH,1.0,4,0
run_20260625_112527,2026-06-25 11:25:27.354880+00:00,0.0029862043,LOW,4.0,1,0
run_20260625_112527,2026-06-25 11:25:27.354880+00:00,0.920409,HIGH,13.0,3,1
run_20260625_112527,2026-06-25 11:25:27.354880+00:00,0.0084811365,LOW,20.0,5,0
run_20260625_112527,2026-06-25 11:25:27.354880+00:00,0.95865655,HIGH,14.0,5,1
run_20260625_112527,2026-06-25 11:25:27.354880+00:00,0.00079829054,LOW,27.0,3,0
run_20260625_112527,2026-06-25 11:25:27.354880+00:00,0.06974535,LOW,14.0,3,0
run_20260625_112527,2026-06-25 11:25:27.354880+00:00,0.30586135,LOW,2.0,5,0
run_20260625_112527,2026-06-25 11:25:27.354880+00:00,0.3415732,LOW,0.0,3,1
run_20260625_112527,2026-06-25 11:25:27.354880+00:00,0.25935543,LOW,3.0,3,0
run_20260625_112527,2026-06-25 11:25:27.354880+00:00,0.93093055,HIGH,1.0,2,1
run_20260625_112527,2026-06-25 11:25:27.354880+00:00,0.03894827,LOW,13.0,3,0
run_20260625_112527,2026-06-25 11:25:27.354880+00:00,0.35065556,LOW,1.0,3,0
run_20260625_112527,2026-06-25 11:25:27.354880+00:00,0.16687909,LOW,4.0,1,0
run_20260625_112527,2026-06-25 11:25:27.354880+00:00,0.01445046,LOW,8.0,1,0
run_20260625_112527,2026-06-25 11:25:27.354880+00:00,0.9761904,HIGH,1.0,4,0
run_20260625_112527,2026-06-25 11:25:27.354880+00:00,0.24626745,LOW,14.0,5,1
run_20260625_112527,2026-06-25 11:25:27.354880+00:00,0.03186607,LOW,5.0,1,0
run_20260625_112527,2026-06-25 11:25:27.354880+00:00,0.05045553,LOW,14.0,5,1
run_20260625_112527,2026-06-25 11:25:27.354880+00:00,0.27720833,LOW,0.0,3,0
run_20260625_112527,2026-06-25 11:25:27.354880+00:00,0.0103619695,LOW,8.0,2,1
run_20260625_112527,2026-06-25 11:25:27.354880+00:00,0.019605162,LOW,16.0,2,1
run_20260625_112527,2026-06-25 11:25:27.354880+00:00,0.10135163,LOW,2.0,5,0
run_20260625_112527,2026-06-25 11:25:27.354880+00:00,0.070246994,LOW,19.0,3,0
run_20260625_112527,2026-06-25 11:25:27.354880+00:00,0.014589754,LOW,,1,0
run_20260625_112527,2026-06-25 11:25:27.354880+00:00,0.81805104,HIGH,1.0,4,1
run_20260625_112527,2026-06-25 11:25:27.354880+00:00,0.020844428,LOW,4.0,1,0
run_20260625_112527,2026-06-25 11:25:27.354880+00:00,0.0001286267,LOW,31.0,1,0
run_20260625_112527,2026-06-25 11:25:27.354880+00:00,9.116345e-06,LOW,30.0,1,1
run_20260625_112527,2026-06-25 11:25:27.354880+00:00,0.012863033,LOW,11.0,1,0
run_20260625_112527,2026-06-25 11:25:27.354880+00:00,0.0017476236,LOW,9.0,5,0
run_20260625_112527,2026-06-25 11:25:27.354880+00:00,0.15296762,LOW,14.0,1,0
run_20260625_112527,2026-06-25 11:25:27.354880+00:00,0.98544633,HIGH,,3,0
run_20260625_112527,2026-06-25 11:25:27.354880+00:00,0.06661467,LOW,9.0,3,0
run_20260625_112527,2026-06-25 11:25:27.354880+00:00,0.08619898,LOW,4.0,5,0
run_20260625_112527,2026-06-25 11:25:27.354880+00:00,0.65767205,MEDIUM,0.0,3,0
run_20260625_112527,2026-06-25 11:25:27.354880+00:00,0.9961243,HIGH,0.0,5,0
run_20260625_112527,2026-06-25 11:25:27.354880+00:00,0.81180495,HIGH,2.0,5,1
run_20260625_112527,2026-06-25 11:25:27.354880+00:00,0.99083567,HIGH,2.0,5,1
run_20260625_112527,2026-06-25 11:25:27.354880+00:00,0.00014790332,LOW,28.0,1,1
run_20260625_112527,2026-06-25 11:25:27.354880+00:00,0.04690454,LOW,2.0,2,0
run_20260625_112527,2026-06-25 11:25:27.354880+00:00,0.010682373,LOW,0.0,1,1
run_20260625_112527,2026-06-25 11:25:27.354880+00:00,0.003534833,LOW,2.0,1,0
run_20260625_112527,2026-06-25 11:25:27.354880+00:00,0.0013346836,LOW,23.0,4,0
run_20260625_112527,2026-06-25 11:25:27.354880+00:00,0.020398546,LOW,2.0,4,0
run_20260625_112527,2026-06-25 11:25:27.354880+00:00,0.9698271,HIGH,0.0,3,1
run_20260625_112527,2026-06-25 11:25:27.354880+00:00,0.00557623,LOW,15.0,5,0
run_20260625_112527,2026-06-25 11:25:27.354880+00:00,0.035657384,LOW,8.0,1,1
run_20260625_112527,2026-06-25 11:25:27.354880+00:00,0.046343777,LOW,7.0,1,1
run_20260625_112527,2026-06-25 11:25:27.354880+00:00,0.03981242,LOW,16.0,5,0
run_20260625_112527,2026-06-25 11:25:27.354880+00:00,0.15421216,LOW,13.0,4,1
run_20260625_112527,2026-06-25 11:25:27.354880+00:00,0.026124446,LOW,13.0,5,0
run_20260625_112527,2026-06-25 11:25:27.354880+00:00,0.93834144,HIGH,19.0,4,1
run_20260625_112527,2026-06-25 11:25:27.354880+00:00,0.0085788965,LOW,9.0,2,0
run_20260625_112527,2026-06-25 11:25:27.354880+00:00,0.00013749657,LOW,29.0,3,0
run_20260625_112527,2026-06-25 11:25:27.354880+00:00,0.43204534,MEDIUM,,2,0
run_20260625_112527,2026-06-25 11:25:27.354880+00:00,0.09105741,LOW,16.0,5,1
run_20260625_112527,2026-06-25 11:25:27.354880+00:00,0.30837163,LOW,4.0,3,1
run_20260625_112527,2026-06-25 11:25:27.354880+00:00,0.025760895,LOW,10.0,1,0
run_20260625_112527,2026-06-25 11:25:27.354880+00:00,0.9629542,HIGH,1.0,3,1
run_20260625_112527,2026-06-25 11:25:27.354880+00:00,0.00056404324,LOW,9.0,5,0
run_20260625_112527,2026-06-25 11:25:27.354880+00:00,0.9986399,HIGH,0.0,3,1
run_20260625_112527,2026-06-25 11:25:27.354880+00:00,0.00022827674,LOW,26.0,3,1
run_20260625_112527,2026-06-25 11:25:27.354880+00:00,0.7873417,HIGH,1.0,5,0
run_20260625_112527,2026-06-25 11:25:27.354880+00:00,0.003917532,LOW,17.0,2,0
run_20260625_112527,2026-06-25 11:25:27.354880+00:00,0.9900282,HIGH,1.0,3,1
run_20260625_112527,2026-06-25 11:25:27.354880+00:00,0.09728827,LOW,13.0,1,0
run_20260625_112527,2026-06-25 11:25:27.354880+00:00,0.0260773,LOW,2.0,1,1
run_20260625_112527,2026-06-25 11:25:27.354880+00:00,0.35687637,LOW,1.0,1,0
run_20260625_112527,2026-06-25 11:25:27.354880+00:00,0.0017069263,LOW,16.0,5,0
run_20260625_112527,2026-06-25 11:25:27.354880+00:00,0.025589434,LOW,5.0,5,0
run_20260625_112527,2026-06-25 11:25:27.354880+00:00,0.66196376,MEDIUM,0.0,1,1
run_20260625_112527,2026-06-25 11:25:27.354880+00:00,0.028449258,LOW,5.0,1,0
run_20260625_112527,2026-06-25 11:25:27.354880+00:00,0.5862284,MEDIUM,0.0,3,1
run_20260625_112527,2026-06-25 11:25:27.354880+00:00,0.13072707,LOW,16.0,3,0
run_20260625_112527,2026-06-25 11:25:27.354880+00:00,0.94104797,HIGH,4.0,1,1
run_20260625_112527,2026-06-25 11:25:27.354880+00:00,0.0051323823,LOW,8.0,1,1
run_20260625_112527,2026-06-25 11:25:27.354880+00:00,0.98423195,HIGH,0.0,4,0
run_20260625_112527,2026-06-25 11:25:27.354880+00:00,0.849451,HIGH,0.0,4,1
run_20260625_112527,2026-06-25 11:25:27.354880+00:00,0.014685435,LOW,11.0,1,0
run_20260625_112527,2026-06-25 11:25:27.354880+00:00,0.9653094,HIGH,20.0,3,0
run_20260625_112527,2026-06-25 11:25:27.354880+00:00,0.36713117,LOW,3.0,5,1
run_20260625_112527,2026-06-25 11:25:27.354880+00:00,0.10276473,LOW,11.0,3,0
run_20260625_112527,2026-06-25 11:25:27.354880+00:00,0.17092362,LOW,4.0,4,0
run_20260625_112527,2026-06-25 11:25:27.354880+00:00,0.9741305,HIGH,,5,1
run_20260625_112527,2026-06-25 11:25:27.354880+00:00,0.963711,HIGH,0.0,3,1
run_20260625_112527,2026-06-25 11:25:27.354880+00:00,0.0077062366,LOW,8.0,4,0
run_20260625_112527,2026-06-25 11:25:27.354880+00:00,0.0010381078,LOW,5.0,5,0
run_20260625_112527,2026-06-25 11:25:27.354880+00:00,0.90260756,HIGH,1.0,3,0
run_20260625_112527,2026-06-25 11:25:27.354880+00:00,0.025027586,LOW,6.0,4,0
run_20260625_112527,2026-06-25 11:25:27.354880+00:00,0.004972495,LOW,9.0,1,0
run_20260625_112527,2026-06-25 11:25:27.354880+00:00,0.048240986,LOW,12.0,3,0
run_20260625_112527,2026-06-25 11:25:27.354880+00:00,0.4798135,MEDIUM,0.0,2,0
run_20260625_112527,2026-06-25 11:25:27.354880+00:00,0.13437292,LOW,0.0,4,1
run_20260625_112527,2026-06-25 11:25:27.354880+00:00,0.28747335,LOW,14.0,1,0
run_20260625_112527,2026-06-25 11:25:27.354880+00:00,0.004136676,LOW,2.0,1,0
run_20260625_112527,2026-06-25 11:25:27.354880+00:00,0.98110044,HIGH,1.0,4,1
run_20260625_112527,2026-06-25 11:25:27.354880+00:00,0.02215794,LOW,4.0,2,1
run_20260625_112527,2026-06-25 11:25:27.354880+00:00,0.02069345,LOW,1.0,2,0
run_20260625_112527,2026-06-25 11:25:27.354880+00:00,0.011592793,LOW,5.0,4,1
run_20260625_112527,2026-06-25 11:25:27.354880+00:00,0.009675653,LOW,22.0,3,1
run_20260625_112527,2026-06-25 11:25:27.354880+00:00,0.9733829,HIGH,7.0,4,1
run_20260625_112527,2026-06-25 11:25:27.354880+00:00,0.99021727,HIGH,1.0,5,0
run_20260625_112527,2026-06-25 11:25:27.354880+00:00,0.13323553,LOW,6.0,4,0
run_20260625_112527,2026-06-25 11:25:27.354880+00:00,0.95314825,HIGH,0.0,4,0
run_20260625_112527,2026-06-25 11:25:27.354880+00:00,0.0016163206,LOW,17.0,5,0
run_20260625_112527,2026-06-25 11:25:27.354880+00:00,0.054817922,LOW,18.0,4,0
run_20260625_112527,2026-06-25 11:25:27.354880+00:00,0.8085271,HIGH,17.0,2,0
run_20260625_112527,2026-06-25 11:25:27.354880+00:00,0.03936318,LOW,15.0,3,0
run_20260625_112527,2026-06-25 11:25:27.354880+00:00,0.0014728858,LOW,25.0,1,0
run_20260625_112527,2026-06-25 11:25:27.354880+00:00,0.06349165,LOW,13.0,1,0
run_20260625_112527,2026-06-25 11:25:27.354880+00:00,0.019095644,LOW,8.0,3,1
run_20260625_112527,2026-06-25 11:25:27.354880+00:00,0.97992057,HIGH,1.0,5,1
run_20260625_112527,2026-06-25 11:25:27.354880+00:00,0.9741305,HIGH,,5,1
run_20260625_112527,2026-06-25 11:25:27.354880+00:00,0.03259242,LOW,3.0,1,0
run_20260625_112527,2026-06-25 11:25:27.354880+00:00,0.25185385,LOW,11.0,3,1
run_20260625_112527,2026-06-25 11:25:27.354880+00:00,0.93273884,HIGH,1.0,1,0
run_20260625_112527,2026-06-25 11:25:27.354880+00:00,0.976121,HIGH,0.0,5,1
run_20260625_112527,2026-06-25 11:25:27.354880+00:00,0.09747968,LOW,13.0,5,0
run_20260625_112527,2026-06-25 11:25:27.354880+00:00,0.0646471,LOW,10.0,1,1
run_20260625_112527,2026-06-25 11:25:27.354880+00:00,0.07663076,LOW,2.0,3,0
run_20260625_112527,2026-06-25 11:25:27.354880+00:00,0.014873854,LOW,5.0,3,0
run_20260625_112527,2026-06-25 11:25:27.354880+00:00,0.000716849,LOW,24.0,4,0
run_20260625_112527,2026-06-25 11:25:27.354880+00:00,0.027048608,LOW,6.0,1,0
run_20260625_112527,2026-06-25 11:25:27.354880+00:00,0.048720047,LOW,16.0,3,0
run_20260625_112527,2026-06-25 11:25:27.354880+00:00,0.004597825,LOW,2.0,1,0
run_20260625_112527,2026-06-25 11:25:27.354880+00:00,0.09205817,LOW,1.0,1,1
run_20260625_112527,2026-06-25 11:25:27.354880+00:00,0.05554221,LOW,9.0,1,0
run_20260625_112527,2026-06-25 11:25:27.354880+00:00,0.018680256,LOW,6.0,3,0
run_20260625_112527,2026-06-25 11:25:27.354880+00:00,0.015314765,LOW,15.0,1,0
run_20260625_112527,2026-06-25 11:25:27.354880+00:00,0.66761893,MEDIUM,,3,0
run_20260625_112527,2026-06-25 11:25:27.354880+00:00,0.054599304,LOW,8.0,2,0
run_20260625_112527,2026-06-25 11:25:27.354880+00:00,0.8234248,HIGH,1.0,4,0
run_20260625_112527,2026-06-25 11:25:27.354880+00:00,0.9935638,HIGH,3.0,4,1
run_20260625_112527,2026-06-25 11:25:27.354880+00:00,0.9978326,HIGH,0.0,5,1
run_20260625_112527,2026-06-25 11:25:27.354880+00:00,0.05107762,LOW,,3,0
run_20260625_112527,2026-06-25 11:25:27.354880+00:00,0.06471856,LOW,5.0,4,0
run_20260625_112527,2026-06-25 11:25:27.354880+00:00,0.39971083,LOW,3.0,5,1
run_20260625_112527,2026-06-25 11:25:27.354880+00:00,0.04444343,LOW,10.0,5,0
run_20260625_112527,2026-06-25 11:25:27.354880+00:00,0.9632011,HIGH,1.0,3,0
run_20260625_112527,2026-06-25 11:25:27.354880+00:00,0.032710522,LOW,10.0,2,0
run_20260625_112527,2026-06-25 11:25:27.354880+00:00,0.0340856,LOW,20.0,4,1
run_20260625_112527,2026-06-25 11:25:27.354880+00:00,0.026052607,LOW,,3,0
run_20260625_112527,2026-06-25 11:25:27.354880+00:00,0.024270097,LOW,12.0,3,0
run_20260625_112527,2026-06-25 11:25:27.354880+00:00,0.001545395,LOW,12.0,1,0
run_20260625_112527,2026-06-25 11:25:27.354880+00:00,0.067246914,LOW,8.0,3,0
run_20260625_112527,2026-06-25 11:25:27.354880+00:00,0.109112315,LOW,11.0,4,0
run_20260625_112527,2026-06-25 11:25:27.354880+00:00,0.05469916,LOW,10.0,4,0
run_20260625_112527,2026-06-25 11:25:27.354880+00:00,0.011724804,LOW,4.0,2,0
run_20260625_112527,2026-06-25 11:25:27.354880+00:00,0.78753936,HIGH,1.0,3,1
run_20260625_112527,2026-06-25 11:25:27.354880+00:00,0.34580892,LOW,0.0,5,0
run_20260625_112527,2026-06-25 11:25:27.354880+00:00,0.016261473,LOW,10.0,4,0
run_20260625_112527,2026-06-25 11:25:27.354880+00:00,0.074714564,LOW,9.0,5,0
run_20260625_112527,2026-06-25 11:25:27.354880+00:00,0.9689858,HIGH,1.0,4,1
run_20260625_112527,2026-06-25 11:25:27.354880+00:00,0.010953402,LOW,13.0,5,0
run_20260625_112527,2026-06-25 11:25:27.354880+00:00,0.047057986,LOW,6.0,2,0
run_20260625_112527,2026-06-25 11:25:27.354880+00:00,0.9988992,HIGH,1.0,5,1
run_20260625_112527,2026-06-25 11:25:27.354880+00:00,7.837292e-05,LOW,30.0,3,0
run_20260625_112527,2026-06-25 11:25:27.354880+00:00,0.04638887,LOW,3.0,5,0
run_20260625_112527,2026-06-25 11:25:27.354880+00:00,0.023553377,LOW,11.0,3,0
run_20260625_112527,2026-06-25 11:25:27.354880+00:00,0.11560126,LOW,1.0,1,0
run_20260625_112527,2026-06-25 11:25:27.354880+00:00,0.0241896,LOW,6.0,3,0
run_20260625_112527,2026-06-25 11:25:27.354880+00:00,0.06648534,LOW,7.0,5,0
run_20260625_112527,2026-06-25 11:25:27.354880+00:00,0.0067710434,LOW,15.0,1,1
run_20260625_112527,2026-06-25 11:25:27.354880+00:00,0.06837016,LOW,18.0,3,0
run_20260625_112527,2026-06-25 11:25:27.354880+00:00,0.0088723535,LOW,8.0,1,0
run_20260625_112527,2026-06-25 11:25:27.354880+00:00,0.0152939465,LOW,14.0,5,0
run_20260625_112527,2026-06-25 11:25:27.354880+00:00,0.9351937,HIGH,7.0,3,1
run_20260625_112527,2026-06-25 11:25:27.354880+00:00,0.986692,HIGH,1.0,5,1
run_20260625_112527,2026-06-25 11:25:27.354880+00:00,0.20846976,LOW,20.0,4,0
run_20260625_112527,2026-06-25 11:25:27.354880+00:00,0.041785944,LOW,13.0,3,0
run_20260625_112527,2026-06-25 11:25:27.354880+00:00,0.9912232,HIGH,1.0,4,1
run_20260625_112527,2026-06-25 11:25:27.354880+00:00,0.89728683,HIGH,1.0,3,0
run_20260625_112527,2026-06-25 11:25:27.354880+00:00,0.101943225,LOW,9.0,4,1
run_20260625_112527,2026-06-25 11:25:27.354880+00:00,0.34175923,LOW,10.0,2,0
run_20260625_112527,2026-06-25 11:25:27.354880+00:00,0.015187423,LOW,5.0,3,0
run_20260625_112527,2026-06-25 11:25:27.354880+00:00,0.16990821,LOW,8.0,4,0
run_20260625_112527,2026-06-25 11:25:27.354880+00:00,0.024087293,LOW,12.0,1,1
run_20260625_112527,2026-06-25 11:25:27.354880+00:00,0.96913433,HIGH,,4,0
run_20260625_112527,2026-06-25 11:25:27.354880+00:00,0.020828541,LOW,4.0,1,1
run_20260625_112527,2026-06-25 11:25:27.354880+00:00,0.94517696,HIGH,0.0,5,0
run_20260625_112527,2026-06-25 11:25:27.354880+00:00,0.09810561,LOW,1.0,1,0
run_20260625_112527,2026-06-25 11:25:27.354880+00:00,0.48590913,MEDIUM,7.0,4,0
run_20260625_112527,2026-06-25 11:25:27.354880+00:00,0.15421216,LOW,13.0,4,1
run_20260625_112527,2026-06-25 11:25:27.354880+00:00,0.99568224,HIGH,,4,1
run_20260625_112527,2026-06-25 11:25:27.354880+00:00,0.99471325,HIGH,1.0,2,0
run_20260625_112527,2026-06-25 11:25:27.354880+00:00,0.024362035,LOW,8.0,4,0
run_20260625_112527,2026-06-25 11:25:27.354880+00:00,0.70158136,HIGH,10.0,4,0
run_20260625_112527,2026-06-25 11:25:27.354880+00:00,0.0023469958,LOW,26.0,1,0
run_20260625_112527,2026-06-25 11:25:27.354880+00:00,0.13354649,LOW,21.0,4,0
run_20260625_112527,2026-06-25 11:25:27.354880+00:00,0.05419284,LOW,8.0,4,0
run_20260625_112527,2026-06-25 11:25:27.354880+00:00,0.7407192,HIGH,0.0,4,1
run_20260625_112527,2026-06-25 11:25:27.354880+00:00,0.4824399,MEDIUM,10.0,1,0
run_20260625_112527,2026-06-25 11:25:27.354880+00:00,0.07898055,LOW,8.0,2,0
run_20260625_112527,2026-06-25 11:25:27.354880+00:00,0.011782977,LOW,9.0,1,0
run_20260625_112527,2026-06-25 11:25:27.354880+00:00,0.0025747593,LOW,21.0,4,0
run_20260625_112527,2026-06-25 11:25:27.354880+00:00,0.071489975,LOW,3.0,2,0
run_20260625_112527,2026-06-25 11:25:27.354880+00:00,0.060933992,LOW,13.0,4,0
run_20260625_112527,2026-06-25 11:25:27.354880+00:00,0.03172097,LOW,9.0,3,0
run_20260625_112527,2026-06-25 11:25:27.354880+00:00,0.037675753,LOW,2.0,3,1
run_20260625_112527,2026-06-25 11:25:27.354880+00:00,0.9044926,HIGH,10.0,1,0
run_20260625_112527,2026-06-25 11:25:27.354880+00:00,0.025747903,LOW,2.0,5,0
run_20260625_112527,2026-06-25 11:25:27.354880+00:00,0.03061222,LOW,15.0,5,1
run_20260625_112527,2026-06-25 11:25:27.354880+00:00,0.9909135,HIGH,0.0,5,0
run_20260625_112527,2026-06-25 11:25:27.354880+00:00,0.23511574,LOW,0.0,1,0
run_20260625_112527,2026-06-25 11:25:27.354880+00:00,0.15620834,LOW,16.0,2,0
run_20260625_112527,2026-06-25 11:25:27.354880+00:00,0.013242197,LOW,6.0,4,0
run_20260625_112527,2026-06-25 11:25:27.354880+00:00,0.017112853,LOW,21.0,2,0
run_20260625_112527,2026-06-25 11:25:27.354880+00:00,0.044683293,LOW,4.0,3,0
run_20260625_112527,2026-06-25 11:25:27.354880+00:00,0.00899013,LOW,13.0,3,0
run_20260625_112527,2026-06-25 11:25:27.354880+00:00,0.02657716,LOW,10.0,5,1
run_20260625_112527,2026-06-25 11:25:27.354880+00:00,0.1279023,LOW,12.0,1,1
run_20260625_112527,2026-06-25 11:25:27.354880+00:00,0.98642457,HIGH,21.0,4,1
run_20260625_112527,2026-06-25 11:25:27.354880+00:00,0.99823344,HIGH,0.0,4,1
run_20260625_112527,2026-06-25 11:25:27.354880+00:00,0.34318727,LOW,17.0,3,0
run_20260625_112527,2026-06-25 11:25:27.354880+00:00,0.00672741,LOW,9.0,1,0
run_20260625_112527,2026-06-25 11:25:27.354880+00:00,0.09990663,LOW,16.0,2,0
run_20260625_112527,2026-06-25 11:25:27.354880+00:00,0.9855423,HIGH,1.0,5,0
run_20260625_112527,2026-06-25 11:25:27.354880+00:00,0.046267003,LOW,4.0,1,0
run_20260625_112527,2026-06-25 11:25:27.354880+00:00,0.988987,HIGH,0.0,1,1
run_20260625_112527,2026-06-25 11:25:27.354880+00:00,0.00016587153,LOW,23.0,4,0
run_20260625_112527,2026-06-25 11:25:27.354880+00:00,0.007865175,LOW,6.0,3,0
run_20260625_112527,2026-06-25 11:25:27.354880+00:00,5.011815e-05,LOW,26.0,5,1
run_20260625_112527,2026-06-25 11:25:27.354880+00:00,0.07968127,LOW,12.0,4,1
run_20260625_112527,2026-06-25 11:25:27.354880+00:00,0.06974535,LOW,14.0,3,0
run_20260625_112527,2026-06-25 11:25:27.354880+00:00,0.20598757,LOW,1.0,5,0
run_20260625_112527,2026-06-25 11:25:27.354880+00:00,0.0028104123,LOW,12.0,5,1
run_20260625_112527,2026-06-25 11:25:27.354880+00:00,0.4810982,MEDIUM,,4,0
run_20260625_112527,2026-06-25 11:25:27.354880+00:00,0.56818306,MEDIUM,1.0,3,0
run_20260625_112527,2026-06-25 11:25:27.354880+00:00,0.0004818077,LOW,7.0,5,0
run_20260625_112527,2026-06-25 11:25:27.354880+00:00,0.008758399,LOW,17.0,2,1
run_20260625_112527,2026-06-25 11:25:27.354880+00:00,0.03682522,LOW,8.0,3,0
run_20260625_112527,2026-06-25 11:25:27.354880+00:00,0.025038928,LOW,20.0,1,1
run_20260625_112527,2026-06-25 11:25:27.354880+00:00,4.448622e-05,LOW,31.0,1,0
run_20260625_112527,2026-06-25 11:25:27.354880+00:00,0.92786926,HIGH,21.0,3,0
run_20260625_112527,2026-06-25 11:25:27.354880+00:00,0.20026067,LOW,8.0,1,1
run_20260625_112527,2026-06-25 11:25:27.354880+00:00,0.19113262,LOW,1.0,3,0
run_20260625_112527,2026-06-25 11:25:27.354880+00:00,0.9968857,HIGH,0.0,1,1
run_20260625_112527,2026-06-25 11:25:27.354880+00:00,0.041891426,LOW,4.0,3,0
run_20260625_112527,2026-06-25 11:25:27.354880+00:00,0.03712588,LOW,12.0,1,0
run_20260625_112527,2026-06-25 11:25:27.354880+00:00,0.048281483,LOW,8.0,5,0
run_20260625_112527,2026-06-25 11:25:27.354880+00:00,0.00790921,LOW,12.0,1,0
run_20260625_112527,2026-06-25 11:25:27.354880+00:00,0.015668053,LOW,5.0,1,0
run_20260625_112527,2026-06-25 11:25:27.354880+00:00,0.036755644,LOW,7.0,5,0
run_20260625_112527,2026-06-25 11:25:27.354880+00:00,0.01690628,LOW,10.0,4,0
run_20260625_112527,2026-06-25 11:25:27.354880+00:00,0.023497513,LOW,2.0,2,0
run_20260625_112527,2026-06-25 11:25:27.354880+00:00,0.004706094,LOW,16.0,1,1
run_20260625_112527,2026-06-25 11:25:27.354880+00:00,0.00014833028,LOW,28.0,5,0
run_20260625_112527,2026-06-25 11:25:27.354880+00:00,0.004500644,LOW,22.0,5,1
run_20260625_112527,2026-06-25 11:25:27.354880+00:00,0.10579435,LOW,18.0,3,0
run_20260625_112527,2026-06-25 11:25:27.354880+00:00,0.7888761,HIGH,0.0,5,0
run_20260625_112527,2026-06-25 11:25:27.354880+00:00,0.0027163066,LOW,12.0,3,0
run_20260625_112527,2026-06-25 11:25:27.354880+00:00,0.0007628422,LOW,27.0,3,0
run_20260625_112527,2026-06-25 11:25:27.354880+00:00,0.96378154,HIGH,1.0,3,1
run_20260625_112527,2026-06-25 11:25:27.354880+00:00,0.21096687,LOW,0.0,4,0
run_20260625_112527,2026-06-25 11:25:27.354880+00:00,0.97307354,HIGH,0.0,5,0
run_20260625_112527,2026-06-25 11:25:27.354880+00:00,0.31959447,LOW,4.0,1,0
run_20260625_112527,2026-06-25 11:25:27.354880+00:00,0.00019363643,LOW,26.0,5,0
run_20260625_112527,2026-06-25 11:25:27.354880+00:00,0.016261473,LOW,10.0,4,0
run_20260625_112527,2026-06-25 11:25:27.354880+00:00,0.81283283,HIGH,,3,0
run_20260625_112527,2026-06-25 11:25:27.354880+00:00,0.02675334,LOW,8.0,5,0
run_20260625_112527,2026-06-25 11:25:27.354880+00:00,0.12939048,LOW,14.0,4,0
run_20260625_112527,2026-06-25 11:25:27.354880+00:00,0.032767706,LOW,24.0,1,0
run_20260625_112527,2026-06-25 11:25:27.354880+00:00,0.08830547,LOW,2.0,3,0
run_20260625_112527,2026-06-25 11:25:27.354880+00:00,0.015806658,LOW,6.0,1,0
run_20260625_112527,2026-06-25 11:25:27.354880+00:00,0.17013203,LOW,1.0,1,0
run_20260625_112527,2026-06-25 11:25:27.354880+00:00,0.06190989,LOW,19.0,1,1
run_20260625_112527,2026-06-25 11:25:27.354880+00:00,0.20905429,LOW,10.0,5,0
run_20260625_112527,2026-06-25 11:25:27.354880+00:00,0.123872675,LOW,5.0,1,0
run_20260625_112527,2026-06-25 11:25:27.354880+00:00,0.10290772,LOW,0.0,1,0
run_20260625_112527,2026-06-25 11:25:27.354880+00:00,0.9157996,HIGH,0.0,3,0
run_20260625_112527,2026-06-25 11:25:27.354880+00:00,0.99820364,HIGH,0.0,1,1
run_20260625_112527,2026-06-25 11:25:27.354880+00:00,0.15180616,LOW,5.0,5,1
run_20260625_112527,2026-06-25 11:25:27.354880+00:00,0.65133184,MEDIUM,9.0,3,1
run_20260625_112527,2026-06-25 11:25:27.354880+00:00,0.2925269,LOW,4.0,3,0
run_20260625_112527,2026-06-25 11:25:27.354880+00:00,0.77868515,HIGH,5.0,5,0
run_20260625_112527,2026-06-25 11:25:27.354880+00:00,0.0047466867,LOW,21.0,5,0
run_20260625_112527,2026-06-25 11:25:27.354880+00:00,0.17068061,LOW,15.0,3,0
run_20260625_112527,2026-06-25 11:25:27.354880+00:00,0.75246745,HIGH,1.0,3,0
run_20260625_112527,2026-06-25 11:25:27.354880+00:00,0.031796813,LOW,16.0,5,0
run_20260625_112527,2026-06-25 11:25:27.354880+00:00,0.0010083666,LOW,26.0,1,0
run_20260625_112527,2026-06-25 11:25:27.354880+00:00,0.9917556,HIGH,1.0,4,1
run_20260625_112527,2026-06-25 11:25:27.354880+00:00,0.027994525,LOW,10.0,1,0
run_20260625_112527,2026-06-25 11:25:27.354880+00:00,0.9690066,HIGH,1.0,5,1
run_20260625_112527,2026-06-25 11:25:27.354880+00:00,0.06536087,LOW,10.0,5,0
run_20260625_112527,2026-06-25 11:25:27.354880+00:00,0.0659885,LOW,16.0,4,0
run_20260625_112527,2026-06-25 11:25:27.354880+00:00,0.9757676,HIGH,4.0,2,1
run_20260625_112527,2026-06-25 11:25:27.354880+00:00,0.0032083536,LOW,8.0,5,0
run_20260625_112527,2026-06-25 11:25:27.354880+00:00,0.4596688,MEDIUM,7.0,4,0
run_20260625_112527,2026-06-25 11:25:27.354880+00:00,0.29172224,LOW,7.0,4,0
run_20260625_112527,2026-06-25 11:25:27.354880+00:00,0.00031364756,LOW,24.0,5,0
run_20260625_112527,2026-06-25 11:25:27.354880+00:00,0.022585563,LOW,5.0,1,0
run_20260625_112527,2026-06-25 11:25:27.354880+00:00,0.5273601,MEDIUM,0.0,4,0
run_20260625_112527,2026-06-25 11:25:27.354880+00:00,0.2063846,LOW,0.0,3,0
run_20260625_112527,2026-06-25 11:25:27.354880+00:00,0.075170524,LOW,10.0,2,0
run_20260625_112527,2026-06-25 11:25:27.354880+00:00,0.77075434,HIGH,1.0,1,1
run_20260625_112527,2026-06-25 11:25:27.354880+00:00,0.9750514,HIGH,,1,1
run_20260625_112527,2026-06-25 11:25:27.354880+00:00,0.008635307,LOW,10.0,4,0
run_20260625_112527,2026-06-25 11:25:27.354880+00:00,0.025436215,LOW,8.0,5,1
run_20260625_112527,2026-06-25 11:25:27.354880+00:00,0.037723824,LOW,15.0,4,0
run_20260625_112527,2026-06-25 11:25:27.354880+00:00,0.31742492,LOW,3.0,2,0
run_20260625_112527,2026-06-25 11:25:27.354880+00:00,0.2433219,LOW,12.0,1,0
run_20260625_112527,2026-06-25 11:25:27.354880+00:00,0.0054144883,LOW,3.0,3,0
run_20260625_112527,2026-06-25 11:25:27.354880+00:00,0.13050628,LOW,4.0,5,0
run_20260625_112527,2026-06-25 11:25:27.354880+00:00,0.04221733,LOW,13.0,5,1
run_20260625_112527,2026-06-25 11:25:27.354880+00:00,0.036625046,LOW,4.0,5,0
run_20260625_112527,2026-06-25 11:25:27.354880+00:00,0.23135938,LOW,1.0,2,1
run_20260625_112527,2026-06-25 11:25:27.354880+00:00,0.26165643,LOW,2.0,3,1
run_20260625_112527,2026-06-25 11:25:27.354880+00:00,0.033008046,LOW,8.0,1,0
run_20260625_112527,2026-06-25 11:25:27.354880+00:00,0.059036188,LOW,16.0,1,0
run_20260625_112527,2026-06-25 11:25:27.354880+00:00,0.97073215,HIGH,19.0,1,0
run_20260625_112527,2026-06-25 11:25:27.354880+00:00,0.18464842,LOW,17.0,1,1
run_20260625_112527,2026-06-25 11:25:27.354880+00:00,0.0040075136,LOW,28.0,4,1
run_20260625_112527,2026-06-25 11:25:27.354880+00:00,9.169506e-05,LOW,24.0,4,0
run_20260625_112527,2026-06-25 11:25:27.354880+00:00,0.16145295,LOW,12.0,4,0
run_20260625_112527,2026-06-25 11:25:27.354880+00:00,0.14988385,LOW,7.0,4,0
run_20260625_112527,2026-06-25 11:25:27.354880+00:00,0.0010246515,LOW,14.0,5,0
run_20260625_112527,2026-06-25 11:25:27.354880+00:00,0.95292246,HIGH,0.0,3,0
run_20260625_112527,2026-06-25 11:25:27.354880+00:00,0.034801923,LOW,4.0,2,0
run_20260625_112527,2026-06-25 11:25:27.354880+00:00,0.05142791,LOW,11.0,4,0
run_20260625_112527,2026-06-25 11:25:27.354880+00:00,0.04096384,LOW,12.0,4,0
run_20260625_112527,2026-06-25 11:25:27.354880+00:00,0.16544637,LOW,5.0,1,0
run_20260625_112527,2026-06-25 11:25:27.354880+00:00,0.079557516,LOW,5.0,2,0
run_20260625_112527,2026-06-25 11:25:27.354880+00:00,0.0014888686,LOW,25.0,1,0
run_20260625_112527,2026-06-25 11:25:27.354880+00:00,0.22315751,LOW,4.0,3,0
run_20260625_112527,2026-06-25 11:25:27.354880+00:00,0.22386463,LOW,5.0,5,0
run_20260625_112527,2026-06-25 11:25:27.354880+00:00,0.0016348812,LOW,26.0,1,0
run_20260625_112527,2026-06-25 11:25:27.354880+00:00,0.0077062366,LOW,8.0,4,0
run_20260625_112527,2026-06-25 11:25:27.354880+00:00,0.94881445,HIGH,0.0,3,1
run_20260625_112527,2026-06-25 11:25:27.354880+00:00,0.056956254,LOW,19.0,1,0
run_20260625_112527,2026-06-25 11:25:27.354880+00:00,0.117854185,LOW,10.0,3,1
run_20260625_112527,2026-06-25 11:25:27.354880+00:00,0.0014276325,LOW,27.0,2,0
run_20260625_112527,2026-06-25 11:25:27.354880+00:00,0.052767705,LOW,14.0,3,0
run_20260625_112527,2026-06-25 11:25:27.354880+00:00,0.27979705,LOW,3.0,3,1
run_20260625_112527,2026-06-25 11:25:27.354880+00:00,0.30412585,LOW,13.0,2,0
run_20260625_112527,2026-06-25 11:25:27.354880+00:00,0.9605806,HIGH,12.0,3,1
run_20260625_112527,2026-06-25 11:25:27.354880+00:00,0.005870891,LOW,18.0,3,0
run_20260625_112527,2026-06-25 11:25:27.354880+00:00,0.043424517,LOW,,3,0
run_20260625_112527,2026-06-25 11:25:27.354880+00:00,0.00039973462,LOW,29.0,2,1
run_20260625_112527,2026-06-25 11:25:27.354880+00:00,0.033170793,LOW,1.0,1,0
run_20260625_112527,2026-06-25 11:25:27.354880+00:00,0.025553111,LOW,10.0,1,0
run_20260625_112527,2026-06-25 11:25:27.354880+00:00,0.02657716,LOW,10.0,5,1
run_20260625_112527,2026-06-25 11:25:27.354880+00:00,0.34170622,LOW,,4,0
run_20260625_112527,2026-06-25 11:25:27.354880+00:00,0.25400516,LOW,1.0,2,1
run_20260625_112527,2026-06-25 11:25:27.354880+00:00,0.014492039,LOW,13.0,4,0
run_20260625_112527,2026-06-25 11:25:27.354880+00:00,0.13703868,LOW,7.0,3,0
run_20260625_112527,2026-06-25 11:25:27.354880+00:00,0.009301124,LOW,3.0,1,0
run_20260625_112527,2026-06-25 11:25:27.354880+00:00,0.004341714,LOW,9.0,3,0
run_20260625_112527,2026-06-25 11:25:27.354880+00:00,0.00061932136,LOW,25.0,1,1
run_20260625_112527,2026-06-25 11:25:27.354880+00:00,0.072670855,LOW,13.0,1,1
run_20260625_112527,2026-06-25 11:25:27.354880+00:00,0.13608986,LOW,6.0,4,0
run_20260625_112527,2026-06-25 11:25:27.354880+00:00,0.41779137,MEDIUM,0.0,2,0
run_20260625_112527,2026-06-25 11:25:27.354880+00:00,0.09778084,LOW,8.0,5,0
run_20260625_112527,2026-06-25 11:25:27.354880+00:00,4.546862e-05,LOW,22.0,2,0
run_20260625_112527,2026-06-25 11:25:27.354880+00:00,0.12730166,LOW,11.0,1,1
run_20260625_112527,2026-06-25 11:25:27.354880+00:00,0.11704754,LOW,3.0,3,1
run_20260625_112527,2026-06-25 11:25:27.354880+00:00,0.068186395,LOW,19.0,1,0
run_20260625_112527,2026-06-25 11:25:27.354880+00:00,0.14980425,LOW,15.0,3,0
run_20260625_112527,2026-06-25 11:25:27.354880+00:00,0.049260844,LOW,9.0,4,0
run_20260625_112527,2026-06-25 11:25:27.354880+00:00,0.0001196126,LOW,23.0,1,1
run_20260625_112527,2026-06-25 11:25:27.354880+00:00,0.034851093,LOW,8.0,2,0
run_20260625_112527,2026-06-25 11:25:27.354880+00:00,0.004768648,LOW,3.0,5,0
run_20260625_112527,2026-06-25 11:25:27.354880+00:00,0.10071044,LOW,11.0,3,1
run_20260625_112527,2026-06-25 11:25:27.354880+00:00,0.09444372,LOW,,2,1
run_20260625_112527,2026-06-25 11:25:27.354880+00:00,0.0018031382,LOW,12.0,5,1
run_20260625_112527,2026-06-25 11:25:27.354880+00:00,0.17141281,LOW,0.0,3,0
run_20260625_112527,2026-06-25 11:25:27.354880+00:00,0.013016452,LOW,2.0,1,0
run_20260625_112527,2026-06-25 11:25:27.354880+00:00,0.20528266,LOW,3.0,5,0
run_20260625_112527,2026-06-25 11:25:27.354880+00:00,0.9644824,HIGH,1.0,1,0
run_20260625_112527,2026-06-25 11:25:27.354880+00:00,0.98903334,HIGH,1.0,4,0
run_20260625_112527,2026-06-25 11:25:27.354880+00:00,0.97335005,HIGH,,3,0
run_20260625_112527,2026-06-25 11:25:27.354880+00:00,0.00021563195,LOW,6.0,5,0
run_20260625_112527,2026-06-25 11:25:27.354880+00:00,0.024270097,LOW,12.0,3,0
run_20260625_112527,2026-06-25 11:25:27.354880+00:00,0.0066026542,LOW,7.0,5,0
run_20260625_112527,2026-06-25 11:25:27.354880+00:00,0.4987781,MEDIUM,,5,0
run_20260625_112527,2026-06-25 11:25:27.354880+00:00,0.008933344,LOW,2.0,2,0
run_20260625_112527,2026-06-25 11:25:27.354880+00:00,0.0039007545,LOW,6.0,1,0
run_20260625_112527,2026-06-25 11:25:27.354880+00:00,0.41874278,MEDIUM,19.0,3,0
run_20260625_112527,2026-06-25 11:25:27.354880+00:00,0.16573651,LOW,3.0,3,1
run_20260625_112527,2026-06-25 11:25:27.354880+00:00,0.8850965,HIGH,1.0,5,0
run_20260625_112527,2026-06-25 11:25:27.354880+00:00,0.09844033,LOW,3.0,3,0
run_20260625_112527,2026-06-25 11:25:27.354880+00:00,0.005295853,LOW,15.0,1,0
run_20260625_112527,2026-06-25 11:25:27.354880+00:00,0.0015260449,LOW,24.0,3,0
run_20260625_112527,2026-06-25 11:25:27.354880+00:00,0.15773915,LOW,12.0,3,1
run_20260625_112527,2026-06-25 11:25:27.354880+00:00,0.10384857,LOW,13.0,3,0
run_20260625_112527,2026-06-25 11:25:27.354880+00:00,0.011830986,LOW,8.0,1,1
run_20260625_112527,2026-06-25 11:25:27.354880+00:00,0.022111421,LOW,11.0,4,0
run_20260625_112527,2026-06-25 11:25:27.354880+00:00,0.0015900173,LOW,18.0,5,0
run_20260625_112527,2026-06-25 11:25:27.354880+00:00,0.95629674,HIGH,0.0,3,0
run_20260625_112527,2026-06-25 11:25:27.354880+00:00,0.10359024,LOW,7.0,2,0
run_20260625_112527,2026-06-25 11:25:27.354880+00:00,0.99955076,HIGH,0.0,5,1
run_20260625_112527,2026-06-25 11:25:27.354880+00:00,0.96623516,HIGH,7.0,3,1
run_20260625_112527,2026-06-25 11:25:27.354880+00:00,0.030635823,LOW,10.0,1,1
run_20260625_112527,2026-06-25 11:25:27.354880+00:00,0.9380407,HIGH,0.0,1,0
run_20260625_112527,2026-06-25 11:25:27.354880+00:00,0.9925345,HIGH,0.0,5,0
run_20260625_112527,2026-06-25 11:25:27.354880+00:00,0.04576175,LOW,4.0,5,0
run_20260625_112527,2026-06-25 11:25:27.354880+00:00,0.9974841,HIGH,1.0,2,1
run_20260625_112527,2026-06-25 11:25:27.354880+00:00,0.9601949,HIGH,1.0,5,0
run_20260625_112527,2026-06-25 11:25:27.354880+00:00,0.91406345,HIGH,0.0,4,0
run_20260625_112527,2026-06-25 11:25:27.354880+00:00,0.0013110995,LOW,25.0,2,0
run_20260625_112527,2026-06-25 11:25:27.354880+00:00,0.1667473,LOW,6.0,2,0
run_20260625_112527,2026-06-25 11:25:27.354880+00:00,0.00094446243,LOW,29.0,3,1
run_20260625_112527,2026-06-25 11:25:27.354880+00:00,0.44324183,MEDIUM,13.0,3,1
run_20260625_112527,2026-06-25 11:25:27.354880+00:00,0.03276541,LOW,10.0,3,0
run_20260625_112527,2026-06-25 11:25:27.354880+00:00,0.16731818,LOW,16.0,3,0
run_20260625_112527,2026-06-25 11:25:27.354880+00:00,0.96254086,HIGH,1.0,4,1
run_20260625_112527,2026-06-25 11:25:27.354880+00:00,0.9146485,HIGH,,5,1
run_20260625_112527,2026-06-25 11:25:27.354880+00:00,0.13884953,LOW,13.0,3,0
run_20260625_112527,2026-06-25 11:25:27.354880+00:00,0.9139783,HIGH,1.0,3,0
run_20260625_112527,2026-06-25 11:25:27.354880+00:00,0.99558145,HIGH,0.0,5,1
run_20260625_112527,2026-06-25 11:25:27.354880+00:00,0.9804325,HIGH,3.0,3,1
run_20260625_112527,2026-06-25 11:25:27.354880+00:00,0.061020058,LOW,3.0,1,0
run_20260625_112527,2026-06-25 11:25:27.354880+00:00,0.9227216,HIGH,1.0,5,0
run_20260625_112527,2026-06-25 11:25:27.354880+00:00,0.9660511,HIGH,1.0,4,0
run_20260625_112527,2026-06-25 11:25:27.354880+00:00,0.026783744,LOW,0.0,3,0
run_20260625_112527,2026-06-25 11:25:27.354880+00:00,0.06943745,LOW,3.0,2,1
run_20260625_112527,2026-06-25 11:25:27.354880+00:00,0.0040967725,LOW,11.0,5,0
run_20260625_112527,2026-06-25 11:25:27.354880+00:00,0.33329254,LOW,0.0,5,1
run_20260625_112527,2026-06-25 11:25:27.354880+00:00,0.04454007,LOW,14.0,1,1
run_20260625_112527,2026-06-25 11:25:27.354880+00:00,0.24707569,LOW,19.0,1,0
run_20260625_112527,2026-06-25 11:25:27.354880+00:00,0.48452994,MEDIUM,8.0,3,1
run_20260625_112527,2026-06-25 11:25:27.354880+00:00,0.009134809,LOW,20.0,3,0
run_20260625_112527,2026-06-25 11:25:27.354880+00:00,0.9897682,HIGH,0.0,1,1
run_20260625_112527,2026-06-25 11:25:27.354880+00:00,0.0013741389,LOW,28.0,1,0
run_20260625_112527,2026-06-25 11:25:27.354880+00:00,0.19903323,LOW,21.0,3,0
run_20260625_112527,2026-06-25 11:25:27.354880+00:00,0.0051826425,LOW,23.0,3,1
run_20260625_112527,2026-06-25 11:25:27.354880+00:00,0.005295853,LOW,15.0,1,0
run_20260625_112527,2026-06-25 11:25:27.354880+00:00,0.29646677,LOW,12.0,3,1
run_20260625_112527,2026-06-25 11:25:27.354880+00:00,0.8589378,HIGH,0.0,3,0
run_20260625_112527,2026-06-25 11:25:27.354880+00:00,0.024370538,LOW,9.0,4,0
run_20260625_112527,2026-06-25 11:25:27.354880+00:00,0.4556025,MEDIUM,18.0,3,1
run_20260625_112527,2026-06-25 11:25:27.354880+00:00,0.114099525,LOW,12.0,4,0
run_20260625_112527,2026-06-25 11:25:27.354880+00:00,0.4256815,MEDIUM,9.0,3,1
run_20260625_112527,2026-06-25 11:25:27.354880+00:00,0.48410073,MEDIUM,,3,1
run_20260625_112527,2026-06-25 11:25:27.354880+00:00,0.012193639,LOW,7.0,3,0
run_20260625_112527,2026-06-25 11:25:27.354880+00:00,0.0033587597,LOW,29.0,4,1
run_20260625_112527,2026-06-25 11:25:27.354880+00:00,0.46428403,MEDIUM,,5,0
run_20260625_112527,2026-06-25 11:25:27.354880+00:00,0.0052093803,LOW,27.0,3,0
run_20260625_112527,2026-06-25 11:25:27.354880+00:00,0.015060337,LOW,18.0,4,0
run_20260625_112527,2026-06-25 11:25:27.354880+00:00,0.9354998,HIGH,1.0,5,0
run_20260625_112527,2026-06-25 11:25:27.354880+00:00,0.9854673,HIGH,0.0,5,0
run_20260625_112527,2026-06-25 11:25:27.354880+00:00,0.9635909,HIGH,1.0,4,0
run_20260625_112527,2026-06-25 11:25:27.354880+00:00,0.035032406,LOW,8.0,3,0
run_20260625_112527,2026-06-25 11:25:27.354880+00:00,0.036702402,LOW,8.0,3,1
run_20260625_112527,2026-06-25 11:25:27.354880+00:00,0.016493674,LOW,18.0,1,1
run_20260625_112527,2026-06-25 11:25:27.354880+00:00,0.07739011,LOW,0.0,4,0
run_20260625_112527,2026-06-25 11:25:27.354880+00:00,0.9058237,HIGH,20.0,3,0
run_20260625_112527,2026-06-25 11:25:27.354880+00:00,0.0012192549,LOW,23.0,3,1
run_20260625_112527,2026-06-25 11:25:27.354880+00:00,0.30545226,LOW,6.0,4,0
run_20260625_112527,2026-06-25 11:25:27.354880+00:00,0.044927776,LOW,13.0,2,1
run_20260625_112527,2026-06-25 11:25:27.354880+00:00,0.76319075,HIGH,,1,0
run_20260625_112527,2026-06-25 11:25:27.354880+00:00,0.0011814828,LOW,23.0,4,0
run_20260625_112527,2026-06-25 11:25:27.354880+00:00,0.00055171404,LOW,27.0,5,0
run_20260625_112527,2026-06-25 11:25:27.354880+00:00,0.054740224,LOW,19.0,3,0
run_20260625_112527,2026-06-25 11:25:27.354880+00:00,0.9739369,HIGH,1.0,5,1
run_20260625_112527,2026-06-25 11:25:27.354880+00:00,0.000106963525,LOW,23.0,3,0
run_20260625_112527,2026-06-25 11:25:27.354880+00:00,0.9684391,HIGH,0.0,1,1
run_20260625_112527,2026-06-25 11:25:27.354880+00:00,0.23198374,LOW,2.0,3,0
run_20260625_112527,2026-06-25 11:25:27.354880+00:00,0.035134975,LOW,7.0,3,0
run_20260625_112527,2026-06-25 11:25:27.354880+00:00,0.26720375,LOW,1.0,5,0
run_20260625_112527,2026-06-25 11:25:27.354880+00:00,0.1742743,LOW,4.0,3,0
run_20260625_112527,2026-06-25 11:25:27.354880+00:00,0.02994973,LOW,15.0,2,0
run_20260625_112527,2026-06-25 11:25:27.354880+00:00,0.0044505238,LOW,17.0,1,1
run_20260625_112527,2026-06-25 11:25:27.354880+00:00,0.42094487,MEDIUM,9.0,5,1
run_20260625_112527,2026-06-25 11:25:27.354880+00:00,0.047577176,LOW,2.0,5,0
run_20260625_112527,2026-06-25 11:25:27.354880+00:00,0.9086511,HIGH,1.0,3,0
run_20260625_112527,2026-06-25 11:25:27.354880+00:00,0.00024409035,LOW,29.0,1,0
run_20260625_112527,2026-06-25 11:25:27.354880+00:00,0.0060752705,LOW,19.0,4,0
run_20260625_112527,2026-06-25 11:25:27.354880+00:00,0.0042682304,LOW,12.0,5,0
run_20260625_112527,2026-06-25 11:25:27.354880+00:00,0.14613774,LOW,16.0,5,1
run_20260625_112527,2026-06-25 11:25:27.354880+00:00,0.042015314,LOW,5.0,1,0
run_20260625_112527,2026-06-25 11:25:27.354880+00:00,0.95865655,HIGH,14.0,5,1
run_20260625_112527,2026-06-25 11:25:27.354880+00:00,0.63021946,MEDIUM,1.0,5,0
run_20260625_112527,2026-06-25 11:25:27.354880+00:00,0.10831713,LOW,13.0,2,0
run_20260625_112527,2026-06-25 11:25:27.354880+00:00,0.994866,HIGH,1.0,5,1
run_20260625_112527,2026-06-25 11:25:27.354880+00:00,0.00084978796,LOW,28.0,4,0
run_20260625_112527,2026-06-25 11:25:27.354880+00:00,0.049541503,LOW,12.0,3,0
run_20260625_112527,2026-06-25 11:25:27.354880+00:00,0.0010783806,LOW,27.0,3,0
run_20260625_112527,2026-06-25 11:25:27.354880+00:00,0.017658545,LOW,5.0,4,0
run_20260625_112527,2026-06-25 11:25:27.354880+00:00,0.9961153,HIGH,0.0,5,1
run_20260625_112527,2026-06-25 11:25:27.354880+00:00,0.0058728834,LOW,6.0,3,1
run_20260625_112527,2026-06-25 11:25:27.354880+00:00,0.8624438,HIGH,9.0,1,0
run_20260625_112527,2026-06-25 11:25:27.354880+00:00,0.22753714,LOW,,5,0
run_20260625_112527,2026-06-25 11:25:27.354880+00:00,0.00071615697,LOW,23.0,4,0
run_20260625_112527,2026-06-25 11:25:27.354880+00:00,0.97346604,HIGH,1.0,3,0
run_20260625_112527,2026-06-25 11:25:27.354880+00:00,0.3553347,LOW,0.0,1,0
run_20260625_112527,2026-06-25 11:25:27.354880+00:00,0.052015543,LOW,19.0,4,0
run_20260625_112527,2026-06-25 11:25:27.354880+00:00,0.00063945464,LOW,23.0,5,0
run_20260625_112527,2026-06-25 11:25:27.354880+00:00,0.15272118,LOW,0.0,5,0
run_20260625_112527,2026-06-25 11:25:27.354880+00:00,0.4713032,MEDIUM,1.0,3,1
run_20260625_112527,2026-06-25 11:25:27.354880+00:00,0.0047765933,LOW,7.0,2,0
run_20260625_112527,2026-06-25 11:25:27.354880+00:00,0.33707333,LOW,9.0,5,1
run_20260625_112527,2026-06-25 11:25:27.354880+00:00,0.8997326,HIGH,8.0,1,0
run_20260625_112527,2026-06-25 11:25:27.354880+00:00,0.057992008,LOW,6.0,3,0
run_20260625_112527,2026-06-25 11:25:27.354880+00:00,0.23742603,LOW,7.0,2,0
run_20260625_112527,2026-06-25 11:25:27.354880+00:00,0.0082510365,LOW,26.0,3,1
run_20260625_112527,2026-06-25 11:25:27.354880+00:00,0.0032666791,LOW,9.0,1,0
run_20260625_112527,2026-06-25 11:25:27.354880+00:00,0.056924578,LOW,12.0,3,0
run_20260625_112527,2026-06-25 11:25:27.354880+00:00,0.4556025,MEDIUM,18.0,3,1
run_20260625_112527,2026-06-25 11:25:27.354880+00:00,0.796834,HIGH,1.0,3,1
run_20260625_112527,2026-06-25 11:25:27.354880+00:00,0.042544823,LOW,3.0,3,0
run_20260625_112527,2026-06-25 11:25:27.354880+00:00,0.06050173,LOW,12.0,4,0
run_20260625_112527,2026-06-25 11:25:27.354880+00:00,0.018157812,LOW,15.0,5,1
run_20260625_112527,2026-06-25 11:25:27.354880+00:00,0.52477735,MEDIUM,1.0,2,1
run_20260625_112527,2026-06-25 11:25:27.354880+00:00,0.00043380758,LOW,23.0,3,0
run_20260625_112527,2026-06-25 11:25:27.354880+00:00,0.18962064,LOW,9.0,3,1
run_20260625_112527,2026-06-25 11:25:27.354880+00:00,0.004377188,LOW,7.0,4,0
run_20260625_112527,2026-06-25 11:25:27.354880+00:00,0.95911527,HIGH,1.0,5,0
run_20260625_112527,2026-06-25 11:25:27.354880+00:00,0.97992057,HIGH,1.0,5,1
run_20260625_112527,2026-06-25 11:25:27.354880+00:00,0.9804422,HIGH,0.0,5,0
run_20260625_112527,2026-06-25 11:25:27.354880+00:00,0.010114382,LOW,6.0,1,0
run_20260625_112527,2026-06-25 11:25:27.354880+00:00,0.055920273,LOW,15.0,2,0
run_20260625_112527,2026-06-25 11:25:27.354880+00:00,0.0065606995,LOW,8.0,3,0
run_20260625_112527,2026-06-25 11:25:27.354880+00:00,0.054311305,LOW,10.0,5,0
run_20260625_112527,2026-06-25 11:25:27.354880+00:00,0.05496536,LOW,10.0,2,0
run_20260625_112527,2026-06-25 11:25:27.354880+00:00,0.94872653,HIGH,3.0,3,1
run_20260625_112527,2026-06-25 11:25:27.354880+00:00,0.15773915,LOW,12.0,3,1
run_20260625_112527,2026-06-25 11:25:27.354880+00:00,0.05636217,LOW,4.0,3,0
run_20260625_112527,2026-06-25 11:25:27.354880+00:00,0.81346583,HIGH,,4,0
run_20260625_112527,2026-06-25 11:25:27.354880+00:00,0.0025888165,LOW,30.0,3,0
run_20260625_112527,2026-06-25 11:25:27.354880+00:00,0.004500644,LOW,22.0,5,1
run_20260625_112527,2026-06-25 11:25:27.354880+00:00,0.07426924,LOW,8.0,5,0
run_20260625_112527,2026-06-25 11:25:27.354880+00:00,0.046009254,LOW,1.0,5,0
run_20260625_112527,2026-06-25 11:25:27.354880+00:00,0.8528278,HIGH,1.0,1,0
run_20260625_112527,2026-06-25 11:25:27.354880+00:00,0.20908801,LOW,7.0,3,0
run_20260625_112527,2026-06-25 11:25:27.354880+00:00,0.0044944095,LOW,19.0,4,0
run_20260625_112527,2026-06-25 11:25:27.354880+00:00,0.10543589,LOW,,4,0
run_20260625_112527,2026-06-25 11:25:27.354880+00:00,0.8933044,HIGH,1.0,2,1
run_20260625_112527,2026-06-25 11:25:27.354880+00:00,0.048240986,LOW,12.0,3,0
run_20260625_112527,2026-06-25 11:25:27.354880+00:00,0.004629984,LOW,20.0,3,0
run_20260625_112527,2026-06-25 11:25:27.354880+00:00,0.0011199793,LOW,21.0,4,0
run_20260625_112527,2026-06-25 11:25:27.354880+00:00,0.025637006,LOW,17.0,2,1
run_20260625_112527,2026-06-25 11:25:27.354880+00:00,0.042051632,LOW,2.0,5,0
run_20260625_112527,2026-06-25 11:25:27.354880+00:00,0.01689949,LOW,2.0,4,0
run_20260625_112527,2026-06-25 11:25:27.354880+00:00,0.06490519,LOW,3.0,4,1
run_20260625_112527,2026-06-25 11:25:27.354880+00:00,0.13383287,LOW,9.0,2,0
run_20260625_112527,2026-06-25 11:25:27.354880+00:00,0.060536712,LOW,5.0,1,0
run_20260625_112527,2026-06-25 11:25:27.354880+00:00,0.000472603,LOW,30.0,3,0
run_20260625_112527,2026-06-25 11:25:27.354880+00:00,0.94686806,HIGH,1.0,3,1
run_20260625_112527,2026-06-25 11:25:27.354880+00:00,0.040938176,LOW,19.0,2,0
run_20260625_112527,2026-06-25 11:25:27.354880+00:00,0.8760401,HIGH,5.0,4,0
run_20260625_112527,2026-06-25 11:25:27.354880+00:00,0.34580892,LOW,0.0,5,0
run_20260625_112527,2026-06-25 11:25:27.354880+00:00,0.89862233,HIGH,2.0,4,0
run_20260625_112527,2026-06-25 11:25:27.354880+00:00,0.0054582753,LOW,23.0,5,1
run_20260625_112527,2026-06-25 11:25:27.354880+00:00,0.081144504,LOW,14.0,3,0
run_20260625_112527,2026-06-25 11:25:27.354880+00:00,0.036033265,LOW,6.0,4,0
run_20260625_112527,2026-06-25 11:25:27.354880+00:00,0.38816583,LOW,14.0,3,1
run_20260625_112527,2026-06-25 11:25:27.354880+00:00,0.9432114,HIGH,1.0,4,1
run_20260625_112527,2026-06-25 11:25:27.354880+00:00,0.99412173,HIGH,1.0,2,1
run_20260625_112527,2026-06-25 11:25:27.354880+00:00,0.12592947,LOW,2.0,4,0
run_20260625_112527,2026-06-25 11:25:27.354880+00:00,0.0025286698,LOW,3.0,1,0
run_20260625_112527,2026-06-25 11:25:27.354880+00:00,0.068246864,LOW,12.0,1,0
run_20260625_112527,2026-06-25 11:25:27.354880+00:00,0.9629542,HIGH,1.0,3,1
run_20260625_112527,2026-06-25 11:25:27.354880+00:00,0.056042187,LOW,11.0,4,0
run_20260625_112527,2026-06-25 11:25:27.354880+00:00,0.0018031382,LOW,12.0,5,1
run_20260625_112527,2026-06-25 11:25:27.354880+00:00,0.00059631374,LOW,30.0,3,1
run_20260625_112527,2026-06-25 11:25:27.354880+00:00,0.05673626,LOW,6.0,3,0
run_20260625_112527,2026-06-25 11:25:27.354880+00:00,0.59750295,MEDIUM,1.0,4,0
run_20260625_112527,2026-06-25 11:25:27.354880+00:00,0.08643982,LOW,8.0,3,0
run_20260625_112527,2026-06-25 11:25:27.354880+00:00,0.0048036464,LOW,14.0,4,0
run_20260625_112527,2026-06-25 11:25:27.354880+00:00,0.053917833,LOW,14.0,3,0
run_20260625_112527,2026-06-25 11:25:27.354880+00:00,0.047084924,LOW,2.0,4,0
run_20260625_112527,2026-06-25 11:25:27.354880+00:00,0.49425682,MEDIUM,4.0,4,0
run_20260625_112527,2026-06-25 11:25:27.354880+00:00,0.9625511,HIGH,3.0,1,0
run_20260625_112527,2026-06-25 11:25:27.354880+00:00,0.1295366,LOW,20.0,4,1
run_20260625_112527,2026-06-25 11:25:27.354880+00:00,0.01941672,LOW,11.0,3,0
run_20260625_112527,2026-06-25 11:25:27.354880+00:00,0.006796804,LOW,11.0,1,0
run_20260625_112527,2026-06-25 11:25:27.354880+00:00,0.039301477,LOW,10.0,2,0
run_20260625_112527,2026-06-25 11:25:27.354880+00:00,0.00076154864,LOW,11.0,4,0
run_20260625_112527,2026-06-25 11:25:27.354880+00:00,0.0015610082,LOW,25.0,4,0
run_20260625_112527,2026-06-25 11:25:27.354880+00:00,0.9906729,HIGH,1.0,1,1
run_20260625_112527,2026-06-25 11:25:27.354880+00:00,0.06594116,LOW,14.0,5,0
run_20260625_112527,2026-06-25 11:25:27.354880+00:00,0.1252754,LOW,,1,0
run_20260625_112527,2026-06-25 11:25:27.354880+00:00,0.0013696176,LOW,26.0,3,1
run_20260625_112527,2026-06-25 11:25:27.354880+00:00,0.0022276011,LOW,28.0,3,0
run_20260625_112527,2026-06-25 11:25:27.354880+00:00,0.033309966,LOW,20.0,3,0
run_20260625_112527,2026-06-25 11:25:27.354880+00:00,0.98523384,HIGH,1.0,4,0
run_20260625_112527,2026-06-25 11:25:27.354880+00:00,0.94317776,HIGH,1.0,4,1
run_20260625_112527,2026-06-25 11:25:27.354880+00:00,0.16450664,LOW,5.0,2,0
run_20260625_112527,2026-06-25 11:25:27.354880+00:00,0.98946697,HIGH,1.0,4,1
run_20260625_112527,2026-06-25 11:25:27.354880+00:00,0.00217921,LOW,18.0,4,0
run_20260625_112527,2026-06-25 11:25:27.354880+00:00,0.029782241,LOW,1.0,4,1
run_20260625_112527,2026-06-25 11:25:27.354880+00:00,0.99493533,HIGH,1.0,1,1
run_20260625_112527,2026-06-25 11:25:27.354880+00:00,0.3279498,LOW,1.0,4,0
run_20260625_112527,2026-06-25 11:25:27.354880+00:00,0.039993085,LOW,9.0,2,1
run_20260625_112527,2026-06-25 11:25:27.354880+00:00,0.059162177,LOW,7.0,5,0
run_20260625_112527,2026-06-25 11:25:27.354880+00:00,0.11768437,LOW,19.0,3,0
run_20260625_112527,2026-06-25 11:25:27.354880+00:00,0.08260641,LOW,3.0,3,0
run_20260625_112527,2026-06-25 11:25:27.354880+00:00,0.047972325,LOW,18.0,1,1
run_20260625_112527,2026-06-25 11:25:27.354880+00:00,0.0007779211,LOW,11.0,1,0
run_20260625_112527,2026-06-25 11:25:27.354880+00:00,0.14747238,LOW,5.0,4,0
run_20260625_112527,2026-06-25 11:25:27.354880+00:00,0.046067405,LOW,21.0,3,1
run_20260625_112527,2026-06-25 11:25:27.354880+00:00,0.001033623,LOW,27.0,3,0
run_20260625_112527,2026-06-25 11:25:27.354880+00:00,0.0020908446,LOW,30.0,5,1
run_20260625_112527,2026-06-25 11:25:27.354880+00:00,0.08329789,LOW,4.0,3,0
run_20260625_112527,2026-06-25 11:25:27.354880+00:00,0.21315522,LOW,8.0,3,0
run_20260625_112527,2026-06-25 11:25:27.354880+00:00,0.48325917,MEDIUM,1.0,5,0
run_20260625_112527,2026-06-25 11:25:27.354880+00:00,0.035134975,LOW,7.0,3,0
run_20260625_112527,2026-06-25 11:25:27.354880+00:00,0.035295814,LOW,12.0,2,1
run_20260625_112527,2026-06-25 11:25:27.354880+00:00,0.10643246,LOW,17.0,5,0
run_20260625_112527,2026-06-25 11:25:27.354880+00:00,0.0745588,LOW,5.0,5,0
run_20260625_112527,2026-06-25 11:25:27.354880+00:00,0.21909924,LOW,9.0,3,0
run_20260625_112527,2026-06-25 11:25:27.354880+00:00,0.5371436,MEDIUM,1.0,1,1
run_20260625_112527,2026-06-25 11:25:27.354880+00:00,0.00019897567,LOW,24.0,3,0
run_20260625_112527,2026-06-25 11:25:27.354880+00:00,0.98151946,HIGH,7.0,3,1
run_20260625_112527,2026-06-25 11:25:27.354880+00:00,0.000338025,LOW,20.0,1,1
run_20260625_112527,2026-06-25 11:25:27.354880+00:00,0.043558326,LOW,7.0,3,0
run_20260625_112527,2026-06-25 11:25:27.354880+00:00,0.13442929,LOW,2.0,3,1
run_20260625_112527,2026-06-25 11:25:27.354880+00:00,0.011172435,LOW,21.0,1,0
run_20260625_112527,2026-06-25 11:25:27.354880+00:00,0.87999964,HIGH,4.0,4,1
run_20260625_112527,2026-06-25 11:25:27.354880+00:00,0.049750708,LOW,21.0,1,1
run_20260625_112527,2026-06-25 11:25:27.354880+00:00,0.023404801,LOW,5.0,5,0
run_20260625_112527,2026-06-25 11:25:27.354880+00:00,0.0014088067,LOW,8.0,5,0
run_20260625_112527,2026-06-25 11:25:27.354880+00:00,0.024345974,LOW,12.0,1,0
run_20260625_112527,2026-06-25 11:25:27.354880+00:00,0.00031364756,LOW,24.0,5,0
run_20260625_112527,2026-06-25 11:25:27.354880+00:00,0.0029754343,LOW,30.0,5,0
run_20260625_112527,2026-06-25 11:25:27.354880+00:00,0.0010595688,LOW,14.0,4,0
run_20260625_112527,2026-06-25 11:25:27.354880+00:00,0.062617965,LOW,9.0,3,0
run_20260625_112527,2026-06-25 11:25:27.354880+00:00,0.061044555,LOW,5.0,3,0
run_20260625_112527,2026-06-25 11:25:27.354880+00:00,0.012083719,LOW,30.0,1,0
run_20260625_112527,2026-06-25 11:25:27.354880+00:00,0.9350119,HIGH,1.0,4,1
run_20260625_112527,2026-06-25 11:25:27.354880+00:00,0.31255874,LOW,9.0,3,0
run_20260625_112527,2026-06-25 11:25:27.354880+00:00,0.019196602,LOW,3.0,5,0
run_20260625_112527,2026-06-25 11:25:27.354880+00:00,0.0021342735,LOW,30.0,4,1
run_20260625_112527,2026-06-25 11:25:27.354880+00:00,0.103868954,LOW,11.0,4,0
run_20260625_112527,2026-06-25 11:25:27.354880+00:00,0.025438936,LOW,14.0,4,0
run_20260625_112527,2026-06-25 11:25:27.354880+00:00,9.2438226e-05,LOW,26.0,1,0
run_20260625_112527,2026-06-25 11:25:27.354880+00:00,0.012823961,LOW,4.0,1,1
run_20260625_112527,2026-06-25 11:25:27.354880+00:00,0.005798572,LOW,,1,0
run_20260625_112527,2026-06-25 11:25:27.354880+00:00,0.11696133,LOW,18.0,4,0
run_20260625_112527,2026-06-25 11:25:27.354880+00:00,0.42023733,MEDIUM,0.0,5,1
run_20260625_112527,2026-06-25 11:25:27.354880+00:00,0.95926344,HIGH,19.0,3,0
run_20260625_112527,2026-06-25 11:25:27.354880+00:00,0.010612964,LOW,10.0,5,0
run_20260625_112527,2026-06-25 11:25:27.354880+00:00,0.05142791,LOW,11.0,4,0
run_20260625_112527,2026-06-25 11:25:27.354880+00:00,0.051508486,LOW,9.0,3,0
run_20260625_112527,2026-06-25 11:25:27.354880+00:00,0.024448063,LOW,15.0,5,1
run_20260625_112527,2026-06-25 11:25:27.354880+00:00,0.01452127,LOW,20.0,3,0
run_20260625_112527,2026-06-25 11:25:27.354880+00:00,0.9912578,HIGH,0.0,5,0
run_20260625_112527,2026-06-25 11:25:27.354880+00:00,0.9937402,HIGH,1.0,5,1
run_20260625_112527,2026-06-25 11:25:27.354880+00:00,0.11527032,LOW,15.0,3,0
run_20260625_112527,2026-06-25 11:25:27.354880+00:00,0.007030206,LOW,27.0,3,0
run_20260625_112527,2026-06-25 11:25:27.354880+00:00,0.13862774,LOW,9.0,3,0
run_20260625_112527,2026-06-25 11:25:27.354880+00:00,0.00090306386,LOW,6.0,1,0
run_20260625_112527,2026-06-25 11:25:27.354880+00:00,0.976784,HIGH,,5,0
run_20260625_112527,2026-06-25 11:25:27.354880+00:00,0.14585474,LOW,12.0,3,1
run_20260625_112527,2026-06-25 11:25:27.354880+00:00,0.0012968131,LOW,27.0,2,0
run_20260625_112527,2026-06-25 11:25:27.354880+00:00,0.0003154697,LOW,23.0,4,0
run_20260625_112527,2026-06-25 11:25:27.354880+00:00,0.22386463,LOW,5.0,5,0
run_20260625_112527,2026-06-25 11:25:27.354880+00:00,0.96254086,HIGH,1.0,4,1
run_20260625_112527,2026-06-25 11:25:27.354880+00:00,0.005770663,LOW,11.0,4,0
run_20260625_112527,2026-06-25 11:25:27.354880+00:00,0.76555973,HIGH,13.0,3,1
run_20260625_112527,2026-06-25 11:25:27.354880+00:00,0.0167798,LOW,16.0,1,0
run_20260625_112527,2026-06-25 11:25:27.354880+00:00,0.2451632,LOW,,3,0
run_20260625_112527,2026-06-25 11:25:27.354880+00:00,0.031540297,LOW,7.0,4,0
run_20260625_112527,2026-06-25 11:25:27.354880+00:00,0.9308243,HIGH,1.0,3,1
run_20260625_112527,2026-06-25 11:25:27.354880+00:00,2.7718987e-05,LOW,23.0,3,0
run_20260625_112527,2026-06-25 11:25:27.354880+00:00,0.010931388,LOW,28.0,3,0
run_20260625_112527,2026-06-25 11:25:27.354880+00:00,0.024628948,LOW,14.0,3,0
run_20260625_112527,2026-06-25 11:25:27.354880+00:00,0.97659653,HIGH,10.0,4,1
run_20260625_112527,2026-06-25 11:25:27.354880+00:00,0.074598014,LOW,3.0,4,0
run_20260625_112527,2026-06-25 11:25:27.354880+00:00,0.010211227,LOW,19.0,5,0
run_20260625_112527,2026-06-25 11:25:27.354880+00:00,0.01593401,LOW,3.0,1,0
run_20260625_112527,2026-06-25 11:25:27.354880+00:00,0.92195415,HIGH,0.0,3,0
run_20260625_112527,2026-06-25 11:25:27.354880+00:00,0.943013,HIGH,,2,1
run_20260625_112527,2026-06-25 11:25:27.354880+00:00,0.40363574,MEDIUM,,3,0
run_20260625_112527,2026-06-25 11:25:27.354880+00:00,0.00014587134,LOW,31.0,4,0
run_20260625_112527,2026-06-25 11:25:27.354880+00:00,0.71340936,HIGH,3.0,3,1
run_20260625_112527,2026-06-25 11:25:27.354880+00:00,0.0016657725,LOW,29.0,5,1
run_20260625_112527,2026-06-25 11:25:27.354880+00:00,0.16483866,LOW,3.0,1,0
run_20260625_112527,2026-06-25 11:25:27.354880+00:00,0.5055439,MEDIUM,11.0,3,1
run_20260625_112527,2026-06-25 11:25:27.354880+00:00,3.810896e-05,LOW,23.0,5,0
run_20260625_112527,2026-06-25 11:25:27.354880+00:00,0.030776348,LOW,3.0,5,0
run_20260625_112527,2026-06-25 11:25:27.354880+00:00,0.37029886,LOW,21.0,1,0
run_20260625_112527,2026-06-25 11:25:27.354880+00:00,0.119241394,LOW,3.0,2,1
run_20260625_112527,2026-06-25 11:25:27.354880+00:00,0.007978478,LOW,18.0,3,0
run_20260625_112527,2026-06-25 11:25:27.354880+00:00,0.0045880587,LOW,12.0,3,0
run_20260625_112527,2026-06-25 11:25:27.354880+00:00,0.852041,HIGH,1.0,1,0
run_20260625_112527,2026-06-25 11:25:27.354880+00:00,0.026661422,LOW,5.0,2,0
run_20260625_112527,2026-06-25 11:25:27.354880+00:00,0.91867673,HIGH,14.0,1,0
run_20260625_112527,2026-06-25 11:25:27.354880+00:00,0.25828788,LOW,11.0,3,1
run_20260625_112527,2026-06-25 11:25:27.354880+00:00,0.00899013,LOW,13.0,3,0
run_20260625_112527,2026-06-25 11:25:27.354880+00:00,0.002245342,LOW,14.0,5,0
run_20260625_112527,2026-06-25 11:25:27.354880+00:00,0.039583214,LOW,7.0,1,0
run_20260625_112527,2026-06-25 11:25:27.354880+00:00,0.019270085,LOW,10.0,4,0
run_20260625_112527,2026-06-25 11:25:27.354880+00:00,0.36094543,LOW,4.0,4,0
run_20260625_112527,2026-06-25 11:25:27.354880+00:00,0.3498583,LOW,0.0,5,0
run_20260625_112527,2026-06-25 11:25:27.354880+00:00,0.37584165,LOW,0.0,4,0
run_20260625_112527,2026-06-25 11:25:27.354880+00:00,0.002162894,LOW,8.0,5,0
run_20260625_112527,2026-06-25 11:25:27.354880+00:00,0.98986465,HIGH,1.0,5,1
run_20260625_112527,2026-06-25 11:25:27.354880+00:00,0.0034994455,LOW,22.0,4,0
run_20260625_112527,2026-06-25 11:25:27.354880+00:00,0.9283755,HIGH,1.0,5,0
run_20260625_112527,2026-06-25 11:25:27.354880+00:00,0.0652203,LOW,8.0,3,0
run_20260625_112527,2026-06-25 11:25:27.354880+00:00,0.00014857829,LOW,20.0,5,0
run_20260625_112527,2026-06-25 11:25:27.354880+00:00,0.018431524,LOW,10.0,4,0
run_20260625_112527,2026-06-25 11:25:27.354880+00:00,0.0037399533,LOW,18.0,4,0
run_20260625_112527,2026-06-25 11:25:27.354880+00:00,0.00074963755,LOW,30.0,1,1
run_20260625_112527,2026-06-25 11:25:27.354880+00:00,0.06991181,LOW,2.0,2,0
run_20260625_112527,2026-06-25 11:25:27.354880+00:00,0.08519718,LOW,6.0,1,0
run_20260625_112527,2026-06-25 11:25:27.354880+00:00,0.06824887,LOW,20.0,4,0
run_20260625_112527,2026-06-25 11:25:27.354880+00:00,0.050712835,LOW,,1,0
run_20260625_112527,2026-06-25 11:25:27.354880+00:00,0.8266953,HIGH,13.0,3,1
run_20260625_112527,2026-06-25 11:25:27.354880+00:00,0.006080118,LOW,10.0,2,1
run_20260625_112527,2026-06-25 11:25:27.354880+00:00,0.0013005715,LOW,30.0,5,0
run_20260625_112527,2026-06-25 11:25:27.354880+00:00,0.06858553,LOW,18.0,4,0
run_20260625_112527,2026-06-25 11:25:27.354880+00:00,0.4387957,MEDIUM,,5,0
run_20260625_112527,2026-06-25 11:25:27.354880+00:00,0.00092171115,LOW,28.0,4,0
run_20260625_112527,2026-06-25 11:25:27.354880+00:00,0.095845066,LOW,9.0,3,0
run_20260625_112527,2026-06-25 11:25:27.354880+00:00,0.010661646,LOW,18.0,1,1
run_20260625_112527,2026-06-25 11:25:27.354880+00:00,0.43447068,MEDIUM,4.0,2,0
run_20260625_112527,2026-06-25 11:25:27.354880+00:00,0.00019446999,LOW,24.0,5,0
run_20260625_112527,2026-06-25 11:25:27.354880+00:00,0.9945892,HIGH,1.0,5,1
run_20260625_112527,2026-06-25 11:25:27.354880+00:00,0.047372725,LOW,15.0,1,0
run_20260625_112527,2026-06-25 11:25:27.354880+00:00,0.48276812,MEDIUM,10.0,3,0
run_20260625_112527,2026-06-25 11:25:27.354880+00:00,0.036606353,LOW,17.0,1,0
run_20260625_112527,2026-06-25 11:25:27.354880+00:00,0.029601332,LOW,10.0,4,0
run_20260625_112527,2026-06-25 11:25:27.354880+00:00,0.98642457,HIGH,21.0,4,1
run_20260625_112527,2026-06-25 11:25:27.354880+00:00,0.06303313,LOW,2.0,1,0
run_20260625_112527,2026-06-25 11:25:27.354880+00:00,0.05469916,LOW,10.0,4,0
run_20260625_112527,2026-06-25 11:25:27.354880+00:00,0.19237861,LOW,13.0,2,1
run_20260625_112527,2026-06-25 11:25:27.354880+00:00,0.13714665,LOW,20.0,3,0
run_20260625_112527,2026-06-25 11:25:27.354880+00:00,0.10464917,LOW,9.0,3,0
run_20260625_112527,2026-06-25 11:25:27.354880+00:00,0.04479912,LOW,4.0,3,0
run_20260625_112527,2026-06-25 11:25:27.354880+00:00,0.085658066,LOW,,4,0
run_20260625_112527,2026-06-25 11:25:27.354880+00:00,0.00055370777,LOW,22.0,2,0
run_20260625_112527,2026-06-25 11:25:27.354880+00:00,5.1168034e-05,LOW,23.0,5,0
run_20260625_112527,2026-06-25 11:25:27.354880+00:00,0.04731339,LOW,30.0,3,0
run_20260625_112527,2026-06-25 11:25:27.354880+00:00,0.004087963,LOW,5.0,3,0
run_20260625_112527,2026-06-25 11:25:27.354880+00:00,0.13702182,LOW,5.0,3,0
run_20260625_112527,2026-06-25 11:25:27.354880+00:00,0.053113177,LOW,15.0,1,1
run_20260625_112527,2026-06-25 11:25:27.354880+00:00,0.9854673,HIGH,0.0,5,0
run_20260625_112527,2026-06-25 11:25:27.354880+00:00,0.020695426,LOW,12.0,5,0
run_20260625_112527,2026-06-25 11:25:27.354880+00:00,0.5909743,MEDIUM,1.0,2,0
run_20260625_112527,2026-06-25 11:25:27.354880+00:00,0.59750295,MEDIUM,1.0,4,0
run_20260625_112527,2026-06-25 11:25:27.354880+00:00,0.08868,LOW,2.0,4,0
run_20260625_112527,2026-06-25 11:25:27.354880+00:00,0.07154755,LOW,0.0,3,0
run_20260625_112527,2026-06-25 11:25:27.354880+00:00,0.08960557,LOW,1.0,5,0
run_20260625_112527,2026-06-25 11:25:27.354880+00:00,0.03583303,LOW,17.0,1,0
run_20260625_112527,2026-06-25 11:25:27.354880+00:00,0.089696206,LOW,0.0,2,0
run_20260625_112527,2026-06-25 11:25:27.354880+00:00,0.037834622,LOW,16.0,5,0
run_20260625_112527,2026-06-25 11:25:27.354880+00:00,0.052975792,LOW,13.0,3,0
run_20260625_112527,2026-06-25 11:25:27.354880+00:00,0.050181,LOW,2.0,5,0
run_20260625_112527,2026-06-25 11:25:27.354880+00:00,0.010429484,LOW,2.0,1,0
run_20260625_112527,2026-06-25 11:25:27.354880+00:00,0.00060076854,LOW,25.0,3,0
run_20260625_112527,2026-06-25 11:25:27.354880+00:00,0.15505683,LOW,18.0,3,1
run_20260625_112527,2026-06-25 11:25:27.354880+00:00,0.038287256,LOW,6.0,2,1
run_20260625_112527,2026-06-25 11:25:27.354880+00:00,0.0042185416,LOW,7.0,1,0
run_20260625_112527,2026-06-25 11:25:27.354880+00:00,0.13618557,LOW,15.0,3,1
run_20260625_112527,2026-06-25 11:25:27.354880+00:00,0.9579793,HIGH,1.0,5,0
run_20260625_112527,2026-06-25 11:25:27.354880+00:00,0.08999075,LOW,6.0,4,0
run_20260625_112527,2026-06-25 11:25:27.354880+00:00,0.98314154,HIGH,11.0,3,1
run_20260625_112527,2026-06-25 11:25:27.354880+00:00,0.4035562,MEDIUM,19.0,3,0
run_20260625_112527,2026-06-25 11:25:27.354880+00:00,0.00518076,LOW,26.0,4,0
run_20260625_112527,2026-06-25 11:25:27.354880+00:00,0.17547894,LOW,12.0,5,1
run_20260625_112527,2026-06-25 11:25:27.354880+00:00,0.66761893,MEDIUM,,3,0
run_20260625_112527,2026-06-25 11:25:27.354880+00:00,0.017941575,LOW,11.0,2,0
run_20260625_112527,2026-06-25 11:25:27.354880+00:00,0.000634386,LOW,14.0,5,0
run_20260625_112527,2026-06-25 11:25:27.354880+00:00,0.10658536,LOW,4.0,5,0
run_20260625_112527,2026-06-25 11:25:27.354880+00:00,0.01331425,LOW,16.0,1,1
run_20260625_112527,2026-06-25 11:25:27.354880+00:00,0.5937027,MEDIUM,0.0,4,0
run_20260625_112527,2026-06-25 11:25:27.354880+00:00,0.05235528,LOW,21.0,3,0
run_20260625_112527,2026-06-25 11:25:27.354880+00:00,0.16817097,LOW,5.0,2,1
run_20260625_112527,2026-06-25 11:25:27.354880+00:00,0.18465123,LOW,0.0,5,0
run_20260625_112527,2026-06-25 11:25:27.354880+00:00,0.045755107,LOW,14.0,4,0
run_20260625_112527,2026-06-25 11:25:27.354880+00:00,0.019400539,LOW,15.0,3,0
run_20260625_112527,2026-06-25 11:25:27.354880+00:00,5.024836e-05,LOW,25.0,3,0
run_20260625_112527,2026-06-25 11:25:27.354880+00:00,0.45513436,MEDIUM,13.0,3,0
run_20260625_112527,2026-06-25 11:25:27.354880+00:00,0.10586835,LOW,20.0,4,0
run_20260625_112527,2026-06-25 11:25:27.354880+00:00,0.93352187,HIGH,1.0,3,0
run_20260625_112527,2026-06-25 11:25:27.354880+00:00,0.009587698,LOW,6.0,5,0
run_20260625_112527,2026-06-25 11:25:27.354880+00:00,0.0014095568,LOW,30.0,5,1
run_20260625_112527,2026-06-25 11:25:27.354880+00:00,0.017176427,LOW,8.0,3,0
run_20260625_112527,2026-06-25 11:25:27.354880+00:00,0.0135753285,LOW,6.0,5,0
run_20260625_112527,2026-06-25 11:25:27.354880+00:00,0.8831727,HIGH,11.0,3,0
run_20260625_112527,2026-06-25 11:25:27.354880+00:00,0.57234216,MEDIUM,8.0,5,1
run_20260625_112527,2026-06-25 11:25:27.354880+00:00,0.06796679,LOW,2.0,5,0
run_20260625_112527,2026-06-25 11:25:27.354880+00:00,0.007890484,LOW,8.0,3,0
run_20260625_112527,2026-06-25 11:25:27.354880+00:00,0.08500986,LOW,12.0,3,0
run_20260625_112527,2026-06-25 11:25:27.354880+00:00,0.8978054,HIGH,7.0,1,0
run_20260625_112527,2026-06-25 11:25:27.354880+00:00,0.010079219,LOW,12.0,3,0
run_20260625_112527,2026-06-25 11:25:27.354880+00:00,0.0004647428,LOW,22.0,1,1
run_20260625_112527,2026-06-25 11:25:27.354880+00:00,0.13722579,LOW,23.0,2,0
run_20260625_112527,2026-06-25 11:25:27.354880+00:00,0.061484437,LOW,0.0,3,0
run_20260625_112527,2026-06-25 11:25:27.354880+00:00,0.9798458,HIGH,1.0,5,1
run_20260625_112527,2026-06-25 11:25:27.354880+00:00,0.20517083,LOW,14.0,3,0
run_20260625_112527,2026-06-25 11:25:27.354880+00:00,7.614175e-05,LOW,28.0,2,0
run_20260625_112527,2026-06-25 11:25:27.354880+00:00,0.08830547,LOW,2.0,3,0
run_20260625_112527,2026-06-25 11:25:27.354880+00:00,0.13304432,LOW,7.0,2,0
run_20260625_112527,2026-06-25 11:25:27.354880+00:00,0.52762246,MEDIUM,0.0,3,0
run_20260625_112527,2026-06-25 11:25:27.354880+00:00,0.8555449,HIGH,0.0,1,1
run_20260625_112527,2026-06-25 11:25:27.354880+00:00,0.9779594,HIGH,1.0,2,1
run_20260625_112527,2026-06-25 11:25:27.354880+00:00,0.53976,MEDIUM,1.0,3,1
run_20260625_112527,2026-06-25 11:25:27.354880+00:00,0.5808279,MEDIUM,1.0,5,0
run_20260625_112527,2026-06-25 11:25:27.354880+00:00,0.015060337,LOW,18.0,4,0
run_20260625_112527,2026-06-25 11:25:27.354880+00:00,0.19343296,LOW,7.0,3,0
run_20260625_112527,2026-06-25 11:25:27.354880+00:00,0.00017810242,LOW,29.0,4,1
run_20260625_112527,2026-06-25 11:25:27.354880+00:00,0.06313811,LOW,12.0,2,1
run_20260625_112527,2026-06-25 11:25:27.354880+00:00,0.05000527,LOW,11.0,2,0
run_20260625_112527,2026-06-25 11:25:27.354880+00:00,0.030197497,LOW,16.0,5,1
run_20260625_112527,2026-06-25 11:25:27.354880+00:00,0.14272353,LOW,6.0,1,0
run_20260625_112527,2026-06-25 11:25:27.354880+00:00,0.94317776,HIGH,1.0,4,1
run_20260625_112527,2026-06-25 11:25:27.354880+00:00,0.9932807,HIGH,1.0,3,1
run_20260625_112527,2026-06-25 11:25:27.354880+00:00,0.00033549467,LOW,28.0,5,0
run_20260625_112527,2026-06-25 11:25:27.354880+00:00,0.027215794,LOW,9.0,5,1
run_20260625_112527,2026-06-25 11:25:27.354880+00:00,0.15618572,LOW,2.0,1,0
run_20260625_112527,2026-06-25 11:25:27.354880+00:00,0.91376257,HIGH,0.0,3,1
run_20260625_112527,2026-06-25 11:25:27.354880+00:00,0.30659044,LOW,,4,0
run_20260625_112527,2026-06-25 11:25:27.354880+00:00,0.18379693,LOW,18.0,5,1
run_20260625_112527,2026-06-25 11:25:27.354880+00:00,0.050637342,LOW,14.0,5,0
run_20260625_112527,2026-06-25 11:25:27.354880+00:00,0.87633115,HIGH,0.0,5,0
run_20260625_112527,2026-06-25 11:25:27.354880+00:00,0.0032588837,LOW,18.0,1,0
run_20260625_112527,2026-06-25 11:25:27.354880+00:00,0.04129524,LOW,2.0,1,0
run_20260625_112527,2026-06-25 11:25:27.354880+00:00,0.9798458,HIGH,1.0,5,1
run_20260625_112527,2026-06-25 11:25:27.354880+00:00,0.0017941728,LOW,29.0,1,0
run_20260625_112527,2026-06-25 11:25:27.354880+00:00,0.0071131797,LOW,8.0,1,0
run_20260625_112527,2026-06-25 11:25:27.354880+00:00,0.0005883421,LOW,27.0,3,1
run_20260625_112527,2026-06-25 11:25:27.354880+00:00,0.0047179395,LOW,24.0,2,0
run_20260625_112527,2026-06-25 11:25:27.354880+00:00,0.026853794,LOW,6.0,1,0
run_20260625_112527,2026-06-25 11:25:27.354880+00:00,0.78910893,HIGH,1.0,5,0
run_20260625_112527,2026-06-25 11:25:27.354880+00:00,0.0033049376,LOW,27.0,2,0
run_20260625_112527,2026-06-25 11:25:27.354880+00:00,0.24281774,LOW,1.0,1,0
run_20260625_112527,2026-06-25 11:25:27.354880+00:00,0.9936406,HIGH,0.0,4,1
run_20260625_112527,2026-06-25 11:25:27.354880+00:00,0.14038625,LOW,,3,0
run_20260625_112527,2026-06-25 11:25:27.354880+00:00,0.012759705,LOW,5.0,3,0
run_20260625_112527,2026-06-25 11:25:27.354880+00:00,0.9541743,HIGH,1.0,5,0
run_20260625_112527,2026-06-25 11:25:27.354880+00:00,0.035443302,LOW,15.0,1,1
run_20260625_112527,2026-06-25 11:25:27.354880+00:00,0.95130247,HIGH,1.0,3,0
run_20260625_112527,2026-06-25 11:25:27.354880+00:00,0.1914529,LOW,8.0,3,0
run_20260625_112527,2026-06-25 11:25:27.354880+00:00,0.009684507,LOW,7.0,2,0
run_20260625_112527,2026-06-25 11:25:27.354880+00:00,0.013576012,LOW,7.0,1,1
run_20260625_112527,2026-06-25 11:25:27.354880+00:00,0.6004784,MEDIUM,14.0,3,0
run_20260625_112527,2026-06-25 11:25:27.354880+00:00,0.99712163,HIGH,1.0,4,1
run_20260625_112527,2026-06-25 11:25:27.354880+00:00,0.034304585,LOW,10.0,3,0
run_20260625_112527,2026-06-25 11:25:27.354880+00:00,0.001655628,LOW,15.0,5,0
run_20260625_112527,2026-06-25 11:25:27.354880+00:00,0.11508889,LOW,11.0,3,1
run_20260625_112527,2026-06-25 11:25:27.354880+00:00,0.004884597,LOW,9.0,4,0
run_20260625_112527,2026-06-25 11:25:27.354880+00:00,0.9843828,HIGH,,4,1
run_20260625_112527,2026-06-25 11:25:27.354880+00:00,0.18507501,LOW,,4,0
run_20260625_112527,2026-06-25 11:25:27.354880+00:00,0.003978141,LOW,23.0,4,0
run_20260625_112527,2026-06-25 11:25:27.354880+00:00,0.9900844,HIGH,0.0,4,1
run_20260625_112527,2026-06-25 11:25:27.354880+00:00,0.9899817,HIGH,1.0,5,1
run_20260625_112527,2026-06-25 11:25:27.354880+00:00,0.1788943,LOW,7.0,3,0
run_20260625_112527,2026-06-25 11:25:27.354880+00:00,0.094882034,LOW,12.0,1,0
run_20260625_112527,2026-06-25 11:25:27.354880+00:00,0.449648,MEDIUM,1.0,3,1
run_20260625_112527,2026-06-25 11:25:27.354880+00:00,0.9799427,HIGH,7.0,5,0
run_20260625_112527,2026-06-25 11:25:27.354880+00:00,0.25592077,LOW,0.0,4,0
run_20260625_112527,2026-06-25 11:25:27.354880+00:00,0.31749627,LOW,2.0,3,0
run_20260625_112527,2026-06-25 11:25:27.354880+00:00,0.11310672,LOW,7.0,3,0
run_20260625_112527,2026-06-25 11:25:27.354880+00:00,0.10746814,LOW,7.0,5,0
run_20260625_112527,2026-06-25 11:25:27.354880+00:00,0.0032588837,LOW,18.0,1,0
run_20260625_112527,2026-06-25 11:25:27.354880+00:00,0.056676984,LOW,9.0,3,0
run_20260625_112527,2026-06-25 11:25:27.354880+00:00,0.01570777,LOW,20.0,4,0
run_20260625_112527,2026-06-25 11:25:27.354880+00:00,0.19021422,LOW,,2,0
run_20260625_112527,2026-06-25 11:25:27.354880+00:00,0.88768554,HIGH,8.0,3,1
run_20260625_112527,2026-06-25 11:25:27.354880+00:00,0.08924534,LOW,12.0,1,0
run_20260625_112527,2026-06-25 11:25:27.354880+00:00,0.14451113,LOW,5.0,1,1
run_20260625_112527,2026-06-25 11:25:27.354880+00:00,0.17243478,LOW,14.0,4,0
run_20260625_112527,2026-06-25 11:25:27.354880+00:00,0.05077875,LOW,9.0,3,1
run_20260625_112527,2026-06-25 11:25:27.354880+00:00,0.09173185,LOW,9.0,3,0
run_20260625_112527,2026-06-25 11:25:27.354880+00:00,0.02788934,LOW,19.0,4,1
run_20260625_112527,2026-06-25 11:25:27.354880+00:00,0.010561895,LOW,28.0,3,0
run_20260625_112527,2026-06-25 11:25:27.354880+00:00,0.08592187,LOW,4.0,4,1
run_20260625_112527,2026-06-25 11:25:27.354880+00:00,0.36594057,LOW,1.0,1,0
run_20260625_112527,2026-06-25 11:25:27.354880+00:00,0.003150825,LOW,28.0,3,0
run_20260625_112527,2026-06-25 11:25:27.354880+00:00,0.13207431,LOW,10.0,4,1
run_20260625_112527,2026-06-25 11:25:27.354880+00:00,0.21381418,LOW,14.0,3,0
run_20260625_112527,2026-06-25 11:25:27.354880+00:00,0.045942675,LOW,14.0,3,0
run_20260625_112527,2026-06-25 11:25:27.354880+00:00,0.026444744,LOW,7.0,3,0
run_20260625_112527,2026-06-25 11:25:27.354880+00:00,0.93279076,HIGH,0.0,3,0
run_20260625_112527,2026-06-25 11:25:27.354880+00:00,0.03758516,LOW,15.0,1,1
run_20260625_112527,2026-06-25 11:25:27.354880+00:00,0.9441425,HIGH,20.0,2,0
run_20260625_112527,2026-06-25 11:25:27.354880+00:00,0.10277483,LOW,11.0,3,0
run_20260625_112527,2026-06-25 11:25:27.354880+00:00,0.55334795,MEDIUM,0.0,2,0
run_20260625_112527,2026-06-25 11:25:27.354880+00:00,0.14287628,LOW,14.0,3,0
run_20260625_112527,2026-06-25 11:25:27.354880+00:00,0.9528146,HIGH,19.0,3,1
run_20260625_112527,2026-06-25 11:25:27.354880+00:00,0.9645224,HIGH,0.0,2,1
run_20260625_112527,2026-06-25 11:25:27.354880+00:00,0.6216326,MEDIUM,0.0,2,0
run_20260625_112527,2026-06-25 11:25:27.354880+00:00,0.8524539,HIGH,1.0,1,0
run_20260625_112527,2026-06-25 11:25:27.354880+00:00,0.8767338,HIGH,1.0,1,0
run_20260625_112527,2026-06-25 11:25:27.354880+00:00,0.08118844,LOW,11.0,3,0
run_20260625_112527,2026-06-25 11:25:27.354880+00:00,0.6625253,MEDIUM,8.0,4,1
run_20260625_112527,2026-06-25 11:25:27.354880+00:00,0.9857998,HIGH,1.0,3,0
run_20260625_112527,2026-06-25 11:25:27.354880+00:00,0.0008747606,LOW,25.0,3,1
run_20260625_112527,2026-06-25 11:25:27.354880+00:00,0.7156985,HIGH,1.0,2,1
run_20260625_112527,2026-06-25 11:25:27.354880+00:00,0.28316298,LOW,8.0,3,1
run_20260625_112527,2026-06-25 11:25:27.354880+00:00,0.07575571,LOW,20.0,1,0
run_20260625_112527,2026-06-25 11:25:27.354880+00:00,0.9348649,HIGH,6.0,5,1
run_20260625_112527,2026-06-25 11:25:27.354880+00:00,0.34371123,LOW,1.0,1,0
run_20260625_112527,2026-06-25 11:25:27.354880+00:00,0.8636676,HIGH,1.0,3,0
run_20260625_112527,2026-06-25 11:25:27.354880+00:00,0.06589072,LOW,7.0,4,0
run_20260625_112527,2026-06-25 11:25:27.354880+00:00,0.9974528,HIGH,1.0,5,1
run_20260625_112527,2026-06-25 11:25:27.354880+00:00,0.053997003,LOW,3.0,3,0
run_20260625_112527,2026-06-25 11:25:27.354880+00:00,0.19696678,LOW,9.0,5,0
run_20260625_112527,2026-06-25 11:25:27.354880+00:00,0.99378914,HIGH,3.0,4,1
run_20260625_112527,2026-06-25 11:25:27.354880+00:00,0.03574632,LOW,16.0,5,0
run_20260625_112527,2026-06-25 11:25:27.354880+00:00,0.8234248,HIGH,1.0,4,0
run_20260625_112527,2026-06-25 11:25:27.354880+00:00,0.03047518,LOW,3.0,4,0
run_20260625_112527,2026-06-25 11:25:27.354880+00:00,0.01173373,LOW,10.0,1,0
run_20260625_112527,2026-06-25 11:25:27.354880+00:00,0.6137282,MEDIUM,14.0,3,0
run_20260625_112527,2026-06-25 11:25:27.354880+00:00,0.004065617,LOW,22.0,4,0
run_20260625_112527,2026-06-25 11:25:27.354880+00:00,0.016969433,LOW,13.0,5,0
run_20260625_112527,2026-06-25 11:25:27.354880+00:00,0.048281483,LOW,8.0,5,0
run_20260625_112527,2026-06-25 11:25:27.354880+00:00,0.022111421,LOW,11.0,4,0
run_20260625_112527,2026-06-25 11:25:27.354880+00:00,0.9847569,HIGH,,3,0
run_20260625_112527,2026-06-25 11:25:27.354880+00:00,0.94445133,HIGH,16.0,4,1
run_20260625_112527,2026-06-25 11:25:27.354880+00:00,0.036606688,LOW,8.0,1,1
run_20260625_112527,2026-06-25 11:25:27.354880+00:00,0.005351262,LOW,8.0,2,0
run_20260625_112527,2026-06-25 11:25:27.354880+00:00,0.00012252215,LOW,30.0,1,0
run_20260625_112527,2026-06-25 11:25:27.354880+00:00,0.8658856,HIGH,1.0,1,0
run_20260625_112527,2026-06-25 11:25:27.354880+00:00,0.03936318,LOW,15.0,3,0
run_20260625_112527,2026-06-25 11:25:27.354880+00:00,0.07426924,LOW,8.0,5,0
run_20260625_112527,2026-06-25 11:25:27.354880+00:00,0.016309217,LOW,3.0,5,1
run_20260625_112527,2026-06-25 11:25:27.354880+00:00,0.00033920025,LOW,24.0,4,0
run_20260625_112527,2026-06-25 11:25:27.354880+00:00,0.042139355,LOW,8.0,3,1
run_20260625_112527,2026-06-25 11:25:27.354880+00:00,0.22733289,LOW,,1,0
run_20260625_112527,2026-06-25 11:25:27.354880+00:00,0.36920914,LOW,,2,0
run_20260625_112527,2026-06-25 11:25:27.354880+00:00,0.023592258,LOW,7.0,1,1
run_20260625_112527,2026-06-25 11:25:27.354880+00:00,0.032235406,LOW,13.0,4,0
run_20260625_112527,2026-06-25 11:25:27.354880+00:00,0.12909834,LOW,14.0,3,1
run_20260625_112527,2026-06-25 11:25:27.354880+00:00,0.21936333,LOW,19.0,2,0
run_20260625_112527,2026-06-25 11:25:27.354880+00:00,0.4926262,MEDIUM,1.0,4,0
run_20260625_112527,2026-06-25 11:25:27.354880+00:00,0.287296,LOW,4.0,2,1
run_20260625_112527,2026-06-25 11:25:27.354880+00:00,0.31673142,LOW,10.0,2,0
run_20260625_112527,2026-06-25 11:25:27.354880+00:00,0.54476607,MEDIUM,1.0,5,0
run_20260625_112527,2026-06-25 11:25:27.354880+00:00,0.19825192,LOW,9.0,4,0
run_20260625_112527,2026-06-25 11:25:27.354880+00:00,0.29646677,LOW,12.0,3,1
run_20260625_112527,2026-06-25 11:25:27.354880+00:00,0.01815555,LOW,20.0,4,1
run_20260625_112527,2026-06-25 11:25:27.354880+00:00,0.98986465,HIGH,1.0,5,1
run_20260625_112527,2026-06-25 11:25:27.354880+00:00,0.9964755,HIGH,1.0,5,1
run_20260625_112527,2026-06-25 11:25:27.354880+00:00,0.07878326,LOW,1.0,1,0
run_20260625_112527,2026-06-25 11:25:27.354880+00:00,0.0010691859,LOW,24.0,3,0
run_20260625_112527,2026-06-25 11:25:27.354880+00:00,0.03346056,LOW,17.0,3,0
run_20260625_112527,2026-06-25 11:25:27.354880+00:00,0.028246572,LOW,20.0,2,1
run_20260625_112527,2026-06-25 11:25:27.354880+00:00,0.11730818,LOW,2.0,5,0
run_20260625_112527,2026-06-25 11:25:27.354880+00:00,0.99392575,HIGH,,5,1
run_20260625_112527,2026-06-25 11:25:27.354880+00:00,0.01753512,LOW,12.0,3,0
run_20260625_112527,2026-06-25 11:25:27.354880+00:00,0.9432324,HIGH,,3,0
run_20260625_112527,2026-06-25 11:25:27.354880+00:00,0.42825136,MEDIUM,0.0,1,0
run_20260625_112527,2026-06-25 11:25:27.354880+00:00,0.005891627,LOW,6.0,3,0
run_20260625_112527,2026-06-25 11:25:27.354880+00:00,0.30782548,LOW,1.0,3,0
run_20260625_112527,2026-06-25 11:25:27.354880+00:00,0.031685527,LOW,6.0,3,0
run_20260625_112527,2026-06-25 11:25:27.354880+00:00,0.024754839,LOW,19.0,5,1
run_20260625_112527,2026-06-25 11:25:27.354880+00:00,0.040892895,LOW,5.0,2,0
run_20260625_112527,2026-06-25 11:25:27.354880+00:00,0.3653213,LOW,4.0,3,0
run_20260625_112527,2026-06-25 11:25:27.354880+00:00,0.9964755,HIGH,1.0,5,1
run_20260625_112527,2026-06-25 11:25:27.354880+00:00,0.044712998,LOW,5.0,2,1
run_20260625_112527,2026-06-25 11:25:27.354880+00:00,0.99544466,HIGH,1.0,1,1
run_20260625_112527,2026-06-25 11:25:27.354880+00:00,0.3389617,LOW,0.0,5,0
run_20260625_112527,2026-06-25 11:25:27.354880+00:00,0.19551852,LOW,20.0,1,0
run_20260625_112527,2026-06-25 11:25:27.354880+00:00,0.0010380682,LOW,11.0,2,0
run_20260625_112527,2026-06-25 11:25:27.354880+00:00,0.0659885,LOW,16.0,4,0
run_20260625_112527,2026-06-25 11:25:27.354880+00:00,0.38282135,LOW,2.0,5,1
run_20260625_112527,2026-06-25 11:25:27.354880+00:00,0.22529382,LOW,18.0,2,0
run_20260625_112527,2026-06-25 11:25:27.354880+00:00,0.09390096,LOW,3.0,4,0
run_20260625_112527,2026-06-25 11:25:27.354880+00:00,0.97086227,HIGH,1.0,5,1
run_20260625_112527,2026-06-25 11:25:27.354880+00:00,0.026449537,LOW,0.0,1,0
run_20260625_112527,2026-06-25 11:25:27.354880+00:00,0.7642111,HIGH,8.0,5,0
run_20260625_112527,2026-06-25 11:25:27.354880+00:00,0.96422243,HIGH,,4,1
run_20260625_112527,2026-06-25 11:25:27.354880+00:00,0.037760295,LOW,11.0,5,0
run_20260625_112527,2026-06-25 11:25:27.354880+00:00,0.043297168,LOW,18.0,2,1
run_20260625_112527,2026-06-25 11:25:27.354880+00:00,0.16782951,LOW,19.0,1,0
run_20260625_112527,2026-06-25 11:25:27.354880+00:00,3.4546905e-05,LOW,25.0,5,1
run_20260625_112527,2026-06-25 11:25:27.354880+00:00,0.973609,HIGH,0.0,1,0
run_20260625_112527,2026-06-25 11:25:27.354880+00:00,0.00016605794,LOW,29.0,3,0
run_20260625_112527,2026-06-25 11:25:27.354880+00:00,0.049680546,LOW,11.0,3,0
run_20260625_112527,2026-06-25 11:25:27.354880+00:00,0.055855922,LOW,1.0,2,0
run_20260625_112527,2026-06-25 11:25:27.354880+00:00,0.026466182,LOW,12.0,4,0
run_20260625_112527,2026-06-25 11:25:27.354880+00:00,0.9608672,HIGH,4.0,2,1
run_20260625_112527,2026-06-25 11:25:27.354880+00:00,0.004267337,LOW,25.0,3,1
run_20260625_112527,2026-06-25 11:25:27.354880+00:00,0.29140455,LOW,0.0,1,0
run_20260625_112527,2026-06-25 11:25:27.354880+00:00,0.005064302,LOW,8.0,1,1
run_20260625_112527,2026-06-25 11:25:27.354880+00:00,0.10627428,LOW,6.0,2,0
run_20260625_112527,2026-06-25 11:25:27.354880+00:00,0.0102027105,LOW,22.0,4,0
run_20260625_112527,2026-06-25 11:25:27.354880+00:00,0.15330037,LOW,17.0,5,1
run_20260625_112527,2026-06-25 11:25:27.354880+00:00,0.11082786,LOW,11.0,4,0
run_20260625_112527,2026-06-25 11:25:27.354880+00:00,0.018914023,LOW,4.0,1,0
run_20260625_112527,2026-06-25 11:25:27.354880+00:00,0.05696907,LOW,8.0,4,0
run_20260625_112527,2026-06-25 11:25:27.354880+00:00,0.0067475615,LOW,13.0,1,0
run_20260625_112527,2026-06-25 11:25:27.354880+00:00,0.03961338,LOW,11.0,4,0
run_20260625_112527,2026-06-25 11:25:27.354880+00:00,0.10952741,LOW,4.0,1,0
run_20260625_112527,2026-06-25 11:25:27.354880+00:00,0.041785944,LOW,13.0,3,0
run_20260625_112527,2026-06-25 11:25:27.354880+00:00,0.06797073,LOW,19.0,4,0
run_20260625_112527,2026-06-25 11:25:27.354880+00:00,0.0032215624,LOW,10.0,5,0
run_20260625_112527,2026-06-25 11:25:27.354880+00:00,0.054487415,LOW,12.0,3,0
run_20260625_112527,2026-06-25 11:25:27.354880+00:00,0.9199527,HIGH,5.0,4,1
run_20260625_112527,2026-06-25 11:25:27.354880+00:00,0.088336036,LOW,16.0,1,0
run_20260625_112527,2026-06-25 11:25:27.354880+00:00,0.025027586,LOW,6.0,4,0
run_20260625_112527,2026-06-25 11:25:27.354880+00:00,0.035869405,LOW,9.0,3,1
run_20260625_112527,2026-06-25 11:25:27.354880+00:00,0.033594877,LOW,12.0,1,0
run_20260625_112527,2026-06-25 11:25:27.354880+00:00,0.03392912,LOW,4.0,5,0
run_20260625_112527,2026-06-25 11:25:27.354880+00:00,0.054345686,LOW,11.0,5,1
run_20260625_112527,2026-06-25 11:25:27.354880+00:00,0.090921074,LOW,8.0,5,0
run_20260625_112527,2026-06-25 11:25:27.354880+00:00,0.043809738,LOW,5.0,3,0
run_20260625_112527,2026-06-25 11:25:27.354880+00:00,0.92711073,HIGH,1.0,3,0
run_20260625_112527,2026-06-25 11:25:27.354880+00:00,0.002567072,LOW,14.0,4,0
run_20260625_112527,2026-06-25 11:25:27.354880+00:00,0.013346606,LOW,19.0,5,0
run_20260625_112527,2026-06-25 11:25:27.354880+00:00,0.09206068,LOW,11.0,1,1
run_20260625_112527,2026-06-25 11:25:27.354880+00:00,3.827639e-05,LOW,25.0,3,0
run_20260625_112527,2026-06-25 11:25:27.354880+00:00,0.045942675,LOW,14.0,3,0
run_20260625_112527,2026-06-25 11:25:27.354880+00:00,0.00036839064,LOW,24.0,4,1
run_20260625_112527,2026-06-25 11:25:27.354880+00:00,0.03437495,LOW,13.0,3,0
run_20260625_112527,2026-06-25 11:25:27.354880+00:00,0.049168717,LOW,2.0,4,0
run_20260625_112527,2026-06-25 11:25:27.354880+00:00,0.11110805,LOW,2.0,5,0
run_20260625_112527,2026-06-25 11:25:27.354880+00:00,0.000901342,LOW,31.0,1,1
run_20260625_112527,2026-06-25 11:25:27.354880+00:00,0.7524237,HIGH,8.0,4,1
run_20260625_112527,2026-06-25 11:25:27.354880+00:00,0.026142206,LOW,19.0,5,0
run_20260625_112527,2026-06-25 11:25:27.354880+00:00,0.032370362,LOW,13.0,5,0
run_20260625_112527,2026-06-25 11:25:27.354880+00:00,0.20725611,LOW,0.0,5,0
run_20260625_112527,2026-06-25 11:25:27.354880+00:00,0.1775852,LOW,1.0,1,1
run_20260625_112527,2026-06-25 11:25:27.354880+00:00,4.5054694e-05,LOW,24.0,3,0
run_20260625_112527,2026-06-25 11:25:27.354880+00:00,0.0002840997,LOW,23.0,3,1
run_20260625_112527,2026-06-25 11:25:27.354880+00:00,0.09414569,LOW,17.0,3,0
run_20260625_112527,2026-06-25 11:25:27.354880+00:00,0.9900844,HIGH,0.0,4,1
run_20260625_112527,2026-06-25 11:25:27.354880+00:00,0.003823621,LOW,24.0,4,0
run_20260625_112527,2026-06-25 11:25:27.354880+00:00,0.034879185,LOW,12.0,3,0
run_20260625_112527,2026-06-25 11:25:27.354880+00:00,0.0030306634,LOW,8.0,3,0
run_20260625_112527,2026-06-25 11:25:27.354880+00:00,0.54399925,MEDIUM,10.0,4,0
run_20260625_112527,2026-06-25 11:25:27.354880+00:00,0.42120996,MEDIUM,1.0,1,0
run_20260625_112527,2026-06-25 11:25:27.354880+00:00,0.05160438,LOW,7.0,3,0
run_20260625_112527,2026-06-25 11:25:27.354880+00:00,0.5340963,MEDIUM,17.0,1,0
run_20260625_112527,2026-06-25 11:25:27.354880+00:00,0.0024596564,LOW,6.0,5,0
run_20260625_112527,2026-06-25 11:25:27.354880+00:00,0.005309701,LOW,4.0,5,0
run_20260625_112527,2026-06-25 11:25:27.354880+00:00,0.026044939,LOW,16.0,2,0
run_20260625_112527,2026-06-25 11:25:27.354880+00:00,0.02596775,LOW,5.0,1,0
run_20260625_112527,2026-06-25 11:25:27.354880+00:00,0.004267337,LOW,25.0,3,1
run_20260625_112527,2026-06-25 11:25:27.354880+00:00,0.043526314,LOW,19.0,2,0
run_20260625_112527,2026-06-25 11:25:27.354880+00:00,0.3372123,LOW,1.0,2,1
run_20260625_112527,2026-06-25 11:25:27.354880+00:00,0.46462154,MEDIUM,3.0,3,0
run_20260625_112527,2026-06-25 11:25:27.354880+00:00,0.062120434,LOW,12.0,3,0
run_20260625_112527,2026-06-25 11:25:27.354880+00:00,0.026890097,LOW,6.0,4,0
run_20260625_112527,2026-06-25 11:25:27.354880+00:00,0.0017960593,LOW,22.0,3,0
run_20260625_112527,2026-06-25 11:25:27.354880+00:00,0.73486847,HIGH,1.0,1,0
run_20260625_112527,2026-06-25 11:25:27.354880+00:00,0.047570933,LOW,6.0,1,1
run_20260625_112527,2026-06-25 11:25:27.354880+00:00,0.0033844619,LOW,29.0,4,1
run_20260625_112527,2026-06-25 11:25:27.354880+00:00,0.07973916,LOW,12.0,4,0
run_20260625_112527,2026-06-25 11:25:27.354880+00:00,0.010983948,LOW,24.0,2,0
run_20260625_112527,2026-06-25 11:25:27.354880+00:00,0.052065294,LOW,15.0,3,0
run_20260625_112527,2026-06-25 11:25:27.354880+00:00,0.9308243,HIGH,1.0,3,1
run_20260625_112527,2026-06-25 11:25:27.354880+00:00,0.5201043,MEDIUM,7.0,1,0
run_20260625_112527,2026-06-25 11:25:27.354880+00:00,0.051066086,LOW,10.0,4,0
run_20260625_112527,2026-06-25 11:25:27.354880+00:00,0.3389617,LOW,0.0,5,0
run_20260625_112527,2026-06-25 11:25:27.354880+00:00,0.0075165834,LOW,27.0,1,0
run_20260625_112527,2026-06-25 11:25:27.354880+00:00,0.01627188,LOW,12.0,2,0
run_20260625_112527,2026-06-25 11:25:27.354880+00:00,0.8377328,HIGH,0.0,3,0
run_20260625_112527,2026-06-25 11:25:27.354880+00:00,0.13186769,LOW,3.0,4,1
run_20260625_112527,2026-06-25 11:25:27.354880+00:00,0.9601949,HIGH,1.0,5,0
run_20260625_112527,2026-06-25 11:25:27.354880+00:00,0.99790525,HIGH,0.0,5,1
run_20260625_112527,2026-06-25 11:25:27.354880+00:00,0.73486847,HIGH,1.0,1,0
run_20260625_112527,2026-06-25 11:25:27.354880+00:00,0.07739011,LOW,0.0,4,0
run_20260625_112527,2026-06-25 11:25:27.354880+00:00,0.02531126,LOW,17.0,4,0
run_20260625_112527,2026-06-25 11:25:27.354880+00:00,0.0014524749,LOW,27.0,1,0
run_20260625_112527,2026-06-25 11:25:27.354880+00:00,0.6558522,MEDIUM,3.0,5,0
run_20260625_112527,2026-06-25 11:25:27.354880+00:00,0.1038672,LOW,9.0,4,1
run_20260625_112527,2026-06-25 11:25:27.354880+00:00,0.007915806,LOW,13.0,3,0
run_20260625_112527,2026-06-25 11:25:27.354880+00:00,0.96947527,HIGH,0.0,5,0
run_20260625_112527,2026-06-25 11:25:27.354880+00:00,0.05199993,LOW,8.0,1,0
run_20260625_112527,2026-06-25 11:25:27.354880+00:00,0.03397083,LOW,8.0,3,0
run_20260625_112527,2026-06-25 11:25:27.354880+00:00,0.20175157,LOW,9.0,3,1
run_20260625_112527,2026-06-25 11:25:27.354880+00:00,0.946697,HIGH,1.0,5,1
run_20260625_112527,2026-06-25 11:25:27.354880+00:00,0.51209176,MEDIUM,0.0,3,0
run_20260625_112527,2026-06-25 11:25:27.354880+00:00,0.081993856,LOW,10.0,3,0
run_20260625_112527,2026-06-25 11:25:27.354880+00:00,0.4050254,MEDIUM,1.0,2,0
run_20260625_112527,2026-06-25 11:25:27.354880+00:00,0.5410694,MEDIUM,,3,1
run_20260625_112527,2026-06-25 11:25:27.354880+00:00,0.9815632,HIGH,0.0,3,0
run_20260625_112527,2026-06-25 11:25:27.354880+00:00,0.91274375,HIGH,2.0,3,1
run_20260625_112527,2026-06-25 11:25:27.354880+00:00,0.9217112,HIGH,1.0,4,0
run_20260625_112527,2026-06-25 11:25:27.354880+00:00,0.3377473,LOW,4.0,3,0
run_20260625_112527,2026-06-25 11:25:27.354880+00:00,0.051454924,LOW,0.0,4,0
run_20260625_112527,2026-06-25 11:25:27.354880+00:00,0.27720833,LOW,0.0,3,0
run_20260625_112527,2026-06-25 11:25:27.354880+00:00,0.9968682,HIGH,1.0,3,1
run_20260625_112527,2026-06-25 11:25:27.354880+00:00,0.07035694,LOW,7.0,4,0
run_20260625_112527,2026-06-25 11:25:27.354880+00:00,0.31356642,LOW,1.0,5,0
run_20260625_112527,2026-06-25 11:25:27.354880+00:00,0.9719101,HIGH,1.0,4,1
run_20260625_112527,2026-06-25 11:25:27.354880+00:00,0.067675464,LOW,18.0,4,0
run_20260625_112527,2026-06-25 11:25:27.354880+00:00,0.08377006,LOW,0.0,1,0
run_20260625_112527,2026-06-25 11:25:27.354880+00:00,0.9679128,HIGH,,5,1
run_20260625_112527,2026-06-25 11:25:27.354880+00:00,0.068246864,LOW,12.0,1,0
run_20260625_112527,2026-06-25 11:25:27.354880+00:00,0.99234104,HIGH,1.0,3,1
run_20260625_112527,2026-06-25 11:25:27.354880+00:00,0.030521354,LOW,10.0,2,0
run_20260625_112527,2026-06-25 11:25:27.354880+00:00,0.011677089,LOW,7.0,2,0
run_20260625_112527,2026-06-25 11:25:27.354880+00:00,0.0017211525,LOW,25.0,4,0
run_20260625_112527,2026-06-25 11:25:27.354880+00:00,0.07181586,LOW,6.0,4,0
run_20260625_112527,2026-06-25 11:25:27.354880+00:00,0.085029855,LOW,9.0,3,1
run_20260625_112527,2026-06-25 11:25:27.354880+00:00,0.0011206223,LOW,28.0,4,0
run_20260625_112527,2026-06-25 11:25:27.354880+00:00,0.00019363643,LOW,26.0,5,0
run_20260625_112527,2026-06-25 11:25:27.354880+00:00,0.30986068,LOW,21.0,3,0
run_20260625_112527,2026-06-25 11:25:27.354880+00:00,0.0013739379,LOW,8.0,1,0
run_20260625_112527,2026-06-25 11:25:27.354880+00:00,0.99692094,HIGH,0.0,2,1
run_20260625_112527,2026-06-25 11:25:27.354880+00:00,0.0047568656,LOW,19.0,2,0
run_20260625_112527,2026-06-25 11:25:27.354880+00:00,0.17812324,LOW,12.0,3,0
run_20260625_112527,2026-06-25 11:25:27.354880+00:00,0.2296421,LOW,2.0,4,0
run_20260625_112527,2026-06-25 11:25:27.354880+00:00,0.95557785,HIGH,,5,0
run_20260625_112527,2026-06-25 11:25:27.354880+00:00,0.95401794,HIGH,1.0,2,0
run_20260625_112527,2026-06-25 11:25:27.354880+00:00,0.033178277,LOW,14.0,3,0
run_20260625_112527,2026-06-25 11:25:27.354880+00:00,0.34170496,LOW,10.0,3,0
run_20260625_112527,2026-06-25 11:25:27.354880+00:00,0.99955076,HIGH,0.0,5,1
run_20260625_112527,2026-06-25 11:25:27.354880+00:00,0.0017836229,LOW,25.0,4,0
run_20260625_112527,2026-06-25 11:25:27.354880+00:00,0.5028502,MEDIUM,1.0,5,1
run_20260625_112527,2026-06-25 11:25:27.354880+00:00,0.9761716,HIGH,,1,1
run_20260625_112527,2026-06-25 11:25:27.354880+00:00,0.011589598,LOW,19.0,4,0
run_20260625_112527,2026-06-25 11:25:27.354880+00:00,0.98757553,HIGH,1.0,5,1
run_20260625_112527,2026-06-25 11:25:27.354880+00:00,0.044451185,LOW,12.0,2,0
run_20260625_112527,2026-06-25 11:25:27.354880+00:00,0.037322853,LOW,9.0,5,0
run_20260625_112527,2026-06-25 11:25:27.354880+00:00,0.06043571,LOW,8.0,3,0
run_20260625_112527,2026-06-25 11:25:27.354880+00:00,0.08979384,LOW,1.0,3,0
run_20260625_112527,2026-06-25 11:25:27.354880+00:00,0.0029579098,LOW,29.0,3,0
run_20260625_112527,2026-06-25 11:25:27.354880+00:00,0.98917705,HIGH,,3,1
run_20260625_112527,2026-06-25 11:25:27.354880+00:00,0.97090966,HIGH,4.0,4,1
run_20260625_112527,2026-06-25 11:25:27.354880+00:00,0.47939986,MEDIUM,0.0,3,1
run_20260625_112527,2026-06-25 11:25:27.354880+00:00,0.0012751824,LOW,26.0,3,1
run_20260625_112527,2026-06-25 11:25:27.354880+00:00,0.13952172,LOW,17.0,3,0
run_20260625_112527,2026-06-25 11:25:27.354880+00:00,0.0018981763,LOW,22.0,3,0
run_20260625_112527,2026-06-25 11:25:27.354880+00:00,0.00096755044,LOW,25.0,3,1
run_20260625_112527,2026-06-25 11:25:27.354880+00:00,0.037056766,LOW,2.0,5,0
run_20260625_112527,2026-06-25 11:25:27.354880+00:00,0.9351937,HIGH,7.0,3,1
run_20260625_112527,2026-06-25 11:25:27.354880+00:00,0.020122807,LOW,11.0,3,0
run_20260625_112527,2026-06-25 11:25:27.354880+00:00,0.06136525,LOW,5.0,2,1
run_20260625_112527,2026-06-25 11:25:27.354880+00:00,0.12993602,LOW,0.0,1,0
run_20260625_112527,2026-06-25 11:25:27.354880+00:00,0.0028101692,LOW,20.0,4,0
run_20260625_112527,2026-06-25 11:25:27.354880+00:00,0.040226962,LOW,17.0,2,0
run_20260625_112527,2026-06-25 11:25:27.354880+00:00,0.99558145,HIGH,0.0,5,1
run_20260625_112527,2026-06-25 11:25:27.354880+00:00,0.0005783141,LOW,22.0,4,0
run_20260625_112527,2026-06-25 11:25:27.354880+00:00,0.058364876,LOW,5.0,5,0
run_20260625_112527,2026-06-25 11:25:27.354880+00:00,0.18415272,LOW,,2,0
run_20260625_112527,2026-06-25 11:25:27.354880+00:00,0.022694774,LOW,7.0,5,0
run_20260625_112527,2026-06-25 11:25:27.354880+00:00,0.033205517,LOW,9.0,1,0
run_20260625_112527,2026-06-25 11:25:27.354880+00:00,0.3287097,LOW,1.0,4,0
run_20260625_112527,2026-06-25 11:25:27.354880+00:00,0.0068197455,LOW,11.0,1,1
run_20260625_112527,2026-06-25 11:25:27.354880+00:00,0.9925345,HIGH,0.0,5,0
run_20260625_112527,2026-06-25 11:25:27.354880+00:00,0.23123561,LOW,5.0,4,0
run_20260625_112527,2026-06-25 11:25:27.354880+00:00,0.102325074,LOW,8.0,3,1
run_20260625_112527,2026-06-25 11:25:27.354880+00:00,0.07397139,LOW,10.0,5,1
run_20260625_112527,2026-06-25 11:25:27.354880+00:00,0.2197394,LOW,2.0,5,0
run_20260625_112527,2026-06-25 11:25:27.354880+00:00,0.99709177,HIGH,0.0,5,1
run_20260625_112527,2026-06-25 11:25:27.354880+00:00,0.17397234,LOW,1.0,2,0
run_20260625_112527,2026-06-25 11:25:27.354880+00:00,0.018452633,LOW,17.0,1,1
run_20260625_112527,2026-06-25 11:25:27.354880+00:00,0.2294729,LOW,10.0,5,1
run_20260625_112527,2026-06-25 11:25:27.354880+00:00,0.055037864,LOW,18.0,2,0
run_20260625_112527,2026-06-25 11:25:27.354880+00:00,0.003012336,LOW,18.0,5,0
run_20260625_112527,2026-06-25 11:25:27.354880+00:00,0.07228069,LOW,2.0,2,0
run_20260625_112527,2026-06-25 11:25:27.354880+00:00,0.963711,HIGH,0.0,3,1
run_20260625_112527,2026-06-25 11:25:27.354880+00:00,0.20242588,LOW,5.0,1,0
run_20260625_112527,2026-06-25 11:25:27.354880+00:00,0.017573409,LOW,13.0,3,0
run_20260625_112527,2026-06-25 11:25:27.354880+00:00,0.015810428,LOW,7.0,4,0
run_20260625_112527,2026-06-25 11:25:27.354880+00:00,0.94604963,HIGH,1.0,3,1
run_20260625_112527,2026-06-25 11:25:27.354880+00:00,0.00065311894,LOW,29.0,4,1
run_20260625_112527,2026-06-25 11:25:27.354880+00:00,0.05143374,LOW,5.0,2,0
run_20260625_112527,2026-06-25 11:25:27.354880+00:00,0.0004546402,LOW,27.0,4,0
run_20260625_112527,2026-06-25 11:25:27.354880+00:00,0.97791916,HIGH,0.0,3,1
run_20260625_112527,2026-06-25 11:25:27.354880+00:00,0.95511436,HIGH,1.0,1,0
run_20260625_112527,2026-06-25 11:25:27.354880+00:00,0.050712835,LOW,,1,0
run_20260625_112527,2026-06-25 11:25:27.354880+00:00,0.9140748,HIGH,1.0,3,0
run_20260625_112527,2026-06-25 11:25:27.354880+00:00,0.9300799,HIGH,1.0,2,1
run_20260625_112527,2026-06-25 11:25:27.354880+00:00,0.0012974358,LOW,23.0,3,0
run_20260625_112527,2026-06-25 11:25:27.354880+00:00,0.33060825,LOW,2.0,5,0
run_20260625_112527,2026-06-25 11:25:27.354880+00:00,0.05495819,LOW,10.0,4,0
run_20260625_112527,2026-06-25 11:25:27.354880+00:00,0.19452316,LOW,20.0,3,0
run_20260625_112527,2026-06-25 11:25:27.354880+00:00,0.12363038,LOW,3.0,5,0
run_20260625_112527,2026-06-25 11:25:27.354880+00:00,0.00010357778,LOW,22.0,4,0
run_20260625_112527,2026-06-25 11:25:27.354880+00:00,0.0042919437,LOW,23.0,4,0
run_20260625_112527,2026-06-25 11:25:27.354880+00:00,0.00079042773,LOW,22.0,5,0
run_20260625_112527,2026-06-25 11:25:27.354880+00:00,0.8594309,HIGH,0.0,4,0
run_20260625_112527,2026-06-25 11:25:27.354880+00:00,0.061484437,LOW,0.0,3,0
run_20260625_112527,2026-06-25 11:25:27.354880+00:00,0.00024523409,LOW,29.0,4,0
run_20260625_112527,2026-06-25 11:25:27.354880+00:00,0.0017480204,LOW,31.0,4,1
run_20260625_112527,2026-06-25 11:25:27.354880+00:00,0.9790148,HIGH,10.0,4,1
run_20260625_112527,2026-06-25 11:25:27.354880+00:00,0.05348287,LOW,8.0,4,0
run_20260625_112527,2026-06-25 11:25:27.354880+00:00,0.08383132,LOW,7.0,3,0
run_20260625_112527,2026-06-25 11:25:27.354880+00:00,0.2645869,LOW,11.0,3,1
run_20260625_112527,2026-06-25 11:25:27.354880+00:00,0.8783181,HIGH,1.0,3,0
run_20260625_112527,2026-06-25 11:25:27.354880+00:00,0.14798814,LOW,9.0,5,0
run_20260625_112527,2026-06-25 11:25:27.354880+00:00,0.879484,HIGH,1.0,4,0
run_20260625_112527,2026-06-25 11:25:27.354880+00:00,0.9961243,HIGH,0.0,5,0
run_20260625_112527,2026-06-25 11:25:27.354880+00:00,0.0006424445,LOW,28.0,1,1
run_20260625_112527,2026-06-25 11:25:27.354880+00:00,0.2689506,LOW,2.0,2,0
run_20260625_112527,2026-06-25 11:25:27.354880+00:00,0.9256146,HIGH,0.0,2,1
run_20260625_112527,2026-06-25 11:25:27.354880+00:00,0.4256815,MEDIUM,9.0,3,1
run_20260625_112527,2026-06-25 11:25:27.354880+00:00,0.07895402,LOW,10.0,4,0
run_20260625_112527,2026-06-25 11:25:27.354880+00:00,0.39163914,LOW,0.0,1,1
run_20260625_112527,2026-06-25 11:25:27.354880+00:00,0.9964155,HIGH,,4,1
run_20260625_112527,2026-06-25 11:25:27.354880+00:00,0.043271784,LOW,11.0,2,0
run_20260625_112527,2026-06-25 11:25:27.354880+00:00,0.007422792,LOW,18.0,1,1
run_20260625_112527,2026-06-25 11:25:27.354880+00:00,0.029406067,LOW,9.0,5,0
run_20260625_112527,2026-06-25 11:25:27.354880+00:00,0.0146883475,LOW,5.0,2,0
run_20260625_112527,2026-06-25 11:25:27.354880+00:00,0.34915683,LOW,0.0,3,0
run_20260625_112527,2026-06-25 11:25:27.354880+00:00,0.045142885,LOW,8.0,3,0
run_20260625_112527,2026-06-25 11:25:27.354880+00:00,0.04317258,LOW,12.0,1,1
run_20260625_112527,2026-06-25 11:25:27.354880+00:00,0.0024060658,LOW,8.0,5,0
run_20260625_112527,2026-06-25 11:25:27.354880+00:00,0.010371132,LOW,23.0,1,0
run_20260625_112527,2026-06-25 11:25:27.354880+00:00,0.52059054,MEDIUM,1.0,2,0
run_20260625_112527,2026-06-25 11:25:27.354880+00:00,0.0180457,LOW,4.0,2,0
run_20260625_112527,2026-06-25 11:25:27.354880+00:00,0.7427538,HIGH,14.0,3,1
run_20260625_112527,2026-06-25 11:25:27.354880+00:00,0.00096854236,LOW,22.0,3,0
run_20260625_112527,2026-06-25 11:25:27.354880+00:00,0.97995824,HIGH,1.0,5,0
run_20260625_112527,2026-06-25 11:25:27.354880+00:00,0.989417,HIGH,0.0,1,1
run_20260625_112527,2026-06-25 11:25:27.354880+00:00,0.021637201,LOW,3.0,2,0
run_20260625_112527,2026-06-25 11:25:27.354880+00:00,0.0973165,LOW,20.0,3,0
run_20260625_112527,2026-06-25 11:25:27.354880+00:00,0.37780347,LOW,2.0,3,1
run_20260625_112527,2026-06-25 11:25:27.354880+00:00,0.9293146,HIGH,1.0,2,1
run_20260625_112527,2026-06-25 11:25:27.354880+00:00,0.19684498,LOW,,3,0
run_20260625_112527,2026-06-25 11:25:27.354880+00:00,0.078965805,LOW,4.0,1,1
run_20260625_112527,2026-06-25 11:25:27.354880+00:00,0.0011427043,LOW,10.0,2,0
run_20260625_112527,2026-06-25 11:25:27.354880+00:00,0.5703531,MEDIUM,15.0,3,1
run_20260625_112527,2026-06-25 11:25:27.354880+00:00,0.007310971,LOW,24.0,1,0
run_20260625_112527,2026-06-25 11:25:27.354880+00:00,0.75895387,HIGH,0.0,1,1
run_20260625_112527,2026-06-25 11:25:27.354880+00:00,0.010759178,LOW,17.0,2,0
run_20260625_112527,2026-06-25 11:25:27.354880+00:00,0.99191344,HIGH,0.0,3,1
run_20260625_112527,2026-06-25 11:25:27.354880+00:00,0.10874322,LOW,2.0,3,1
run_20260625_112527,2026-06-25 11:25:27.354880+00:00,0.033482388,LOW,12.0,4,0
run_20260625_112527,2026-06-25 11:25:27.354880+00:00,0.05766949,LOW,9.0,5,0
run_20260625_112527,2026-06-25 11:25:27.354880+00:00,0.069487646,LOW,1.0,1,0
run_20260625_112527,2026-06-25 11:25:27.354880+00:00,0.009360758,LOW,14.0,1,0
run_20260625_112527,2026-06-25 11:25:27.354880+00:00,0.9935638,HIGH,3.0,4,1
run_20260625_112527,2026-06-25 11:25:27.354880+00:00,0.010705281,LOW,12.0,3,0
run_20260625_112527,2026-06-25 11:25:27.354880+00:00,0.010705281,LOW,12.0,3,0
run_20260625_112527,2026-06-25 11:25:27.354880+00:00,0.052434683,LOW,1.0,1,0
run_20260625_112527,2026-06-25 11:25:27.354880+00:00,0.043842338,LOW,8.0,1,1
run_20260625_112527,2026-06-25 11:25:27.354880+00:00,0.9909135,HIGH,0.0,5,0
run_20260625_112527,2026-06-25 11:25:27.354880+00:00,0.21315522,LOW,8.0,3,0
run_20260625_112527,2026-06-25 11:25:27.354880+00:00,0.014086145,LOW,15.0,5,0
run_20260625_112527,2026-06-25 11:25:27.354880+00:00,0.4987781,MEDIUM,,5,0
run_20260625_112527,2026-06-25 11:25:27.354880+00:00,0.10277483,LOW,11.0,3,0
run_20260625_112527,2026-06-25 11:25:27.354880+00:00,0.47186276,MEDIUM,7.0,4,0
run_20260625_112527,2026-06-25 11:25:27.354880+00:00,0.28393188,LOW,8.0,1,0
run_20260625_112527,2026-06-25 11:25:27.354880+00:00,0.04316661,LOW,3.0,1,0
run_20260625_112527,2026-06-25 11:25:27.354880+00:00,0.020747041,LOW,,1,0
run_20260625_112527,2026-06-25 11:25:27.354880+00:00,0.05688013,LOW,12.0,4,1
run_20260625_112527,2026-06-25 11:25:27.354880+00:00,0.055120643,LOW,20.0,5,0
run_20260625_112527,2026-06-25 11:25:27.354880+00:00,0.93599313,HIGH,1.0,5,1
run_20260625_112527,2026-06-25 11:25:27.354880+00:00,0.6483393,MEDIUM,7.0,3,1
run_20260625_112527,2026-06-25 11:25:27.354880+00:00,0.9184342,HIGH,14.0,2,0
run_20260625_112527,2026-06-25 11:25:27.354880+00:00,0.017769558,LOW,11.0,2,1
run_20260625_112527,2026-06-25 11:25:27.354880+00:00,0.79127306,HIGH,1.0,4,1
run_20260625_112527,2026-06-25 11:25:27.354880+00:00,0.11820974,LOW,0.0,3,0
run_20260625_112527,2026-06-25 11:25:27.354880+00:00,0.026954401,LOW,11.0,1,0
run_20260625_112527,2026-06-25 11:25:27.354880+00:00,0.20958371,LOW,17.0,3,0
run_20260625_112527,2026-06-25 11:25:27.354880+00:00,0.99421,HIGH,1.0,5,1
run_20260625_112527,2026-06-25 11:25:27.354880+00:00,0.97486883,HIGH,1.0,1,1
run_20260625_112527,2026-06-25 11:25:27.354880+00:00,0.00079829054,LOW,27.0,3,0
run_20260625_112527,2026-06-25 11:25:27.354880+00:00,0.12555028,LOW,9.0,2,0
run_20260625_112527,2026-06-25 11:25:27.354880+00:00,0.83579224,HIGH,,3,0
run_20260625_112527,2026-06-25 11:25:27.354880+00:00,0.052767705,LOW,14.0,3,0
run_20260625_112527,2026-06-25 11:25:27.354880+00:00,0.89862233,HIGH,2.0,4,0
run_20260625_112527,2026-06-25 11:25:27.354880+00:00,0.0034055114,LOW,22.0,3,0
run_20260625_112527,2026-06-25 11:25:27.354880+00:00,0.0048573436,LOW,11.0,1,0
run_20260625_112527,2026-06-25 11:25:27.354880+00:00,0.021737754,LOW,16.0,2,0
run_20260625_112527,2026-06-25 11:25:27.354880+00:00,0.035233863,LOW,6.0,1,0
run_20260625_112527,2026-06-25 11:25:27.354880+00:00,0.05961276,LOW,2.0,3,0
run_20260625_112527,2026-06-25 11:25:27.354880+00:00,0.043980006,LOW,14.0,5,0
run_20260625_112527,2026-06-25 11:25:27.354880+00:00,0.07564058,LOW,12.0,5,0
run_20260625_112527,2026-06-25 11:25:27.354880+00:00,8.0050515e-05,LOW,50.0,3,0
run_20260625_112527,2026-06-25 11:25:27.354880+00:00,0.007987583,LOW,12.0,4,0
run_20260625_112527,2026-06-25 11:25:27.354880+00:00,0.06647463,LOW,11.0,1,0
run_20260625_112527,2026-06-25 11:25:27.354880+00:00,0.99008185,HIGH,0.0,3,1
run_20260625_112527,2026-06-25 11:25:27.354880+00:00,0.99054104,HIGH,1.0,5,0
run_20260625_112527,2026-06-25 11:25:27.354880+00:00,0.2204902,LOW,19.0,2,0
run_20260625_112527,2026-06-25 11:25:27.354880+00:00,0.83547455,HIGH,18.0,5,1
run_20260625_112527,2026-06-25 11:25:27.354880+00:00,0.1087125,LOW,8.0,4,0
run_20260625_112527,2026-06-25 11:25:27.354880+00:00,0.1680824,LOW,3.0,3,0
run_20260625_112527,2026-06-25 11:25:27.354880+00:00,0.9868903,HIGH,0.0,5,0
run_20260625_112527,2026-06-25 11:25:27.354880+00:00,0.35572022,LOW,0.0,3,0
run_20260625_112527,2026-06-25 11:25:27.354880+00:00,0.0068893894,LOW,2.0,1,0
run_20260625_112527,2026-06-25 11:25:27.354880+00:00,0.0076276795,LOW,20.0,5,0
run_20260625_112527,2026-06-25 11:25:27.354880+00:00,0.00092572084,LOW,27.0,3,0
run_20260625_112527,2026-06-25 11:25:27.354880+00:00,0.015429976,LOW,,1,0
run_20260625_112527,2026-06-25 11:25:27.354880+00:00,0.98045015,HIGH,15.0,3,1
run_20260625_112527,2026-06-25 11:25:27.354880+00:00,0.1406799,LOW,14.0,4,0
run_20260625_112527,2026-06-25 11:25:27.354880+00:00,0.0066652456,LOW,8.0,5,0
run_20260625_112527,2026-06-25 11:25:27.354880+00:00,0.11019965,LOW,1.0,2,0
run_20260625_112527,2026-06-25 11:25:27.354880+00:00,0.00019838744,LOW,30.0,4,0
run_20260625_112527,2026-06-25 11:25:27.354880+00:00,0.006062548,LOW,30.0,4,0
run_20260625_112527,2026-06-25 11:25:27.354880+00:00,0.99350923,HIGH,0.0,1,1
run_20260625_112527,2026-06-25 11:25:27.354880+00:00,0.25770772,LOW,1.0,5,0
run_20260625_112527,2026-06-25 11:25:27.354880+00:00,0.29564255,LOW,14.0,1,1
run_20260625_112527,2026-06-25 11:25:27.354880+00:00,0.08402448,LOW,5.0,1,0
run_20260625_112527,2026-06-25 11:25:27.354880+00:00,0.020819489,LOW,9.0,4,0
run_20260625_112527,2026-06-25 11:25:27.354880+00:00,0.0013739379,LOW,8.0,1,0
run_20260625_112527,2026-06-25 11:25:27.354880+00:00,0.75605196,HIGH,9.0,1,0
run_20260625_112527,2026-06-25 11:25:27.354880+00:00,0.9888235,HIGH,1.0,3,0
run_20260625_112527,2026-06-25 11:25:27.354880+00:00,0.07862345,LOW,18.0,3,0
run_20260625_112527,2026-06-25 11:25:27.354880+00:00,0.00025248431,LOW,30.0,5,0
run_20260625_112527,2026-06-25 11:25:27.354880+00:00,0.00799719,LOW,9.0,1,0
run_20260625_112527,2026-06-25 11:25:27.354880+00:00,0.0014625256,LOW,15.0,5,0
run_20260625_112527,2026-06-25 11:25:27.354880+00:00,0.78797376,HIGH,19.0,2,0
run_20260625_112527,2026-06-25 11:25:27.354880+00:00,0.0004162678,LOW,27.0,5,0
run_20260625_112527,2026-06-25 11:25:27.354880+00:00,0.1381793,LOW,4.0,5,1
run_20260625_112527,2026-06-25 11:25:27.354880+00:00,0.9686169,HIGH,,5,1
run_20260625_112527,2026-06-25 11:25:27.354880+00:00,0.011776555,LOW,13.0,1,1
run_20260625_112527,2026-06-25 11:25:27.354880+00:00,0.009904117,LOW,4.0,1,0
run_20260625_112527,2026-06-25 11:25:27.354880+00:00,0.0012035709,LOW,22.0,5,0
run_20260625_112527,2026-06-25 11:25:27.354880+00:00,0.8276168,HIGH,9.0,4,0
run_20260625_112527,2026-06-25 11:25:27.354880+00:00,0.00277683,LOW,22.0,4,0
run_20260625_112527,2026-06-25 11:25:27.354880+00:00,0.052601982,LOW,9.0,1,0
run_20260625_112527,2026-06-25 11:25:27.354880+00:00,0.14585474,LOW,12.0,3,1
run_20260625_112527,2026-06-25 11:25:27.354880+00:00,0.022673395,LOW,19.0,1,1
run_20260625_112527,2026-06-25 11:25:27.354880+00:00,0.01628321,LOW,19.0,5,1
run_20260625_112527,2026-06-25 11:25:27.354880+00:00,0.045755107,LOW,14.0,4,0
run_20260625_112527,2026-06-25 11:25:27.354880+00:00,0.08383132,LOW,7.0,3,0
run_20260625_112527,2026-06-25 11:25:27.354880+00:00,0.0003980087,LOW,23.0,1,0
run_20260625_112527,2026-06-25 11:25:27.354880+00:00,0.018201286,LOW,3.0,1,0
run_20260625_112527,2026-06-25 11:25:27.354880+00:00,0.059723202,LOW,8.0,4,0
run_20260625_112527,2026-06-25 11:25:27.354880+00:00,0.022770226,LOW,6.0,4,0
run_20260625_112527,2026-06-25 11:25:27.354880+00:00,0.022121338,LOW,4.0,5,0
run_20260625_112527,2026-06-25 11:25:27.354880+00:00,0.980283,HIGH,0.0,1,1
run_20260625_112527,2026-06-25 11:25:27.354880+00:00,0.021303378,LOW,11.0,4,0
run_20260625_112527,2026-06-25 11:25:27.354880+00:00,0.9034695,HIGH,0.0,3,0
run_20260625_112527,2026-06-25 11:25:27.354880+00:00,0.06298731,LOW,10.0,4,0
run_20260625_112527,2026-06-25 11:25:27.354880+00:00,0.2450634,LOW,12.0,3,0
run_20260625_112527,2026-06-25 11:25:27.354880+00:00,0.005271331,LOW,28.0,3,0
run_20260625_112527,2026-06-25 11:25:27.354880+00:00,0.045820586,LOW,17.0,3,1
run_20260625_112527,2026-06-25 11:25:27.354880+00:00,0.28911823,LOW,1.0,4,0
run_20260625_112527,2026-06-25 11:25:27.354880+00:00,0.00045184247,LOW,23.0,1,1
run_20260625_112527,2026-06-25 11:25:27.354880+00:00,0.02147957,LOW,12.0,2,0
run_20260625_112527,2026-06-25 11:25:27.354880+00:00,0.013928727,LOW,11.0,2,1
run_20260625_112527,2026-06-25 11:25:27.354880+00:00,0.5484633,MEDIUM,,3,0
run_20260625_112527,2026-06-25 11:25:27.354880+00:00,0.053918783,LOW,13.0,1,0
run_20260625_112527,2026-06-25 11:25:27.354880+00:00,0.047440976,LOW,13.0,1,1
run_20260625_112527,2026-06-25 11:25:27.354880+00:00,0.06185805,LOW,1.0,1,0
run_20260625_112527,2026-06-25 11:25:27.354880+00:00,0.29605535,LOW,2.0,5,0
run_20260625_112527,2026-06-25 11:25:27.354880+00:00,0.0047807004,LOW,3.0,2,0
run_20260625_112527,2026-06-25 11:25:27.354880+00:00,0.001971602,LOW,16.0,5,0
run_20260625_112527,2026-06-25 11:25:27.354880+00:00,0.024465602,LOW,8.0,1,1
run_20260625_112527,2026-06-25 11:25:27.354880+00:00,0.15984578,LOW,3.0,4,0
run_20260625_112527,2026-06-25 11:25:27.354880+00:00,0.40980002,MEDIUM,3.0,4,0
run_20260625_112527,2026-06-25 11:25:27.354880+00:00,0.08881528,LOW,15.0,2,1
run_20260625_112527,2026-06-25 11:25:27.354880+00:00,0.99806887,HIGH,,3,1
run_20260625_112527,2026-06-25 11:25:27.354880+00:00,0.018745387,LOW,5.0,4,0
run_20260625_112527,2026-06-25 11:25:27.354880+00:00,0.02099447,LOW,7.0,4,0
run_20260625_112527,2026-06-25 11:25:27.354880+00:00,0.56074715,MEDIUM,0.0,5,0
run_20260625_112527,2026-06-25 11:25:27.354880+00:00,0.02847361,LOW,5.0,1,1
run_20260625_112527,2026-06-25 11:25:27.354880+00:00,0.5847931,MEDIUM,1.0,5,0
run_20260625_112527,2026-06-25 11:25:27.354880+00:00,0.48452994,MEDIUM,8.0,3,1
run_20260625_112527,2026-06-25 11:25:27.354880+00:00,0.0028440184,LOW,17.0,5,0
run_20260625_112527,2026-06-25 11:25:27.354880+00:00,0.5761224,MEDIUM,0.0,4,0
run_20260625_112527,2026-06-25 11:25:27.354880+00:00,0.00790921,LOW,12.0,1,0
run_20260625_112527,2026-06-25 11:25:27.354880+00:00,0.05888161,LOW,15.0,4,0
run_20260625_112527,2026-06-25 11:25:27.354880+00:00,0.1392806,LOW,2.0,4,0
run_20260625_112527,2026-06-25 11:25:27.354880+00:00,0.07369068,LOW,7.0,3,1
run_20260625_112527,2026-06-25 11:25:27.354880+00:00,0.47186276,MEDIUM,7.0,4,0
run_20260625_112527,2026-06-25 11:25:27.354880+00:00,0.12782945,LOW,13.0,1,0
run_20260625_112527,2026-06-25 11:25:27.354880+00:00,0.38816583,LOW,14.0,3,1
run_20260625_112527,2026-06-25 11:25:27.354880+00:00,0.0067602987,LOW,7.0,3,0
run_20260625_112527,2026-06-25 11:25:27.354880+00:00,0.009852805,LOW,6.0,4,0
run_20260625_112527,2026-06-25 11:25:27.354880+00:00,0.06559795,LOW,7.0,3,0
run_20260625_112527,2026-06-25 11:25:27.354880+00:00,0.10659124,LOW,1.0,3,0
run_20260625_112527,2026-06-25 11:25:27.354880+00:00,0.008090691,LOW,28.0,1,0
run_20260625_112527,2026-06-25 11:25:27.354880+00:00,0.041433673,LOW,5.0,2,0
run_20260625_112527,2026-06-25 11:25:27.354880+00:00,0.013910167,LOW,18.0,1,0
run_20260625_112527,2026-06-25 11:25:27.354880+00:00,0.047991302,LOW,18.0,3,0
run_20260625_112527,2026-06-25 11:25:27.354880+00:00,0.05888955,LOW,5.0,4,0
run_20260625_112527,2026-06-25 11:25:27.354880+00:00,0.07420278,LOW,16.0,4,0
run_20260625_112527,2026-06-25 11:25:27.354880+00:00,0.19765776,LOW,,4,0
run_20260625_112527,2026-06-25 11:25:27.354880+00:00,0.21857543,LOW,4.0,3,0
run_20260625_112527,2026-06-25 11:25:27.354880+00:00,0.024465602,LOW,8.0,1,1
run_20260625_112527,2026-06-25 11:25:27.354880+00:00,4.7889902e-05,LOW,26.0,4,0
run_20260625_112527,2026-06-25 11:25:27.354880+00:00,0.030887762,LOW,6.0,1,0
run_20260625_112527,2026-06-25 11:25:27.354880+00:00,0.07663076,LOW,2.0,3,0
run_20260625_112527,2026-06-25 11:25:27.354880+00:00,0.9906729,HIGH,1.0,1,1
run_20260625_112527,2026-06-25 11:25:27.354880+00:00,0.02618078,LOW,17.0,1,0
run_20260625_112527,2026-06-25 11:25:27.354880+00:00,0.026701272,LOW,16.0,1,0
run_20260625_112527,2026-06-25 11:25:27.354880+00:00,0.36950365,LOW,5.0,1,1
run_20260625_112527,2026-06-25 11:25:27.354880+00:00,6.102625e-05,LOW,31.0,2,0
run_20260625_112527,2026-06-25 11:25:27.354880+00:00,0.971573,HIGH,,3,0
run_20260625_112527,2026-06-25 11:25:27.354880+00:00,0.018756695,LOW,4.0,1,0
run_20260625_112527,2026-06-25 11:25:27.354880+00:00,0.12710313,LOW,20.0,5,0
run_20260625_112527,2026-06-25 11:25:27.354880+00:00,0.16753155,LOW,5.0,3,1
run_20260625_112527,2026-06-25 11:25:27.354880+00:00,0.13183095,LOW,9.0,5,1
run_20260625_112527,2026-06-25 11:25:27.354880+00:00,0.99501246,HIGH,1.0,3,1
run_20260625_112527,2026-06-25 11:25:27.354880+00:00,0.35661304,LOW,8.0,3,0
run_20260625_112527,2026-06-25 11:25:27.354880+00:00,0.47943264,MEDIUM,14.0,1,0
run_20260625_112527,2026-06-25 11:25:27.354880+00:00,0.9239907,HIGH,0.0,3,0
run_20260625_112527,2026-06-25 11:25:27.354880+00:00,0.02666243,LOW,9.0,4,1
run_20260625_112527,2026-06-25 11:25:27.354880+00:00,0.9973131,HIGH,0.0,1,1
run_20260625_112527,2026-06-25 11:25:27.354880+00:00,0.16523685,LOW,13.0,3,0
run_20260625_112527,2026-06-25 11:25:27.354880+00:00,0.3279498,LOW,1.0,4,0
run_20260625_112527,2026-06-25 11:25:27.354880+00:00,0.03758516,LOW,15.0,1,1
run_20260625_112527,2026-06-25 11:25:27.354880+00:00,0.7470619,HIGH,2.0,4,0
run_20260625_112527,2026-06-25 11:25:27.354880+00:00,0.9534452,HIGH,15.0,4,1
run_20260625_112527,2026-06-25 11:25:27.354880+00:00,0.09798349,LOW,15.0,5,0
run_20260625_112527,2026-06-25 11:25:27.354880+00:00,0.9610505,HIGH,2.0,5,1
run_20260625_112527,2026-06-25 11:25:27.354880+00:00,0.0031034197,LOW,28.0,5,1
run_20260625_112527,2026-06-25 11:25:27.354880+00:00,0.067975596,LOW,11.0,4,1
run_20260625_112527,2026-06-25 11:25:27.354880+00:00,0.1533847,LOW,9.0,4,0
run_20260625_112527,2026-06-25 11:25:27.354880+00:00,0.027964106,LOW,16.0,2,0
run_20260625_112527,2026-06-25 11:25:27.354880+00:00,0.04052987,LOW,12.0,2,0
run_20260625_112527,2026-06-25 11:25:27.354880+00:00,0.03358765,LOW,11.0,3,0
run_20260625_112527,2026-06-25 11:25:27.354880+00:00,0.0019235929,LOW,17.0,5,0
run_20260625_112527,2026-06-25 11:25:27.354880+00:00,0.21091121,LOW,5.0,4,0
run_20260625_112527,2026-06-25 11:25:27.354880+00:00,0.96912664,HIGH,0.0,1,0
run_20260625_112527,2026-06-25 11:25:27.354880+00:00,0.00250731,LOW,4.0,3,0
run_20260625_112527,2026-06-25 11:25:27.354880+00:00,0.4895945,MEDIUM,1.0,5,0
run_20260625_112527,2026-06-25 11:25:27.354880+00:00,0.003872471,LOW,12.0,3,0
run_20260625_112527,2026-06-25 11:25:27.354880+00:00,0.0002803689,LOW,26.0,3,0
run_20260625_112527,2026-06-25 11:25:27.354880+00:00,0.24724023,LOW,14.0,4,1
run_20260625_112527,2026-06-25 11:25:27.354880+00:00,0.69012237,MEDIUM,1.0,1,1
run_20260625_112527,2026-06-25 11:25:27.354880+00:00,0.011604344,LOW,4.0,1,0
run_20260625_112527,2026-06-25 11:25:27.354880+00:00,0.09695972,LOW,14.0,2,1
run_20260625_112527,2026-06-25 11:25:27.354880+00:00,0.81283283,HIGH,,3,0
run_20260625_112527,2026-06-25 11:25:27.354880+00:00,0.043936104,LOW,15.0,1,0
run_20260625_112527,2026-06-25 11:25:27.354880+00:00,0.00680865,LOW,10.0,2,0
run_20260625_112527,2026-06-25 11:25:27.354880+00:00,0.13567168,LOW,19.0,1,0
run_20260625_112527,2026-06-25 11:25:27.354880+00:00,0.08518117,LOW,6.0,1,0
run_20260625_112527,2026-06-25 11:25:27.354880+00:00,0.0008046735,LOW,22.0,1,0
run_20260625_112527,2026-06-25 11:25:27.354880+00:00,0.20318931,LOW,14.0,2,1
run_20260625_112527,2026-06-25 11:25:27.354880+00:00,0.03092946,LOW,20.0,5,1
run_20260625_112527,2026-06-25 11:25:27.354880+00:00,0.001661386,LOW,25.0,4,0
run_20260625_112527,2026-06-25 11:25:27.354880+00:00,0.03276541,LOW,10.0,3,0
run_20260625_112527,2026-06-25 11:25:27.354880+00:00,0.00041605916,LOW,26.0,1,0
run_20260625_112527,2026-06-25 11:25:27.354880+00:00,0.0020889123,LOW,28.0,3,0
run_20260625_112527,2026-06-25 11:25:27.354880+00:00,0.019119324,LOW,8.0,2,0
run_20260625_112527,2026-06-25 11:25:27.354880+00:00,0.00059631374,LOW,30.0,3,1
run_20260625_112527,2026-06-25 11:25:27.354880+00:00,0.9941836,HIGH,6.0,3,1
run_20260625_112527,2026-06-25 11:25:27.354880+00:00,0.0029347355,LOW,2.0,5,0
